{
	"$Title":	"[ROOT] Biome",
	"$Position":	{
		"$x":	-3393,
		"$y":	-4144
	},
	"Name":	"Hills",
	"Terrain":	{
		"$Position":	{
			"$x":	-2523,
			"$y":	-5321
		},
		"Type":	"DAOTerrain",
		"Density":	{
			"$Position":	{
				"$x":	-2229,
				"$y":	-5320
			},
			"Type":	"Sum",
			"Skip":	false,
			"Inputs":	[{
					"$Position":	{
						"$x":	-1551,
						"$y":	-5315
					},
					"Type":	"SimplexNoise2D",
					"Skip":	false,
					"Lacunarity":	1,
					"Persistence":	1,
					"Octaves":	1,
					"Scale":	300,
					"Seed":	"Base-Terrain",
					"CacheSize":	16
				}, {
					"$Position":	{
						"$x":	-1552,
						"$y":	-4910
					},
					"Type":	"CurveMapper",
					"Skip":	false,
					"Curve":	{
						"$Position":	{
							"$x":	-899,
							"$y":	-4635
						},
						"Type":	"Manual",
						"Points":	[{
								"$Position":	{
									"$x":	-291,
									"$y":	-4841
								},
								"In":	100,
								"Out":	1
							}, {
								"$Position":	{
									"$x":	-288,
									"$y":	-4649
								},
								"In":	150,
								"Out":	-1
							}]
					},
					"Inputs":	[{
							"$Position":	{
								"$x":	-891,
								"$y":	-4917
							},
							"Type":	"BaseHeight",
							"Skip":	false,
							"BaseHeightName":	"Base",
							"Distance":	true
						}]
				}]
		}
	},
	"MaterialProvider":	{
		"$Position":	{
			"$x":	-2375,
			"$y":	-4366
		},
		"Type":	"Solidity",
		"Solid":	{
			"$Position":	{
				"$x":	-1576,
				"$y":	-4334
			},
			"Type":	"Queue",
			"Queue":	[{
					"$Position":	{
						"$x":	-772,
						"$y":	-4288
					},
					"Type":	"Constant",
					"Material":	{
						"$Position":	{
							"$x":	-137,
							"$y":	-4293
						},
						"Solid":	"Soil_Dirt"
					}
				}]
		},
		"Empty":	{
			"$Comment":	"REQUIRED",
			"$Position":	{
				"$x":	-1573,
				"$y":	-4041
			},
			"Type":	"Constant",
			"Material":	{
				"$Position":	{
					"$x":	-928,
					"$y":	-4023
				},
				"Solid":	"Empty"
			}
		}
	},
	"Props":	[{
			"$Position":	{
				"$x":	-2494,
				"$y":	-3635
			},
			"Skip":	false,
			"Runtime":	0,
			"Positions":	{
				"$Position":	{
					"$x":	-1934,
					"$y":	-3688
				},
				"Type":	"Mesh2D",
				"Skip":	false,
				"PointsY":	0,
				"PointGenerator":	{
					"$Position":	{
						"$x":	-1255,
						"$y":	-3694
					},
					"Type":	"Mesh",
					"Jitter":	0.4,
					"ScaleX":	20,
					"ScaleY":	20,
					"ScaleZ":	20,
					"Seed":	"A"
				}
			},
			"Assignments":	{
				"$Position":	{
					"$x":	-1950,
					"$y":	-3406
				},
				"Type":	"Constant",
				"Prop":	{
					"$Position":	{
						"$x":	-1353,
						"$y":	-3399
					},
					"Type":	"Prefab",
					"Skip":	false,
					"WeightedPrefabPaths":	[{
							"$Position":	{
								"$x":	-574,
								"$y":	-3437
							},
							"Path":	"Rock_Formations/Rocks/Stone/Large",
							"Weight":	1
						}],
					"LegacyPath":	false,
					"LoadEntities":	true,
					"Directionality":	{
						"$Position":	{
							"$x":	-568,
							"$y":	-3269
						},
						"Type":	"Static",
						"Rotation":	0,
						"Pattern":	{
							"$Position":	{
								"$x":	55,
								"$y":	-3296
							},
							"Type":	"Floor",
							"Skip":	false,
							"Origin":	{
								"$Position":	{
									"$x":	689,
									"$y":	-3282
								},
								"Type":	"BlockType",
								"Skip":	false,
								"Material":	{
									"$Position":	{
										"$x":	1347,
										"$y":	-3270
									},
									"Solid":	"Empty"
								}
							},
							"Floor":	{
								"$Position":	{
									"$x":	680,
									"$y":	-3029
								},
								"Type":	"BlockType",
								"Skip":	false,
								"Material":	{
									"$Position":	{
										"$x":	1301,
										"$y":	-3036
									},
									"Solid":	"Soil_Dirt"
								}
							}
						}
					},
					"Scanner":	{
						"$Position":	{
							"$x":	-583,
							"$y":	-3091
						},
						"Type":	"ColumnLinear",
						"Skip":	false,
						"MaxY":	150,
						"MinY":	100,
						"RelativeToPosition":	false,
						"BaseHeightName":	"Base",
						"TopDownOrder":	true,
						"ResultCap":	1
					},
					"BlockMask":	{
						"$Position":	{
							"$x":	-670,
							"$y":	-2690
						},
						"DontReplace":	{
							"$Position":	{
								"$x":	-450,
								"$y":	-2606
							},
							"Inclusive":	false,
							"Materials":	[{
									"$Position":	{
										"$x":	69,
										"$y":	-2618
									},
									"Solid":	"Soil_Dirt"
								}]
						}
					},
					"MoldingDirection":	"None",
					"MoldingChildren":	false
				}
			}
		}],
	"$WorkspaceID":	"HytaleGenerator - Biome",
	"$Groups":	[{
			"$Position":	{
				"$x":	-1644.1875,
				"$y":	-24301.8125
			},
			"$width":	6836.0625,
			"$height":	8446.875,
			"$name":	"Terrain"
		}]
}