{
	"$Title":	"[ROOT] Biome",
	"$Position":	{
		"$x":	-3047,
		"$y":	-4361
	},
	"Name":	"Hills",
	"Terrain":	{
		"$Position":	{
			"$x":	-2352,
			"$y":	-5287
		},
		"Type":	"DAOTerrain",
		"Density":	{
			"$Position":	{
				"$x":	-2058,
				"$y":	-5286
			},
			"Type":	"Sum",
			"Skip":	false,
			"Inputs":	[{
					"$Position":	{
						"$x":	-1421,
						"$y":	-5686
					},
					"Type":	"SimplexNoise2D",
					"Skip":	false,
					"Lacunarity":	1,
					"Persistence":	1,
					"Octaves":	1,
					"Scale":	300,
					"Seed":	"Base-Terrain",
					"CacheSize":	16
				}, {
					"$Position":	{
						"$x":	-1422,
						"$y":	-5281
					},
					"Type":	"CurveMapper",
					"Skip":	false,
					"Curve":	{
						"$Position":	{
							"$x":	-769,
							"$y":	-5006
						},
						"Type":	"Manual",
						"Points":	[{
								"$Position":	{
									"$x":	-161,
									"$y":	-5212
								},
								"In":	100,
								"Out":	1
							}, {
								"$Position":	{
									"$x":	-158,
									"$y":	-5020
								},
								"In":	150,
								"Out":	-1
							}]
					},
					"Inputs":	[{
							"$Position":	{
								"$x":	-761,
								"$y":	-5288
							},
							"Type":	"BaseHeight",
							"Skip":	false,
							"BaseHeightName":	"Base",
							"Distance":	true
						}]
				}]
		}
	},
	"MaterialProvider":	{
		"$Position":	{
			"$x":	-2375,
			"$y":	-4366
		},
		"Type":	"Solidity",
		"Solid":	{
			"$Position":	{
				"$x":	-1694,
				"$y":	-4367
			},
			"Type":	"Queue",
			"Queue":	[{
					"$Position":	{
						"$x":	-1069,
						"$y":	-4368
					},
					"Type":	"Constant",
					"Material":	{
						"$Position":	{
							"$x":	-434,
							"$y":	-4373
						},
						"Solid":	"Soil_Dirt"
					}
				}]
		},
		"Empty":	{
			"$Position":	{
				"$x":	-1699,
				"$y":	-4175
			},
			"Type":	"Queue",
			"Queue":	[{
					"$Position":	{
						"$x":	-1041,
						"$y":	-4107
					},
					"Type":	"SimpleHorizontal",
					"BaseHeight":	"Base",
					"TopY":	125,
					"BottomY":	50,
					"Material":	{
						"$Position":	{
							"$x":	-403,
							"$y":	-4086
						},
						"Type":	"Constant",
						"Material":	{
							"$Position":	{
								"$x":	229,
								"$y":	-4071
							},
							"Fluid":	"Water_Source"
						}
					}
				}, {
					"$Comment":	"REQUIRED",
					"$Position":	{
						"$x":	-1039,
						"$y":	-3794
					},
					"Type":	"Constant",
					"Material":	{
						"$Position":	{
							"$x":	-390,
							"$y":	-3799
						},
						"Solid":	"Empty"
					}
				}]
		}
	},
	"Props":	[{
			"$Position":	{
				"$x":	-2355,
				"$y":	-3040
			},
			"Skip":	false,
			"Runtime":	0,
			"Positions":	{
				"$Position":	{
					"$x":	-1795,
					"$y":	-3093
				},
				"Type":	"Mesh2D",
				"Skip":	false,
				"PointsY":	0,
				"PointGenerator":	{
					"$Position":	{
						"$x":	-1116,
						"$y":	-3099
					},
					"Type":	"Mesh",
					"Jitter":	0.4,
					"ScaleX":	20,
					"ScaleY":	20,
					"ScaleZ":	20,
					"Seed":	"A"
				}
			},
			"Assignments":	{
				"$Position":	{
					"$x":	-1811,
					"$y":	-2811
				},
				"Type":	"Constant",
				"Prop":	{
					"$Position":	{
						"$x":	-1214,
						"$y":	-2804
					},
					"Type":	"Prefab",
					"Skip":	false,
					"WeightedPrefabPaths":	[{
							"$Position":	{
								"$x":	-435,
								"$y":	-2842
							},
							"Path":	"Rock_Formations/Rocks/Stone/Large",
							"Weight":	1
						}],
					"LegacyPath":	false,
					"LoadEntities":	true,
					"Directionality":	{
						"$Position":	{
							"$x":	-429,
							"$y":	-2674
						},
						"Type":	"Static",
						"Rotation":	0,
						"Pattern":	{
							"$Position":	{
								"$x":	193,
								"$y":	-2701
							},
							"Type":	"Floor",
							"Skip":	false,
							"Origin":	{
								"$Position":	{
									"$x":	827,
									"$y":	-2687
								},
								"Type":	"BlockType",
								"Skip":	false,
								"Material":	{
									"$Position":	{
										"$x":	1485,
										"$y":	-2675
									},
									"Fluid":	"Water_Source"
								}
							},
							"Floor":	{
								"$Position":	{
									"$x":	818,
									"$y":	-2434
								},
								"Type":	"BlockType",
								"Skip":	false,
								"Material":	{
									"$Position":	{
										"$x":	1439,
										"$y":	-2441
									},
									"Solid":	"Soil_Dirt"
								}
							}
						}
					},
					"Scanner":	{
						"$Position":	{
							"$x":	-444,
							"$y":	-2496
						},
						"Type":	"ColumnLinear",
						"Skip":	false,
						"MaxY":	150,
						"MinY":	100,
						"RelativeToPosition":	false,
						"BaseHeightName":	"Base",
						"TopDownOrder":	true,
						"ResultCap":	1
					},
					"BlockMask":	{
						"$Position":	{
							"$x":	-531,
							"$y":	-2095
						},
						"DontReplace":	{
							"$Position":	{
								"$x":	-311,
								"$y":	-2033
							},
							"Inclusive":	true,
							"Materials":	[{
									"$Position":	{
										"$x":	188,
										"$y":	-2024
									},
									"Solid":	"Soil_Dirt"
								}]
						}
					},
					"MoldingDirection":	"None",
					"MoldingChildren":	false
				}
			}
		}],
	"$WorkspaceID":	"HytaleGenerator - Biome",
	"$Groups":	[{
			"$Position":	{
				"$x":	-1644.1875,
				"$y":	-24301.8125
			},
			"$width":	6836.0625,
			"$height":	8446.875,
			"$name":	"Terrain"
		}]
}