{
	"$Title":	"[ROOT] Biome",
	"$Position":	{
		"$x":	-3898,
		"$y":	-4139
	},
	"Name":	"Basic",
	"Terrain":	{
		"$Position":	{
			"$x":	-3019,
			"$y":	-5399
		},
		"Type":	"DAOTerrain",
		"Density":	{
			"$Position":	{
				"$x":	-2843,
				"$y":	-5373
			},
			"Type":	"Sum",
			"Skip":	false,
			"Inputs":	[{
					"$Position":	{
						"$x":	-960,
						"$y":	-8013
					},
					"Type":	"Mix",
					"Skip":	false,
					"Inputs":	[{
							"$Position":	{
								"$x":	-325,
								"$y":	-8007
							},
							"Type":	"Normalizer",
							"Skip":	false,
							"FromMin":	0,
							"FromMax":	1,
							"ToMin":	-0.1,
							"ToMax":	0.1,
							"Inputs":	[{
									"$Position":	{
										"$x":	313,
										"$y":	-7990
									},
									"Type":	"Rotator",
									"Skip":	false,
									"SpinAngle":	15,
									"NewYAxis":	{
										"$Position":	{
											"$x":	1028,
											"$y":	-7722
										},
										"X":	0,
										"Y":	1,
										"Z":	0
									},
									"Inputs":	[{
											"$Position":	{
												"$x":	970,
												"$y":	-7988
											},
											"Type":	"Abs",
											"Skip":	false,
											"Inputs":	[{
													"$Position":	{
														"$x":	1576,
														"$y":	-7986
													},
													"Type":	"Scale",
													"Skip":	false,
													"ScaleX":	1,
													"ScaleY":	1,
													"ScaleZ":	3,
													"Inputs":	[{
															"$Position":	{
																"$x":	2167,
																"$y":	-7989
															},
															"Type":	"SimplexNoise2D",
															"Skip":	false,
															"Lacunarity":	1,
															"Persistence":	1,
															"Octaves":	1,
															"Scale":	20,
															"Seed":	"A",
															"CacheSize":	16
														}]
												}]
										}]
								}]
						}, {
							"$Position":	{
								"$x":	-282,
								"$y":	-7605
							},
							"Type":	"Constant",
							"Skip":	false,
							"Value":	0
						}, {
							"$Position":	{
								"$x":	-336,
								"$y":	-7310
							},
							"Type":	"Normalizer",
							"Skip":	false,
							"FromMin":	0,
							"FromMax":	60,
							"ToMin":	0,
							"ToMax":	1,
							"Inputs":	[{
									"$Position":	{
										"$x":	259,
										"$y":	-7314
									},
									"Type":	"Gradient",
									"Skip":	false,
									"SampleRange":	1,
									"Axis":	{
										"$Position":	{
											"$x":	959,
											"$y":	-7140
										},
										"X":	0,
										"Y":	0.01,
										"Z":	1
									},
									"Inputs":	[{
											"$Position":	{
												"$x":	926,
												"$y":	-7304
											},
											"Type":	"Imported",
											"Skip":	false,
											"Name":	"Example-Mixer-Gradient-Terrain"
										}]
								}]
						}]
				}, {
					"$Position":	{
						"$x":	-1001,
						"$y":	-6696
					},
					"Type":	"Mix",
					"Skip":	false,
					"Inputs":	[{
							"$Position":	{
								"$x":	-328,
								"$y":	-6695
							},
							"Type":	"Normalizer",
							"Skip":	false,
							"FromMin":	0,
							"FromMax":	1,
							"ToMin":	-0.1,
							"ToMax":	0.1,
							"Inputs":	[{
									"$Position":	{
										"$x":	301,
										"$y":	-6692
									},
									"Type":	"Rotator",
									"Skip":	false,
									"SpinAngle":	10,
									"NewYAxis":	{
										"$Position":	{
											"$x":	1016,
											"$y":	-6424
										},
										"X":	0,
										"Y":	1,
										"Z":	0
									},
									"Inputs":	[{
											"$Position":	{
												"$x":	960,
												"$y":	-6683
											},
											"Type":	"Abs",
											"Skip":	false,
											"Inputs":	[{
													"$Position":	{
														"$x":	1566,
														"$y":	-6683
													},
													"Type":	"Scale",
													"Skip":	false,
													"ScaleX":	3,
													"ScaleY":	1,
													"ScaleZ":	1,
													"Inputs":	[{
															"$Position":	{
																"$x":	2157,
																"$y":	-6688
															},
															"Type":	"SimplexNoise2D",
															"Skip":	false,
															"Lacunarity":	1,
															"Persistence":	1,
															"Octaves":	1,
															"Scale":	20,
															"Seed":	"B",
															"CacheSize":	16
														}]
												}]
										}]
								}]
						}, {
							"$Position":	{
								"$x":	-304,
								"$y":	-6300
							},
							"Type":	"Constant",
							"Skip":	false,
							"Value":	0
						}, {
							"$Position":	{
								"$x":	-358,
								"$y":	-6005
							},
							"Type":	"Normalizer",
							"Skip":	false,
							"FromMin":	0,
							"FromMax":	60,
							"ToMin":	0,
							"ToMax":	1,
							"Inputs":	[{
									"$Position":	{
										"$x":	238,
										"$y":	-6009
									},
									"Type":	"Gradient",
									"Skip":	false,
									"SampleRange":	1,
									"Axis":	{
										"$Position":	{
											"$x":	938,
											"$y":	-5835
										},
										"X":	1,
										"Y":	0.01,
										"Z":	0
									},
									"Inputs":	[{
											"$Position":	{
												"$x":	905,
												"$y":	-5999
											},
											"Type":	"Imported",
											"Skip":	false,
											"Name":	"Example-Mixer-Gradient-Terrain"
										}]
								}]
						}]
				}, {
					"$Position":	{
						"$x":	-835,
						"$y":	-5432
					},
					"Type":	"Sum",
					"ExportAs":	"Example-Mixer-Gradient-Terrain",
					"Skip":	false,
					"Inputs":	[{
							"$Position":	{
								"$x":	491,
								"$y":	-5440
							},
							"Type":	"SimplexNoise2D",
							"Skip":	false,
							"Lacunarity":	1,
							"Persistence":	1,
							"Octaves":	1,
							"Scale":	250,
							"Seed":	"A",
							"CacheSize":	16
						}, {
							"$Position":	{
								"$x":	-206,
								"$y":	-4954
							},
							"Type":	"CurveMapper",
							"Skip":	false,
							"Curve":	{
								"$Position":	{
									"$x":	465,
									"$y":	-4679
								},
								"Type":	"Manual",
								"Points":	[{
										"$Position":	{
											"$x":	1124,
											"$y":	-4700
										},
										"In":	50,
										"Out":	1
									}, {
										"$Position":	{
											"$x":	1119,
											"$y":	-4535
										},
										"In":	250,
										"Out":	-1
									}]
							},
							"Inputs":	[{
									"$Position":	{
										"$x":	473,
										"$y":	-4961
									},
									"Type":	"BaseHeight",
									"Skip":	false,
									"BaseHeightName":	"Base",
									"Distance":	true
								}]
						}]
				}]
		}
	},
	"MaterialProvider":	{
		"$Position":	{
			"$x":	-3023,
			"$y":	-4136
		},
		"Type":	"Solidity",
		"Solid":	{
			"$Position":	{
				"$x":	-1719,
				"$y":	-4109
			},
			"Type":	"Queue",
			"Queue":	[{
					"$Position":	{
						"$x":	-915,
						"$y":	-4063
					},
					"Type":	"Constant",
					"Material":	{
						"$Position":	{
							"$x":	-268,
							"$y":	-4067
						},
						"Solid":	"Soil_Dirt"
					}
				}]
		},
		"Empty":	{
			"$Comment":	"REQUIRED",
			"$Position":	{
				"$x":	-1716,
				"$y":	-3816
			},
			"Type":	"Constant",
			"Material":	{
				"$Position":	{
					"$x":	-1092,
					"$y":	-3794
				},
				"Solid":	"Empty"
			}
		}
	},
	"$WorkspaceID":	"HytaleGenerator - Biome",
	"$Groups":	[{
			"$Position":	{
				"$x":	-1644.1875,
				"$y":	-24301.8125
			},
			"$width":	6836.0625,
			"$height":	8446.875,
			"$name":	"Terrain"
		}, {
			"$Position":	{
				"$x":	-1646.1875,
				"$y":	-8121
			},
			"$width":	3797.75,
			"$height":	1248.875,
			"$name":	"North / South Gradient Texture"
		}, {
			"$Position":	{
				"$x":	-1631.625,
				"$y":	-6845.3125
			},
			"$width":	3787.875,
			"$height":	1275.6875,
			"$name":	"East / West Gradient Texture"
		}, {
			"$Position":	{
				"$x":	-919.625,
				"$y":	-5516.5625
			},
			"$width":	2469,
			"$height":	1182.9375,
			"$name":	"Base Terrain Field"
		}]
}