{
	"$Title":	"[ROOT] Biome",
	"$Position":	{
		"$x":	-4228,
		"$y":	-4226
	},
	"Name":	"Interpolation_B",
	"Terrain":	{
		"$Position":	{
			"$x":	-3321,
			"$y":	-4971
		},
		"Type":	"DAOTerrain",
		"Density":	{
			"$Position":	{
				"$x":	-3089,
				"$y":	-4991
			},
			"Type":	"CurveMapper",
			"Skip":	false,
			"Curve":	{
				"$Position":	{
					"$x":	-2442,
					"$y":	-4943
				},
				"Type":	"Manual",
				"Points":	[{
						"$Position":	{
							"$x":	-1795,
							"$y":	-5173
						},
						"In":	140,
						"Out":	1
					}, {
						"$Position":	{
							"$x":	-1794,
							"$y":	-4819
						},
						"In":	170,
						"Out":	-1
					}]
			},
			"Inputs":	[{
					"$Position":	{
						"$x":	-2477,
						"$y":	-5201
					},
					"Type":	"YValue",
					"Skip":	false
				}]
		}
	},
	"MaterialProvider":	{
		"$Position":	{
			"$x":	-3132,
			"$y":	-4137
		},
		"Type":	"Solidity",
		"Solid":	{
			"$Position":	{
				"$x":	-2333,
				"$y":	-4105
			},
			"Type":	"Queue",
			"Queue":	[{
					"$Position":	{
						"$x":	-1703,
						"$y":	-4115
					},
					"Type":	"Constant",
					"Material":	{
						"$Position":	{
							"$x":	-1060,
							"$y":	-4123
						},
						"Solid":	"Soil_Grass"
					}
				}]
		},
		"Empty":	{
			"$Comment":	"REQUIRED",
			"$Position":	{
				"$x":	-2330,
				"$y":	-3812
			},
			"Type":	"Constant",
			"Material":	{
				"$Position":	{
					"$x":	-1634,
					"$y":	-3783
				},
				"Solid":	"Empty"
			}
		}
	},
	"EnvironmentProvider":	{
		"$Position":	{
			"$x":	-3315,
			"$y":	-3714
		},
		"Type":	"Constant",
		"Environment":	"Zone1_Overground"
	},
	"TintProvider":	{
		"$Position":	{
			"$x":	-3283,
			"$y":	-3483
		},
		"Type":	"Constant",
		"Color":	"#5b9e28"
	},
	"$WorkspaceID":	"HytaleGenerator - Biome",
	"$Groups":	[]
}