{
  "Tags": {
    "Zone4": [
    ]
  },
  "Stars": "Sky/Stars.png",
  "Moons": [
    {
      "Day": 0,
      "Texture": "Sky/MoonCycle/Moon_Full.png"
    },
    {
      "Day": 1,
      "Texture": "Sky/MoonCycle/Moon_Gibbous.png"
    },
    {
      "Day": 2,
      "Texture": "Sky/MoonCycle/Moon_Half.png"
    },
    {
      "Day": 3,
      "Texture": "Sky/MoonCycle/Moon_Crescent.png"
    },
    {
      "Day": 4,
      "Texture": "Sky/MoonCycle/Moon_New.png"
    }
  ],
  "Clouds": [
    {
      "Texture": "Sky/Clouds/Void_Highlights.png",
      "Colors": [
        {
          "Hour": 3,
          "Color": "rgba(#b7394b, 0.863)"
        },
        {
          "Hour": 5,
          "Color": "rgba(#7aae37, 0.198)"
        },
        {
          "Hour": 19,
          "Color": "rgba(#268c87, 0.494)"
        },
        {
          "Hour": 21,
          "Color": "rgba(#b7394b, 0.337)"
        },
        {
          "Hour": 17,
          "Color": "rgba(#582a38, 0.43)"
        },
        {
          "Hour": 7,
          "Color": "rgba(#582a38, 0.435)"
        }
      ],
      "Speeds": [
        {
          "Hour": 0,
          "Value": 0.7
        },
        {
          "Hour": 1,
          "Value": 0.7
        },
        {
          "Hour": 2,
          "Value": 0.7
        },
        {
          "Hour": 3,
          "Value": 0.7
        },
        {
          "Hour": 4,
          "Value": 0.7
        },
        {
          "Hour": 5,
          "Value": 0.7
        },
        {
          "Hour": 6,
          "Value": 0.7
        },
        {
          "Hour": 7,
          "Value": 0.7
        },
        {
          "Hour": 8,
          "Value": 0.7
        },
        {
          "Hour": 9,
          "Value": 0.7
        },
        {
          "Hour": 10,
          "Value": 0.7
        },
        {
          "Hour": 11,
          "Value": 0.7
        },
        {
          "Hour": 12,
          "Value": 0.7
        },
        {
          "Hour": 13,
          "Value": 0.7
        },
        {
          "Hour": 14,
          "Value": 0.7
        },
        {
          "Hour": 15,
          "Value": 0.7
        },
        {
          "Hour": 16,
          "Value": 0.7
        },
        {
          "Hour": 17,
          "Value": 0.7
        },
        {
          "Hour": 18,
          "Value": 0.7
        },
        {
          "Hour": 19,
          "Value": 0.7
        },
        {
          "Hour": 20,
          "Value": 0.7
        },
        {
          "Hour": 21,
          "Value": 0.7
        },
        {
          "Hour": 22,
          "Value": 0.7
        },
        {
          "Hour": 23,
          "Value": 0.7
        }
      ]
    },
    {
      "Texture": "Sky/Clouds/Void_Base.png",
      "Colors": [
        {
          "Hour": 3,
          "Color": "rgba(#161423, 0.848)"
        },
        {
          "Hour": 5,
          "Color": "rgba(#473054, 0.84)"
        },
        {
          "Hour": 19,
          "Color": "rgba(#180d1e, 0.58)"
        },
        {
          "Hour": 21,
          "Color": "rgba(#161423, 0.837)"
        },
        {
          "Hour": 17,
          "Color": "rgba(#211f37, 0.88)"
        },
        {
          "Hour": 7,
          "Color": "rgba(#211f37, 0.879)"
        }
      ],
      "Speeds": [
        {
          "Hour": 0,
          "Value": 0.7
        },
        {
          "Hour": 1,
          "Value": 0.7
        },
        {
          "Hour": 2,
          "Value": 0.7
        },
        {
          "Hour": 3,
          "Value": 0.7
        },
        {
          "Hour": 4,
          "Value": 0.7
        },
        {
          "Hour": 5,
          "Value": 0.7
        },
        {
          "Hour": 6,
          "Value": 0.7
        },
        {
          "Hour": 7,
          "Value": 0.7
        },
        {
          "Hour": 8,
          "Value": 0.7
        },
        {
          "Hour": 9,
          "Value": 0.7
        },
        {
          "Hour": 10,
          "Value": 0.7
        },
        {
          "Hour": 11,
          "Value": 0.7
        },
        {
          "Hour": 12,
          "Value": 0.7
        },
        {
          "Hour": 13,
          "Value": 0.7
        },
        {
          "Hour": 14,
          "Value": 0.7
        },
        {
          "Hour": 15,
          "Value": 0.7
        },
        {
          "Hour": 16,
          "Value": 0.7
        },
        {
          "Hour": 17,
          "Value": 0.7
        },
        {
          "Hour": 18,
          "Value": 0.7
        },
        {
          "Hour": 19,
          "Value": 0.7
        },
        {
          "Hour": 20,
          "Value": 0.7
        },
        {
          "Hour": 21,
          "Value": 0.7
        },
        {
          "Hour": 22,
          "Value": 0.7
        },
        {
          "Hour": 23,
          "Value": 0.7
        }
      ]
    }
  ],
  "SkyTopColors": [
    {
      "Hour": 3,
      "Color": "rgba(#050b1c, 0.822)"
    },
    {
      "Hour": 17,
      "Color": "rgba(#2f546f, 1)"
    },
    {
      "Hour": 21,
      "Color": "rgba(#050b1c, 0.769)"
    },
    {
      "Hour": 7,
      "Color": "rgba(#2f406f, 1)"
    }
  ],
  "SkySunsetColors": [
    {
      "Hour": 3,
      "Color": "#e32c4e00"
    },
    {
      "Hour": 5,
      "Color": "rgba(#a4c764, 0.619)"
    },
    {
      "Hour": 7,
      "Color": "#52d5e400"
    },
    {
      "Hour": 17,
      "Color": "#52d5e400"
    },
    {
      "Hour": 19,
      "Color": "rgba(#64c7c7, 0.374)"
    },
    {
      "Hour": 21,
      "Color": "#e32c4e00"
    }
  ],
  "SunColors": [
    {
      "Hour": 7,
      "Color": "#f4e4c2"
    },
    {
      "Hour": 17,
      "Color": "#a6fff5"
    },
    {
      "Hour": 19,
      "Color": "#e4fcff"
    }
  ],
  "SunGlowColors": [
    {
      "Hour": 7,
      "Color": "rgba(#a5fda7, 0.763)"
    },
    {
      "Hour": 17,
      "Color": "rgba(#a5fda7, 0.76)"
    },
    {
      "Hour": 19,
      "Color": "rgba(#b3fffd, 0.796)"
    }
  ],
  "MoonColors": [
    {
      "Hour": 21,
      "Color": "rgba(#eba1ab, 1)"
    },
    {
      "Hour": 19,
      "Color": "#ffa75518"
    },
    {
      "Hour": 7,
      "Color": "#ffa75500"
    },
    {
      "Hour": 5,
      "Color": "rgba(#eba1ab, 1)"
    }
  ],
  "MoonGlowColors": [
    {
      "Hour": 19,
      "Color": "#ff651300"
    },
    {
      "Hour": 21,
      "Color": "rgba(#8d3b64, 1)"
    },
    {
      "Hour": 5,
      "Color": "rgba(#8d3b64, 1)"
    },
    {
      "Hour": 7,
      "Color": "#802e1800"
    }
  ],
  "FogDistance": [
    -96,
    1024
  ],
  "FogColors": [
    {
      "Hour": 21,
      "Color": "#252831"
    },
    {
      "Hour": 3,
      "Color": "#312529"
    },
    {
      "Hour": 7,
      "Color": "#658175"
    },
    {
      "Hour": 17,
      "Color": "#658175"
    }
  ],
  "SunScales": [
    {
      "Hour": 0,
      "Value": 1.3
    },
    {
      "Hour": 1,
      "Value": 1.3
    },
    {
      "Hour": 2,
      "Value": 1.3
    },
    {
      "Hour": 3,
      "Value": 1.3
    },
    {
      "Hour": 4,
      "Value": 1.3
    },
    {
      "Hour": 5,
      "Value": 1.3
    },
    {
      "Hour": 6,
      "Value": 1.3
    },
    {
      "Hour": 7,
      "Value": 1.3
    },
    {
      "Hour": 8,
      "Value": 1.3
    },
    {
      "Hour": 9,
      "Value": 1.3
    },
    {
      "Hour": 10,
      "Value": 1.3
    },
    {
      "Hour": 11,
      "Value": 1.3
    },
    {
      "Hour": 12,
      "Value": 1.3
    },
    {
      "Hour": 13,
      "Value": 1.3
    },
    {
      "Hour": 14,
      "Value": 1.3
    },
    {
      "Hour": 15,
      "Value": 1.3
    },
    {
      "Hour": 16,
      "Value": 1.3
    },
    {
      "Hour": 17,
      "Value": 1.3
    },
    {
      "Hour": 18,
      "Value": 1.3
    },
    {
      "Hour": 19,
      "Value": 1.3
    },
    {
      "Hour": 20,
      "Value": 1.3
    },
    {
      "Hour": 21,
      "Value": 1.3
    },
    {
      "Hour": 22,
      "Value": 1.3
    },
    {
      "Hour": 23,
      "Value": 1.3
    }
  ],
  "SunlightDampingMultipliers": [
    {
      "Hour": 0,
      "Value": 1
    },
    {
      "Hour": 1,
      "Value": 1
    },
    {
      "Hour": 2,
      "Value": 1
    },
    {
      "Hour": 3,
      "Value": 1
    },
    {
      "Hour": 4,
      "Value": 1
    },
    {
      "Hour": 5,
      "Value": 1
    },
    {
      "Hour": 6,
      "Value": 1
    },
    {
      "Hour": 7,
      "Value": 1
    },
    {
      "Hour": 8,
      "Value": 1
    },
    {
      "Hour": 9,
      "Value": 1
    },
    {
      "Hour": 10,
      "Value": 1
    },
    {
      "Hour": 11,
      "Value": 1
    },
    {
      "Hour": 12,
      "Value": 1
    },
    {
      "Hour": 13,
      "Value": 1
    },
    {
      "Hour": 14,
      "Value": 1
    },
    {
      "Hour": 15,
      "Value": 1
    },
    {
      "Hour": 16,
      "Value": 1
    },
    {
      "Hour": 17,
      "Value": 1
    },
    {
      "Hour": 18,
      "Value": 1
    },
    {
      "Hour": 19,
      "Value": 1
    },
    {
      "Hour": 20,
      "Value": 1
    },
    {
      "Hour": 21,
      "Value": 1
    },
    {
      "Hour": 22,
      "Value": 1
    },
    {
      "Hour": 23,
      "Value": 1
    }
  ],
  "MoonScales": [
    {
      "Hour": 0,
      "Value": 1.5
    },
    {
      "Hour": 1,
      "Value": 1.5
    },
    {
      "Hour": 2,
      "Value": 1.5
    },
    {
      "Hour": 3,
      "Value": 1.5
    },
    {
      "Hour": 4,
      "Value": 1.5
    },
    {
      "Hour": 5,
      "Value": 1.5
    },
    {
      "Hour": 6,
      "Value": 1.5
    },
    {
      "Hour": 7,
      "Value": 1.5
    },
    {
      "Hour": 8,
      "Value": 1.5
    },
    {
      "Hour": 9,
      "Value": 1.5
    },
    {
      "Hour": 10,
      "Value": 1.5
    },
    {
      "Hour": 11,
      "Value": 1.5
    },
    {
      "Hour": 12,
      "Value": 1.5
    },
    {
      "Hour": 13,
      "Value": 1.5
    },
    {
      "Hour": 14,
      "Value": 1.5
    },
    {
      "Hour": 15,
      "Value": 1.5
    },
    {
      "Hour": 16,
      "Value": 1.5
    },
    {
      "Hour": 17,
      "Value": 1.5
    },
    {
      "Hour": 18,
      "Value": 1.5
    },
    {
      "Hour": 19,
      "Value": 1.5
    },
    {
      "Hour": 20,
      "Value": 1.5
    },
    {
      "Hour": 21,
      "Value": 1.5
    },
    {
      "Hour": 22,
      "Value": 1.5
    },
    {
      "Hour": 23,
      "Value": 1.5
    }
  ],
  "Particle": {
    "SystemId": "BackendAshes"
  },
  "FogDensities": [
    {
      "Hour": 0,
      "Value": 0.6
    },
    {
      "Hour": 1,
      "Value": 0.6
    },
    {
      "Hour": 2,
      "Value": 0.6
    },
    {
      "Hour": 3,
      "Value": 0.6
    },
    {
      "Hour": 4,
      "Value": 0.6
    },
    {
      "Hour": 5,
      "Value": 0.6
    },
    {
      "Hour": 6,
      "Value": 0.6
    },
    {
      "Hour": 7,
      "Value": 0.6
    },
    {
      "Hour": 8,
      "Value": 0.6
    },
    {
      "Hour": 9,
      "Value": 0.6
    },
    {
      "Hour": 10,
      "Value": 0.6
    },
    {
      "Hour": 11,
      "Value": 0.6
    },
    {
      "Hour": 12,
      "Value": 0.6
    },
    {
      "Hour": 13,
      "Value": 0.6
    },
    {
      "Hour": 14,
      "Value": 0.6
    },
    {
      "Hour": 15,
      "Value": 0.6
    },
    {
      "Hour": 16,
      "Value": 0.6
    },
    {
      "Hour": 17,
      "Value": 0.6
    },
    {
      "Hour": 18,
      "Value": 0.6
    },
    {
      "Hour": 19,
      "Value": 0.6
    },
    {
      "Hour": 20,
      "Value": 0.6
    },
    {
      "Hour": 21,
      "Value": 0.6
    },
    {
      "Hour": 22,
      "Value": 0.6
    },
    {
      "Hour": 23,
      "Value": 0.6
    }
  ],
  "FogHeightFalloffs": [
    {
      "Hour": 0,
      "Value": 5
    },
    {
      "Hour": 1,
      "Value": 5
    },
    {
      "Hour": 2,
      "Value": 5
    },
    {
      "Hour": 3,
      "Value": 5
    },
    {
      "Hour": 4,
      "Value": 5
    },
    {
      "Hour": 5,
      "Value": 5
    },
    {
      "Hour": 6,
      "Value": 5
    },
    {
      "Hour": 7,
      "Value": 5
    },
    {
      "Hour": 8,
      "Value": 5
    },
    {
      "Hour": 9,
      "Value": 5
    },
    {
      "Hour": 10,
      "Value": 5
    },
    {
      "Hour": 11,
      "Value": 5
    },
    {
      "Hour": 12,
      "Value": 5
    },
    {
      "Hour": 13,
      "Value": 5
    },
    {
      "Hour": 14,
      "Value": 5
    },
    {
      "Hour": 15,
      "Value": 5
    },
    {
      "Hour": 16,
      "Value": 5
    },
    {
      "Hour": 17,
      "Value": 5
    },
    {
      "Hour": 18,
      "Value": 5
    },
    {
      "Hour": 19,
      "Value": 5
    },
    {
      "Hour": 20,
      "Value": 5
    },
    {
      "Hour": 21,
      "Value": 5
    },
    {
      "Hour": 22,
      "Value": 5
    },
    {
      "Hour": 23,
      "Value": 5
    }
  ]
}
