{
  "Type": "Variant",
  "Reference": "Template_Intelligent",
  "Modify": {
    "MaxHealth": 92,
    "HearingRange": 8,
    "ViewSector": 270,
    "WakingPeriod": [
      0,
      24
    ],
    "DropList": "Drop_Machine",
    "Appearance": "Backend_Model_Skeleton",
    "Weapons": [],
    "OffHand": [],
    "AttackDistance": 2,
    "DesiredAttackDistanceRange": [
      1,
      1.6
    ],
    "CombatBehaviorDistance": 3,
    "CombatStrafeWeight": 5,
    "CombatBackOffDistanceRange": [
      1,
      2
    ],
    "BlockProbability": 50,
    "BreathesInWater": true,
    "NameTranslationKey": {
      "Compute": "NameTranslationKey"
    }
  },
  "Parameters": {
    "NameTranslationKey": {
      "Value": "server.npcRoles.Skeleton.name",
      "Description": "Translation key for NPC name display"
    }
  }
}
