{
	"$Title":	"[ROOT] BlockMask",
	"$Position":	{
		"$x":	11345,
		"$y":	9915
	},
	"ExportAs":	"Taiga1_Trees",
	"DontPlace":	{
		"$Position":	{
			"$x":	12261,
			"$y":	11240
		},
		"Inclusive":	true,
		"Materials":	[{
				"$Position":	{
					"$x":	12742,
					"$y":	11091
				},
				"Solid":	"Wood_Ash_Roots"
			}, {
				"$Position":	{
					"$x":	12740,
					"$y":	11236
				},
				"Solid":	"Wood_Cedar_Roots"
			}, {
				"$Position":	{
					"$x":	12745,
					"$y":	11398
				},
				"Solid":	"Wood_Fir_Roots"
			}, {
				"$Position":	{
					"$x":	12741,
					"$y":	11558
				},
				"Solid":	"Wood_Redwood_Roots"
			}]
	},
	"DontReplace":	{
		"$Position":	{
			"$x":	12017,
			"$y":	9954
		},
		"Inclusive":	false,
		"Materials":	[{
				"$Position":	{
					"$x":	12498,
					"$y":	9951
				},
				"Solid":	"Empty"
			}, {
				"$Position":	{
					"$x":	12497,
					"$y":	10105
				},
				"Solid":	"Soil_Grass"
			}, {
				"$Position":	{
					"$x":	12499,
					"$y":	10266
				},
				"Solid":	"Soil_Leaves"
			}, {
				"$Position":	{
					"$x":	12500,
					"$y":	10418
				},
				"Solid":	"Soil_Needles"
			}, {
				"$Position":	{
					"$x":	12504,
					"$y":	10574
				},
				"Solid":	"Soil_Dirt"
			}, {
				"$Position":	{
					"$x":	12512,
					"$y":	10728
				},
				"Solid":	"Soil_Pathway"
			}, {
				"$Position":	{
					"$x":	12512,
					"$y":	10888
				},
				"Solid":	"Soil_Mud"
			}]
	},
	"$WorkspaceID":	"HytaleGenerator - BlockMask",
	"$Groups":	[]
}