{
	"$Title":	"[ROOT] Weighted Assignments",
	"$Position":	{
		"$x":	-2098,
		"$y":	6562
	},
	"Type":	"FieldFunction",
	"ExportAs":	"Boreal1_Henges_Bushes",
	"FieldFunction":	{
		"$Position":	{
			"$x":	-1290,
			"$y":	7240
		},
		"Type":	"SimplexNoise2D",
		"Skip":	false,
		"Lacunarity":	2,
		"Persistence":	0.5,
		"Octaves":	1,
		"Scale":	50,
		"Seed":	"1235"
	},
	"Delimiters":	[{
			"$Position":	{
				"$x":	-522,
				"$y":	-1566
			},
			"Max":	-0.6,
			"Min":	-1,
			"Assignments":	{
				"$Position":	{
					"$x":	-23,
					"$y":	-1547
				},
				"Type":	"Weighted",
				"SkipChance":	0,
				"Seed":	"A",
				"WeightedAssignments":	[{
						"$Position":	{
							"$x":	736,
							"$y":	-1547
						},
						"Weight":	1,
						"Assignments":	{
							"$Position":	{
								"$x":	1318,
								"$y":	-1567
							},
							"Type":	"Constant",
							"Prop":	{
								"$Position":	{
									"$x":	1974,
									"$y":	-1423
								},
								"Type":	"Prefab",
								"Skip":	false,
								"WeightedPrefabPaths":	[{
										"$Position":	{
											"$x":	2757,
											"$y":	-1449
										},
										"Path":	"Trees/Fir_Snow/Stage_3",
										"Weight":	1
									}],
								"LegacyPath":	false,
								"LoadEntities":	true,
								"Directionality":	{
									"$Position":	{
										"$x":	2744,
										"$y":	-1251
									},
									"Type":	"Random",
									"Seed":	"A",
									"Pattern":	{
										"$Position":	{
											"$x":	3396,
											"$y":	-1251
										},
										"Type":	"Imported",
										"Skip":	false,
										"Name":	"Boreal1_Henges_Trees_Pattern"
									}
								},
								"Scanner":	{
									"$Position":	{
										"$x":	2762,
										"$y":	-1091
									},
									"Type":	"ColumnLinear",
									"Skip":	false,
									"MaxY":	25,
									"MinY":	0,
									"RelativeToPosition":	false,
									"BaseHeightName":	"Base",
									"TopDownOrder":	false,
									"ResultCap":	1
								},
								"MoldingDirection":	"None",
								"MoldingChildren":	false
							}
						}
					}]
			}
		}, {
			"$Position":	{
				"$x":	-534,
				"$y":	170
			},
			"Max":	-0.6,
			"Min":	-0.75,
			"Assignments":	{
				"$Position":	{
					"$x":	-35,
					"$y":	189
				},
				"Type":	"Weighted",
				"SkipChance":	0,
				"Seed":	"A",
				"WeightedAssignments":	[{
						"$Position":	{
							"$x":	725,
							"$y":	189
						},
						"Weight":	1,
						"Assignments":	{
							"$Position":	{
								"$x":	1307,
								"$y":	169
							},
							"Type":	"Constant",
							"Prop":	{
								"$Position":	{
									"$x":	1963,
									"$y":	314
								},
								"Type":	"Prefab",
								"Skip":	false,
								"WeightedPrefabPaths":	[{
										"$Position":	{
											"$x":	2746,
											"$y":	288
										},
										"Path":	"Trees/Fir_Snow/Stage_1",
										"Weight":	1
									}],
								"LegacyPath":	false,
								"LoadEntities":	true,
								"Directionality":	{
									"$Position":	{
										"$x":	2733,
										"$y":	486
									},
									"Type":	"Random",
									"Seed":	"A",
									"Pattern":	{
										"$Position":	{
											"$x":	3413,
											"$y":	494
										},
										"Type":	"And",
										"ExportAs":	"Boreal1_Henges_Trees_Pattern",
										"Skip":	false,
										"Patterns":	[{
												"$Position":	{
													"$x":	4068,
													"$y":	492
												},
												"Type":	"Floor",
												"Skip":	false,
												"Origin":	{
													"$Position":	{
														"$x":	4716,
														"$y":	439
													},
													"Type":	"BlockSet",
													"Skip":	false,
													"BlockSet":	{
														"$Position":	{
															"$x":	5348,
															"$y":	444
														},
														"Inclusive":	true,
														"Materials":	[{
																"$Position":	{
																	"$x":	5879,
																	"$y":	428
																},
																"Solid":	"Empty"
															}]
													}
												},
												"Floor":	{
													"$Position":	{
														"$x":	4720,
														"$y":	618
													},
													"Type":	"BlockSet",
													"Skip":	false,
													"BlockSet":	{
														"$Position":	{
															"$x":	5353,
															"$y":	620
														},
														"Inclusive":	true,
														"Materials":	[{
																"$Position":	{
																	"$x":	5837,
																	"$y":	619
																},
																"Solid":	"Soil_Pebbles_Frozen"
															}, {
																"$Position":	{
																	"$x":	5817,
																	"$y":	785
																},
																"Solid":	"Soil_Snow"
															}]
													}
												}
											}, {
												"$Position":	{
													"$x":	4072,
													"$y":	913
												},
												"Type":	"Offset",
												"Skip":	false,
												"Pattern":	{
													"$Position":	{
														"$x":	4732,
														"$y":	979
													},
													"Type":	"BlockSet",
													"Skip":	false,
													"BlockSet":	{
														"$Position":	{
															"$x":	5364,
															"$y":	984
														},
														"Inclusive":	true,
														"Materials":	[{
																"$Position":	{
																	"$x":	5895,
																	"$y":	968
																},
																"Solid":	"Empty"
															}]
													}
												},
												"Offset":	{
													"$Position":	{
														"$x":	4710,
														"$y":	1200
													},
													"X":	0,
													"Y":	8,
													"Z":	0
												}
											}]
									}
								},
								"Scanner":	{
									"$Position":	{
										"$x":	2752,
										"$y":	646
									},
									"Type":	"ColumnLinear",
									"Skip":	false,
									"MaxY":	25,
									"MinY":	0,
									"RelativeToPosition":	false,
									"BaseHeightName":	"Base",
									"TopDownOrder":	false,
									"ResultCap":	1
								},
								"MoldingDirection":	"None",
								"MoldingChildren":	false
							}
						}
					}]
			}
		}, {
			"$Position":	{
				"$x":	-483,
				"$y":	3378
			},
			"Max":	0.65,
			"Min":	-0.75,
			"Assignments":	{
				"$Position":	{
					"$x":	6,
					"$y":	3385
				},
				"Type":	"Weighted",
				"SkipChance":	0.5,
				"Seed":	"A.5",
				"WeightedAssignments":	[{
						"$Position":	{
							"$x":	778,
							"$y":	3397
						},
						"Weight":	66,
						"Assignments":	{
							"$Position":	{
								"$x":	1297,
								"$y":	3383
							},
							"Type":	"Constant",
							"Prop":	{
								"$Position":	{
									"$x":	1889,
									"$y":	3371
								},
								"Type":	"Union",
								"Skip":	false,
								"Props":	[{
										"$Position":	{
											"$x":	2577,
											"$y":	2022
										},
										"Type":	"Cluster",
										"Skip":	false,
										"Range":	10,
										"Seed":	"A",
										"DistanceCurve":	{
											"$Position":	{
												"$x":	3316,
												"$y":	1994
											},
											"Type":	"Manual",
											"Points":	[{
													"$Position":	{
														"$x":	3924,
														"$y":	1994
													},
													"In":	1,
													"Out":	0.2
												}, {
													"$Position":	{
														"$x":	3923,
														"$y":	2167
													},
													"In":	3,
													"Out":	0
												}]
										},
										"WeightedProps":	[{
												"$Position":	{
													"$x":	3317,
													"$y":	2320
												},
												"Weight":	1,
												"ColumnProp":	{
													"$Position":	{
														"$x":	5095,
														"$y":	2280
													},
													"Type":	"Column",
													"Skip":	false,
													"ColumnBlocks":	[{
															"$Position":	{
																"$x":	5797,
																"$y":	2274
															},
															"Y":	0,
															"Material":	{
																"$Position":	{
																	"$x":	6281,
																	"$y":	2258
																},
																"Solid":	"Rubble_Ice"
															}
														}],
													"Directionality":	{
														"$Position":	{
															"$x":	5794,
															"$y":	2425
														},
														"Type":	"Static",
														"Rotation":	0,
														"Pattern":	{
															"$Position":	{
																"$x":	6414,
																"$y":	2432
															},
															"Type":	"Floor",
															"Skip":	false,
															"Origin":	{
																"$Position":	{
																	"$x":	7062,
																	"$y":	2264
																},
																"Type":	"BlockSet",
																"Skip":	false,
																"BlockSet":	{
																	"$Position":	{
																		"$x":	7694,
																		"$y":	2269
																	},
																	"Inclusive":	true,
																	"Materials":	[{
																			"$Position":	{
																				"$x":	8226,
																				"$y":	2253
																			},
																			"Solid":	"Empty"
																		}]
																}
															},
															"Floor":	{
																"$Position":	{
																	"$x":	7066,
																	"$y":	2443
																},
																"Type":	"BlockSet",
																"Skip":	false,
																"BlockSet":	{
																	"$Position":	{
																		"$x":	7720,
																		"$y":	2447
																	},
																	"Inclusive":	true,
																	"Materials":	[{
																			"$Position":	{
																				"$x":	8204,
																				"$y":	2446
																			},
																			"Solid":	"Soil_Snow"
																		}]
																}
															}
														}
													},
													"Scanner":	{
														"$Position":	{
															"$x":	5802,
															"$y":	2625
														},
														"Type":	"ColumnLinear",
														"Skip":	false,
														"MaxY":	5,
														"MinY":	-5,
														"RelativeToPosition":	true,
														"BaseHeightName":	"Base",
														"TopDownOrder":	false,
														"ResultCap":	1
													}
												}
											}],
										"Pattern":	{
											"$Position":	{
												"$x":	3300,
												"$y":	2611
											},
											"Type":	"Floor",
											"Skip":	false,
											"Origin":	{
												"$Position":	{
													"$x":	3948,
													"$y":	2558
												},
												"Type":	"BlockSet",
												"Skip":	false,
												"BlockSet":	{
													"$Position":	{
														"$x":	4580,
														"$y":	2563
													},
													"Inclusive":	true,
													"Materials":	[{
															"$Position":	{
																"$x":	5111,
																"$y":	2547
															},
															"Solid":	"Empty"
														}]
												}
											},
											"Floor":	{
												"$Position":	{
													"$x":	3952,
													"$y":	2737
												},
												"Type":	"BlockSet",
												"Skip":	false,
												"BlockSet":	{
													"$Position":	{
														"$x":	4585,
														"$y":	2739
													},
													"Inclusive":	true,
													"Materials":	[{
															"$Position":	{
																"$x":	5069,
																"$y":	2738
															},
															"Solid":	"Soil_Snow"
														}]
												}
											}
										},
										"Scanner":	{
											"$Position":	{
												"$x":	3282,
												"$y":	2782
											},
											"Type":	"ColumnLinear",
											"Skip":	false,
											"MaxY":	50,
											"MinY":	0,
											"RelativeToPosition":	false,
											"BaseHeightName":	"Base",
											"TopDownOrder":	false,
											"ResultCap":	1
										}
									}, {
										"$Position":	{
											"$x":	2493,
											"$y":	3397
										},
										"Type":	"Cluster",
										"Skip":	false,
										"Range":	10,
										"Seed":	"A",
										"DistanceCurve":	{
											"$Position":	{
												"$x":	3232,
												"$y":	3372
											},
											"Type":	"Manual",
											"Points":	[{
													"$Position":	{
														"$x":	3840,
														"$y":	3372
													},
													"In":	1,
													"Out":	0.2
												}, {
													"$Position":	{
														"$x":	3839,
														"$y":	3545
													},
													"In":	3,
													"Out":	0
												}]
										},
										"WeightedProps":	[{
												"$Position":	{
													"$x":	3233,
													"$y":	3698
												},
												"Weight":	1,
												"ColumnProp":	{
													"$Position":	{
														"$x":	5011,
														"$y":	3658
													},
													"Type":	"Column",
													"Skip":	false,
													"ColumnBlocks":	[{
															"$Position":	{
																"$x":	5713,
																"$y":	3652
															},
															"Y":	0,
															"Material":	{
																"$Position":	{
																	"$x":	6197,
																	"$y":	3636
																},
																"Solid":	"Rubble_Shale"
															}
														}],
													"Directionality":	{
														"$Position":	{
															"$x":	5710,
															"$y":	3803
														},
														"Type":	"Static",
														"Rotation":	0,
														"Pattern":	{
															"$Position":	{
																"$x":	6330,
																"$y":	3810
															},
															"Type":	"Floor",
															"Skip":	false,
															"Origin":	{
																"$Position":	{
																	"$x":	6978,
																	"$y":	3642
																},
																"Type":	"BlockSet",
																"Skip":	false,
																"BlockSet":	{
																	"$Position":	{
																		"$x":	7610,
																		"$y":	3647
																	},
																	"Inclusive":	true,
																	"Materials":	[{
																			"$Position":	{
																				"$x":	8142,
																				"$y":	3631
																			},
																			"Solid":	"Empty"
																		}]
																}
															},
															"Floor":	{
																"$Position":	{
																	"$x":	6982,
																	"$y":	3821
																},
																"Type":	"BlockSet",
																"Skip":	false,
																"BlockSet":	{
																	"$Position":	{
																		"$x":	7636,
																		"$y":	3825
																	},
																	"Inclusive":	true,
																	"Materials":	[{
																			"$Position":	{
																				"$x":	8120,
																				"$y":	3824
																			},
																			"Solid":	"Soil_Pebbles_Frozen"
																		}]
																}
															}
														}
													},
													"Scanner":	{
														"$Position":	{
															"$x":	5718,
															"$y":	4003
														},
														"Type":	"ColumnLinear",
														"Skip":	false,
														"MaxY":	5,
														"MinY":	-5,
														"RelativeToPosition":	true,
														"BaseHeightName":	"Base",
														"TopDownOrder":	false,
														"ResultCap":	1
													}
												}
											}],
										"Pattern":	{
											"$Position":	{
												"$x":	3216,
												"$y":	3989
											},
											"Type":	"Floor",
											"Skip":	false,
											"Origin":	{
												"$Position":	{
													"$x":	3864,
													"$y":	3936
												},
												"Type":	"BlockSet",
												"Skip":	false,
												"BlockSet":	{
													"$Position":	{
														"$x":	4496,
														"$y":	3941
													},
													"Inclusive":	true,
													"Materials":	[{
															"$Position":	{
																"$x":	5027,
																"$y":	3925
															},
															"Solid":	"Empty"
														}]
												}
											},
											"Floor":	{
												"$Position":	{
													"$x":	3868,
													"$y":	4115
												},
												"Type":	"BlockSet",
												"Skip":	false,
												"BlockSet":	{
													"$Position":	{
														"$x":	4501,
														"$y":	4117
													},
													"Inclusive":	true,
													"Materials":	[{
															"$Position":	{
																"$x":	4985,
																"$y":	4116
															},
															"Solid":	"Soil_Pebbles_Frozen"
														}]
												}
											}
										},
										"Scanner":	{
											"$Position":	{
												"$x":	3198,
												"$y":	4160
											},
											"Type":	"ColumnLinear",
											"Skip":	false,
											"MaxY":	50,
											"MinY":	0,
											"RelativeToPosition":	false,
											"BaseHeightName":	"Base",
											"TopDownOrder":	false,
											"ResultCap":	1
										}
									}]
							}
						}
					}, {
						"$Position":	{
							"$x":	822,
							"$y":	4996
						},
						"Weight":	33,
						"Assignments":	{
							"$Position":	{
								"$x":	1329,
								"$y":	5008
							},
							"Type":	"Constant",
							"Prop":	{
								"$Position":	{
									"$x":	1976,
									"$y":	4990
								},
								"Type":	"Cluster",
								"Skip":	false,
								"Range":	10,
								"Seed":	"A",
								"DistanceCurve":	{
									"$Position":	{
										"$x":	2715,
										"$y":	4962
									},
									"Type":	"Manual",
									"Points":	[{
											"$Position":	{
												"$x":	3323,
												"$y":	4962
											},
											"In":	1,
											"Out":	1
										}, {
											"$Position":	{
												"$x":	3322,
												"$y":	5135
											},
											"In":	2,
											"Out":	0
										}]
								},
								"WeightedProps":	[{
										"$Position":	{
											"$x":	2716,
											"$y":	5288
										},
										"Weight":	1,
										"ColumnProp":	{
											"$Position":	{
												"$x":	4494,
												"$y":	5248
											},
											"Type":	"Column",
											"Skip":	false,
											"ColumnBlocks":	[{
													"$Position":	{
														"$x":	5196,
														"$y":	5242
													},
													"Y":	0,
													"Material":	{
														"$Position":	{
															"$x":	5680,
															"$y":	5226
														},
														"Solid":	"Plant_Bush_Winter_Sharp"
													}
												}],
											"Directionality":	{
												"$Position":	{
													"$x":	5193,
													"$y":	5393
												},
												"Type":	"Static",
												"Rotation":	0,
												"Pattern":	{
													"$Position":	{
														"$x":	5813,
														"$y":	5400
													},
													"Type":	"Floor",
													"Skip":	false,
													"Origin":	{
														"$Position":	{
															"$x":	6461,
															"$y":	5232
														},
														"Type":	"BlockSet",
														"Skip":	false,
														"BlockSet":	{
															"$Position":	{
																"$x":	7093,
																"$y":	5237
															},
															"Inclusive":	true,
															"Materials":	[{
																	"$Position":	{
																		"$x":	7625,
																		"$y":	5221
																	},
																	"Solid":	"Empty"
																}]
														}
													},
													"Floor":	{
														"$Position":	{
															"$x":	6465,
															"$y":	5411
														},
														"Type":	"BlockSet",
														"Skip":	false,
														"BlockSet":	{
															"$Position":	{
																"$x":	7119,
																"$y":	5415
															},
															"Inclusive":	true,
															"Materials":	[{
																	"$Position":	{
																		"$x":	7603,
																		"$y":	5414
																	},
																	"Solid":	"Soil_Pebbles_Frozen"
																}]
														}
													}
												}
											},
											"Scanner":	{
												"$Position":	{
													"$x":	5201,
													"$y":	5593
												},
												"Type":	"ColumnLinear",
												"Skip":	false,
												"MaxY":	5,
												"MinY":	-5,
												"RelativeToPosition":	true,
												"BaseHeightName":	"Base",
												"TopDownOrder":	false,
												"ResultCap":	1
											}
										}
									}],
								"Pattern":	{
									"$Position":	{
										"$x":	2699,
										"$y":	5579
									},
									"Type":	"Floor",
									"Skip":	false,
									"Origin":	{
										"$Position":	{
											"$x":	3347,
											"$y":	5526
										},
										"Type":	"BlockSet",
										"Skip":	false,
										"BlockSet":	{
											"$Position":	{
												"$x":	3979,
												"$y":	5531
											},
											"Inclusive":	true,
											"Materials":	[{
													"$Position":	{
														"$x":	4510,
														"$y":	5515
													},
													"Solid":	"Empty"
												}]
										}
									},
									"Floor":	{
										"$Position":	{
											"$x":	3351,
											"$y":	5705
										},
										"Type":	"BlockSet",
										"Skip":	false,
										"BlockSet":	{
											"$Position":	{
												"$x":	3984,
												"$y":	5707
											},
											"Inclusive":	true,
											"Materials":	[{
													"$Position":	{
														"$x":	4468,
														"$y":	5706
													},
													"Solid":	"Soil_Pebbles_Frozen"
												}]
										}
									}
								},
								"Scanner":	{
									"$Position":	{
										"$x":	2681,
										"$y":	5750
									},
									"Type":	"ColumnLinear",
									"Skip":	false,
									"MaxY":	50,
									"MinY":	0,
									"RelativeToPosition":	false,
									"BaseHeightName":	"Base",
									"TopDownOrder":	false,
									"ResultCap":	1
								}
							}
						}
					}]
			}
		}, {
			"$Position":	{
				"$x":	-752,
				"$y":	6704
			},
			"Max":	1,
			"Min":	0.65,
			"Assignments":	{
				"$Position":	{
					"$x":	-275,
					"$y":	6707
				},
				"Type":	"Weighted",
				"SkipChance":	0,
				"Seed":	"A",
				"WeightedAssignments":	[{
						"$Position":	{
							"$x":	522,
							"$y":	6705
						},
						"Weight":	1,
						"Assignments":	{
							"$Position":	{
								"$x":	1050,
								"$y":	6687
							},
							"Type":	"Constant",
							"Prop":	{
								"$Position":	{
									"$x":	1668,
									"$y":	6681
								},
								"Type":	"Cluster",
								"Skip":	false,
								"Range":	10,
								"Seed":	"A",
								"DistanceCurve":	{
									"$Position":	{
										"$x":	2407,
										"$y":	6653
									},
									"Type":	"Manual",
									"Points":	[{
											"$Position":	{
												"$x":	3015,
												"$y":	6653
											},
											"In":	1,
											"Out":	0.5
										}, {
											"$Position":	{
												"$x":	3014,
												"$y":	6826
											},
											"In":	5,
											"Out":	0
										}]
								},
								"WeightedProps":	[{
										"$Position":	{
											"$x":	2408,
											"$y":	6979
										},
										"Weight":	1,
										"ColumnProp":	{
											"$Position":	{
												"$x":	4186,
												"$y":	6939
											},
											"Type":	"Column",
											"Skip":	false,
											"ColumnBlocks":	[{
													"$Position":	{
														"$x":	4888,
														"$y":	6933
													},
													"Y":	0,
													"Material":	{
														"$Position":	{
															"$x":	5372,
															"$y":	6917
														},
														"Solid":	"Plant_Bush_Winter_Snow"
													}
												}],
											"Directionality":	{
												"$Position":	{
													"$x":	4885,
													"$y":	7084
												},
												"Type":	"Static",
												"Rotation":	0,
												"Pattern":	{
													"$Position":	{
														"$x":	5505,
														"$y":	7091
													},
													"Type":	"Floor",
													"Skip":	false,
													"Origin":	{
														"$Position":	{
															"$x":	6153,
															"$y":	6923
														},
														"Type":	"BlockSet",
														"Skip":	false,
														"BlockSet":	{
															"$Position":	{
																"$x":	6785,
																"$y":	6928
															},
															"Inclusive":	true,
															"Materials":	[{
																	"$Position":	{
																		"$x":	7317,
																		"$y":	6912
																	},
																	"Solid":	"Empty"
																}]
														}
													},
													"Floor":	{
														"$Position":	{
															"$x":	6157,
															"$y":	7102
														},
														"Type":	"BlockSet",
														"Skip":	false,
														"BlockSet":	{
															"$Position":	{
																"$x":	6811,
																"$y":	7106
															},
															"Inclusive":	true,
															"Materials":	[{
																	"$Position":	{
																		"$x":	7287,
																		"$y":	7084
																	},
																	"Solid":	"Soil_Pebbles_Frozen"
																}]
														}
													}
												}
											},
											"Scanner":	{
												"$Position":	{
													"$x":	4893,
													"$y":	7284
												},
												"Type":	"ColumnLinear",
												"Skip":	false,
												"MaxY":	5,
												"MinY":	-5,
												"RelativeToPosition":	true,
												"BaseHeightName":	"Base",
												"TopDownOrder":	false,
												"ResultCap":	1
											}
										}
									}],
								"Pattern":	{
									"$Position":	{
										"$x":	2391,
										"$y":	7270
									},
									"Type":	"Floor",
									"Skip":	false,
									"Origin":	{
										"$Position":	{
											"$x":	3039,
											"$y":	7217
										},
										"Type":	"BlockSet",
										"Skip":	false,
										"BlockSet":	{
											"$Position":	{
												"$x":	3671,
												"$y":	7222
											},
											"Inclusive":	true,
											"Materials":	[{
													"$Position":	{
														"$x":	4202,
														"$y":	7206
													},
													"Solid":	"Empty"
												}]
										}
									},
									"Floor":	{
										"$Position":	{
											"$x":	3043,
											"$y":	7396
										},
										"Type":	"BlockSet",
										"Skip":	false,
										"BlockSet":	{
											"$Position":	{
												"$x":	3676,
												"$y":	7398
											},
											"Inclusive":	true,
											"Materials":	[{
													"$Position":	{
														"$x":	4188,
														"$y":	7420
													},
													"Solid":	"Soil_Pebbles_Frozen"
												}]
										}
									}
								},
								"Scanner":	{
									"$Position":	{
										"$x":	2373,
										"$y":	7441
									},
									"Type":	"ColumnLinear",
									"Skip":	false,
									"MaxY":	50,
									"MinY":	0,
									"RelativeToPosition":	false,
									"BaseHeightName":	"Base",
									"TopDownOrder":	false,
									"ResultCap":	1
								}
							}
						}
					}, {
						"$Position":	{
							"$x":	584,
							"$y":	8343
						},
						"Weight":	1,
						"Assignments":	{
							"$Position":	{
								"$x":	1113,
								"$y":	8347
							},
							"Type":	"Constant",
							"Prop":	{
								"$Position":	{
									"$x":	1737,
									"$y":	8330
								},
								"Type":	"Cluster",
								"Skip":	false,
								"Range":	10,
								"Seed":	"A",
								"DistanceCurve":	{
									"$Position":	{
										"$x":	2476,
										"$y":	8302
									},
									"Type":	"Manual",
									"Points":	[{
											"$Position":	{
												"$x":	3084,
												"$y":	8302
											},
											"In":	1,
											"Out":	1
										}, {
											"$Position":	{
												"$x":	3083,
												"$y":	8475
											},
											"In":	2,
											"Out":	0
										}]
								},
								"WeightedProps":	[{
										"$Position":	{
											"$x":	2477,
											"$y":	8628
										},
										"Weight":	1,
										"ColumnProp":	{
											"$Position":	{
												"$x":	4255,
												"$y":	8588
											},
											"Type":	"Column",
											"Skip":	false,
											"ColumnBlocks":	[{
													"$Position":	{
														"$x":	4957,
														"$y":	8582
													},
													"Y":	0,
													"Material":	{
														"$Position":	{
															"$x":	5441,
															"$y":	8566
														},
														"Solid":	"Plant_Bramble_Winter"
													}
												}],
											"Directionality":	{
												"$Position":	{
													"$x":	4954,
													"$y":	8733
												},
												"Type":	"Static",
												"Rotation":	0,
												"Pattern":	{
													"$Position":	{
														"$x":	5574,
														"$y":	8740
													},
													"Type":	"Floor",
													"Skip":	false,
													"Origin":	{
														"$Position":	{
															"$x":	6222,
															"$y":	8572
														},
														"Type":	"BlockSet",
														"Skip":	false,
														"BlockSet":	{
															"$Position":	{
																"$x":	6854,
																"$y":	8577
															},
															"Inclusive":	true,
															"Materials":	[{
																	"$Position":	{
																		"$x":	7386,
																		"$y":	8561
																	},
																	"Solid":	"Empty"
																}]
														}
													},
													"Floor":	{
														"$Position":	{
															"$x":	6226,
															"$y":	8751
														},
														"Type":	"BlockSet",
														"Skip":	false,
														"BlockSet":	{
															"$Position":	{
																"$x":	6880,
																"$y":	8755
															},
															"Inclusive":	true,
															"Materials":	[{
																	"$Position":	{
																		"$x":	7364,
																		"$y":	8754
																	},
																	"Solid":	"Soil_Snow"
																}]
														}
													}
												}
											},
											"Scanner":	{
												"$Position":	{
													"$x":	4962,
													"$y":	8933
												},
												"Type":	"ColumnLinear",
												"Skip":	false,
												"MaxY":	5,
												"MinY":	-5,
												"RelativeToPosition":	true,
												"BaseHeightName":	"Base",
												"TopDownOrder":	false,
												"ResultCap":	1
											}
										}
									}],
								"Pattern":	{
									"$Position":	{
										"$x":	2460,
										"$y":	8919
									},
									"Type":	"Floor",
									"Skip":	false,
									"Origin":	{
										"$Position":	{
											"$x":	3108,
											"$y":	8866
										},
										"Type":	"BlockSet",
										"Skip":	false,
										"BlockSet":	{
											"$Position":	{
												"$x":	3740,
												"$y":	8871
											},
											"Inclusive":	true,
											"Materials":	[{
													"$Position":	{
														"$x":	4271,
														"$y":	8855
													},
													"Solid":	"Empty"
												}]
										}
									},
									"Floor":	{
										"$Position":	{
											"$x":	3112,
											"$y":	9045
										},
										"Type":	"BlockSet",
										"Skip":	false,
										"BlockSet":	{
											"$Position":	{
												"$x":	3745,
												"$y":	9047
											},
											"Inclusive":	true,
											"Materials":	[{
													"$Position":	{
														"$x":	4229,
														"$y":	9046
													},
													"Solid":	"Soil_Snow"
												}]
										}
									}
								},
								"Scanner":	{
									"$Position":	{
										"$x":	2442,
										"$y":	9090
									},
									"Type":	"ColumnLinear",
									"Skip":	false,
									"MaxY":	50,
									"MinY":	0,
									"RelativeToPosition":	false,
									"BaseHeightName":	"Base",
									"TopDownOrder":	false,
									"ResultCap":	1
								}
							}
						}
					}]
			}
		}],
	"$WorkspaceID":	"HytaleGenerator - Assignments",
	"$Groups":	[{
			"$Position":	{
				"$x":	501.6875,
				"$y":	6471.5
			},
			"$width":	7449.4375,
			"$height":	1573.625,
			"$name":	"Bushes"
		}, {
			"$Position":	{
				"$x":	-578,
				"$y":	1820.5625
			},
			"$width":	9544.9375,
			"$height":	2910,
			"$name":	"Rubbles"
		}, {
			"$Position":	{
				"$x":	-630.125,
				"$y":	-50.75
			},
			"$width":	8920.8125,
			"$height":	1573.625,
			"$name":	"Small Trees"
		}, {
			"$Position":	{
				"$x":	-619.6875,
				"$y":	-1788.0625
			},
			"$width":	8920.8125,
			"$height":	1573.625,
			"$name":	"Big Trees"
		}, {
			"$Position":	{
				"$x":	628.5625,
				"$y":	4780.3125
			},
			"$width":	7789.5,
			"$height":	1573.625,
			"$name":	"Bushy Grass"
		}, {
			"$Position":	{
				"$x":	544.9375,
				"$y":	8121.125
			},
			"$width":	7561.9375,
			"$height":	1573.625,
			"$name":	"Winter Bramble"
		}]
}