{
	"$Title":	"[ROOT] Weighted Assignments",
	"$Position":	{
		"$x":	-1656,
		"$y":	6877
	},
	"Type":	"FieldFunction",
	"ExportAs":	"Boreal1_Hedera_Trees",
	"FieldFunction":	{
		"$Position":	{
			"$x":	-620,
			"$y":	6486
		},
		"Type":	"SimplexNoise2D",
		"Skip":	false,
		"Lacunarity":	2,
		"Persistence":	0.5,
		"Octaves":	1,
		"Scale":	120,
		"Seed":	"1235"
	},
	"Delimiters":	[{
			"$Position":	{
				"$x":	-515,
				"$y":	-4190
			},
			"Max":	-0.8,
			"Min":	-1,
			"Assignments":	{
				"$Position":	{
					"$x":	-6,
					"$y":	-4187
				},
				"Type":	"Weighted",
				"SkipChance":	0,
				"Seed":	"A",
				"WeightedAssignments":	[{
						"$Position":	{
							"$x":	958,
							"$y":	-6945
						},
						"Weight":	20,
						"Assignments":	{
							"$Position":	{
								"$x":	1452,
								"$y":	-6950
							},
							"Type":	"Constant",
							"Prop":	{
								"$Position":	{
									"$x":	2067,
									"$y":	-6961
								},
								"Type":	"Cluster",
								"Skip":	false,
								"Range":	10,
								"Seed":	"A",
								"DistanceCurve":	{
									"$Position":	{
										"$x":	2806,
										"$y":	-6989
									},
									"Type":	"Manual",
									"Points":	[{
											"$Position":	{
												"$x":	3414,
												"$y":	-6989
											},
											"In":	2,
											"Out":	0.5
										}, {
											"$Position":	{
												"$x":	3413,
												"$y":	-6816
											},
											"In":	5,
											"Out":	0
										}]
								},
								"WeightedProps":	[{
										"$Position":	{
											"$x":	2807,
											"$y":	-6663
										},
										"Weight":	1,
										"ColumnProp":	{
											"$Position":	{
												"$x":	4585,
												"$y":	-6703
											},
											"Type":	"Column",
											"Skip":	false,
											"ColumnBlocks":	[{
													"$Position":	{
														"$x":	5287,
														"$y":	-6709
													},
													"Y":	0,
													"Material":	{
														"$Position":	{
															"$x":	5771,
															"$y":	-6725
														},
														"Solid":	"Plant_Leaves_Poisoned_Floor"
													}
												}],
											"Directionality":	{
												"$Position":	{
													"$x":	5284,
													"$y":	-6558
												},
												"Type":	"Static",
												"Rotation":	0,
												"Pattern":	{
													"$Position":	{
														"$x":	5904,
														"$y":	-6551
													},
													"Type":	"Floor",
													"Skip":	false,
													"Origin":	{
														"$Position":	{
															"$x":	6552,
															"$y":	-6719
														},
														"Type":	"BlockSet",
														"Skip":	false,
														"BlockSet":	{
															"$Position":	{
																"$x":	7184,
																"$y":	-6714
															},
															"Inclusive":	true,
															"Materials":	[{
																	"$Position":	{
																		"$x":	7716,
																		"$y":	-6730
																	},
																	"Solid":	"Empty"
																}]
														}
													},
													"Floor":	{
														"$Position":	{
															"$x":	6556,
															"$y":	-6540
														},
														"Type":	"BlockSet",
														"Skip":	false,
														"BlockSet":	{
															"$Position":	{
																"$x":	7210,
																"$y":	-6536
															},
															"Inclusive":	true,
															"Materials":	[{
																	"$Position":	{
																		"$x":	7694,
																		"$y":	-6537
																	},
																	"Solid":	"Soil_Mud"
																}, {
																	"$Position":	{
																		"$x":	7694,
																		"$y":	-6374
																	},
																	"Solid":	"Soil_Dirt_Cold"
																}, {
																	"$Position":	{
																		"$x":	7694,
																		"$y":	-6222
																	},
																	"Solid":	"Plant_Moss_Block_Blue"
																}]
														}
													}
												}
											},
											"Scanner":	{
												"$Position":	{
													"$x":	5292,
													"$y":	-6358
												},
												"Type":	"ColumnLinear",
												"Skip":	false,
												"MaxY":	10,
												"MinY":	0,
												"RelativeToPosition":	false,
												"BaseHeightName":	"Water",
												"TopDownOrder":	false,
												"ResultCap":	1
											}
										}
									}],
								"Pattern":	{
									"$Position":	{
										"$x":	2790,
										"$y":	-6372
									},
									"Type":	"Floor",
									"Skip":	false,
									"Origin":	{
										"$Position":	{
											"$x":	3438,
											"$y":	-6425
										},
										"Type":	"BlockSet",
										"Skip":	false,
										"BlockSet":	{
											"$Position":	{
												"$x":	4070,
												"$y":	-6420
											},
											"Inclusive":	true,
											"Materials":	[{
													"$Position":	{
														"$x":	4601,
														"$y":	-6436
													},
													"Solid":	"Empty"
												}]
										}
									},
									"Floor":	{
										"$Position":	{
											"$x":	3442,
											"$y":	-6246
										},
										"Type":	"BlockSet",
										"Skip":	false,
										"BlockSet":	{
											"$Position":	{
												"$x":	4101,
												"$y":	-6236
											},
											"Inclusive":	true,
											"Materials":	[{
													"$Position":	{
														"$x":	4585,
														"$y":	-6237
													},
													"Solid":	"Soil_Mud"
												}, {
													"$Position":	{
														"$x":	4585,
														"$y":	-6074
													},
													"Solid":	"Soil_Dirt_Cold"
												}, {
													"$Position":	{
														"$x":	4585,
														"$y":	-5922
													},
													"Solid":	"Plant_Moss_Block_Blue"
												}]
										}
									}
								},
								"Scanner":	{
									"$Position":	{
										"$x":	2772,
										"$y":	-6201
									},
									"Type":	"ColumnLinear",
									"Skip":	false,
									"MaxY":	30,
									"MinY":	0,
									"RelativeToPosition":	false,
									"BaseHeightName":	"Water",
									"TopDownOrder":	false,
									"ResultCap":	1
								}
							}
						}
					}, {
						"$Position":	{
							"$x":	905,
							"$y":	-5204
						},
						"Weight":	40,
						"Assignments":	{
							"$Position":	{
								"$x":	1399,
								"$y":	-5209
							},
							"Type":	"Constant",
							"Prop":	{
								"$Position":	{
									"$x":	2014,
									"$y":	-5220
								},
								"Type":	"Cluster",
								"Skip":	false,
								"Range":	10,
								"Seed":	"A",
								"DistanceCurve":	{
									"$Position":	{
										"$x":	2753,
										"$y":	-5248
									},
									"Type":	"Manual",
									"Points":	[{
											"$Position":	{
												"$x":	3361,
												"$y":	-5248
											},
											"In":	1,
											"Out":	0.5
										}, {
											"$Position":	{
												"$x":	3360,
												"$y":	-5075
											},
											"In":	3,
											"Out":	0
										}]
								},
								"WeightedProps":	[{
										"$Position":	{
											"$x":	2754,
											"$y":	-4922
										},
										"Weight":	1,
										"ColumnProp":	{
											"$Position":	{
												"$x":	4532,
												"$y":	-4962
											},
											"Type":	"Column",
											"Skip":	false,
											"ColumnBlocks":	[{
													"$Position":	{
														"$x":	5234,
														"$y":	-4968
													},
													"Y":	0,
													"Material":	{
														"$Position":	{
															"$x":	5718,
															"$y":	-4984
														},
														"Solid":	"Plant_Bush_Lush"
													}
												}],
											"Directionality":	{
												"$Position":	{
													"$x":	5231,
													"$y":	-4817
												},
												"Type":	"Static",
												"Rotation":	0,
												"Pattern":	{
													"$Position":	{
														"$x":	5851,
														"$y":	-4810
													},
													"Type":	"Floor",
													"Skip":	false,
													"Origin":	{
														"$Position":	{
															"$x":	6499,
															"$y":	-4978
														},
														"Type":	"BlockSet",
														"Skip":	false,
														"BlockSet":	{
															"$Position":	{
																"$x":	7131,
																"$y":	-4973
															},
															"Inclusive":	true,
															"Materials":	[{
																	"$Position":	{
																		"$x":	7663,
																		"$y":	-4989
																	},
																	"Solid":	"Empty"
																}]
														}
													},
													"Floor":	{
														"$Position":	{
															"$x":	6503,
															"$y":	-4799
														},
														"Type":	"BlockSet",
														"Skip":	false,
														"BlockSet":	{
															"$Position":	{
																"$x":	7157,
																"$y":	-4795
															},
															"Inclusive":	true,
															"Materials":	[{
																	"$Position":	{
																		"$x":	7641,
																		"$y":	-4796
																	},
																	"Solid":	"Soil_Mud"
																}, {
																	"$Position":	{
																		"$x":	7641,
																		"$y":	-4633
																	},
																	"Solid":	"Soil_Dirt_Cold"
																}, {
																	"$Position":	{
																		"$x":	7641,
																		"$y":	-4481
																	},
																	"Solid":	"Plant_Moss_Block_Blue"
																}]
														}
													}
												}
											},
											"Scanner":	{
												"$Position":	{
													"$x":	5239,
													"$y":	-4617
												},
												"Type":	"ColumnLinear",
												"Skip":	false,
												"MaxY":	10,
												"MinY":	0,
												"RelativeToPosition":	false,
												"BaseHeightName":	"Water",
												"TopDownOrder":	false,
												"ResultCap":	1
											}
										}
									}],
								"Pattern":	{
									"$Position":	{
										"$x":	2737,
										"$y":	-4631
									},
									"Type":	"Floor",
									"Skip":	false,
									"Origin":	{
										"$Position":	{
											"$x":	3385,
											"$y":	-4684
										},
										"Type":	"BlockSet",
										"Skip":	false,
										"BlockSet":	{
											"$Position":	{
												"$x":	4017,
												"$y":	-4679
											},
											"Inclusive":	true,
											"Materials":	[{
													"$Position":	{
														"$x":	4548,
														"$y":	-4695
													},
													"Solid":	"Empty"
												}]
										}
									},
									"Floor":	{
										"$Position":	{
											"$x":	3389,
											"$y":	-4505
										},
										"Type":	"BlockSet",
										"Skip":	false,
										"BlockSet":	{
											"$Position":	{
												"$x":	4048,
												"$y":	-4495
											},
											"Inclusive":	true,
											"Materials":	[{
													"$Position":	{
														"$x":	4532,
														"$y":	-4496
													},
													"Solid":	"Soil_Mud"
												}, {
													"$Position":	{
														"$x":	4532,
														"$y":	-4333
													},
													"Solid":	"Soil_Dirt_Cold"
												}, {
													"$Position":	{
														"$x":	4532,
														"$y":	-4181
													},
													"Solid":	"Plant_Moss_Block_Blue"
												}]
										}
									}
								},
								"Scanner":	{
									"$Position":	{
										"$x":	2719,
										"$y":	-4460
									},
									"Type":	"ColumnLinear",
									"Skip":	false,
									"MaxY":	30,
									"MinY":	0,
									"RelativeToPosition":	false,
									"BaseHeightName":	"Water",
									"TopDownOrder":	false,
									"ResultCap":	1
								}
							}
						}
					}, {
						"$Position":	{
							"$x":	997,
							"$y":	-3493
						},
						"Weight":	40,
						"Assignments":	{
							"$Position":	{
								"$x":	1500,
								"$y":	-3490
							},
							"Type":	"Constant",
							"Prop":	{
								"$Position":	{
									"$x":	2130,
									"$y":	-3510
								},
								"Type":	"Prefab",
								"Skip":	false,
								"WeightedPrefabPaths":	[{
										"$Position":	{
											"$x":	2881,
											"$y":	-3615
										},
										"Path":	"Trees/Fir/Stage_00",
										"Weight":	1
									}],
								"LegacyPath":	false,
								"LoadEntities":	true,
								"Directionality":	{
									"$Position":	{
										"$x":	2880,
										"$y":	-3447
									},
									"Type":	"Random",
									"Seed":	"A",
									"Pattern":	{
										"$Position":	{
											"$x":	3492,
											"$y":	-3449
										},
										"Type":	"Floor",
										"Skip":	false,
										"Origin":	{
											"$Position":	{
												"$x":	4129,
												"$y":	-3448
											},
											"Type":	"BlockSet",
											"Skip":	false,
											"BlockSet":	{
												"$Position":	{
													"$x":	4758,
													"$y":	-3436
												},
												"Inclusive":	true,
												"Materials":	[{
														"$Position":	{
															"$x":	5237,
															"$y":	-3425
														},
														"Solid":	"Empty"
													}]
											}
										},
										"Floor":	{
											"$Position":	{
												"$x":	4145,
												"$y":	-3289
											},
											"Type":	"BlockSet",
											"Skip":	false,
											"BlockSet":	{
												"$Position":	{
													"$x":	4773,
													"$y":	-3277
												},
												"Inclusive":	false,
												"Materials":	[{
														"$Position":	{
															"$x":	5253,
															"$y":	-3267
														},
														"Solid":	"Empty"
													}, {
														"$Position":	{
															"$x":	5258,
															"$y":	-3112
														},
														"Fluid":	"Water_Source"
													}]
											}
										}
									}
								},
								"Scanner":	{
									"$Position":	{
										"$x":	2871,
										"$y":	-3293
									},
									"Type":	"ColumnLinear",
									"Skip":	false,
									"MaxY":	10,
									"MinY":	-5,
									"RelativeToPosition":	false,
									"BaseHeightName":	"Base",
									"TopDownOrder":	true,
									"ResultCap":	1
								},
								"MoldingDirection":	"NONE",
								"MoldingChildren":	false
							}
						}
					}]
			}
		}, {
			"$Position":	{
				"$x":	-695,
				"$y":	502
			},
			"Max":	0.63,
			"Min":	-0.8,
			"Assignments":	{
				"$Position":	{
					"$x":	-184,
					"$y":	574
				},
				"Type":	"Weighted",
				"SkipChance":	0.97,
				"Seed":	"A",
				"WeightedAssignments":	[{
						"$Position":	{
							"$x":	806,
							"$y":	-918
						},
						"Weight":	40,
						"Assignments":	{
							"$Position":	{
								"$x":	1325,
								"$y":	-949
							},
							"Type":	"Weighted",
							"SkipChance":	0.5,
							"Seed":	"A",
							"WeightedAssignments":	[{
									"$Position":	{
										"$x":	2252,
										"$y":	-1958
									},
									"Weight":	2,
									"Assignments":	{
										"$Position":	{
											"$x":	2837,
											"$y":	-1969
										},
										"Type":	"Constant",
										"Prop":	{
											"$Position":	{
												"$x":	3467,
												"$y":	-1989
											},
											"Type":	"Prefab",
											"Skip":	false,
											"WeightedPrefabPaths":	[{
													"$Position":	{
														"$x":	4218,
														"$y":	-2094
													},
													"Path":	"Trees/Petrified_Dead/Stage_5",
													"Weight":	1
												}],
											"LegacyPath":	false,
											"LoadEntities":	true,
											"Directionality":	{
												"$Position":	{
													"$x":	4217,
													"$y":	-1926
												},
												"Type":	"Random",
												"Seed":	"A",
												"Pattern":	{
													"$Position":	{
														"$x":	4829,
														"$y":	-1928
													},
													"Type":	"Floor",
													"Skip":	false,
													"Origin":	{
														"$Position":	{
															"$x":	5466,
															"$y":	-1927
														},
														"Type":	"BlockSet",
														"Skip":	false,
														"BlockSet":	{
															"$Position":	{
																"$x":	6095,
																"$y":	-1915
															},
															"Inclusive":	true,
															"Materials":	[{
																	"$Position":	{
																		"$x":	6574,
																		"$y":	-1904
																	},
																	"Solid":	"Empty"
																}]
														}
													},
													"Floor":	{
														"$Position":	{
															"$x":	5482,
															"$y":	-1768
														},
														"Type":	"BlockSet",
														"Skip":	false,
														"BlockSet":	{
															"$Position":	{
																"$x":	6110,
																"$y":	-1756
															},
															"Inclusive":	false,
															"Materials":	[{
																	"$Position":	{
																		"$x":	6590,
																		"$y":	-1746
																	},
																	"Solid":	"Empty"
																}]
														}
													}
												}
											},
											"Scanner":	{
												"$Position":	{
													"$x":	4208,
													"$y":	-1772
												},
												"Type":	"ColumnLinear",
												"Skip":	false,
												"MaxY":	10,
												"MinY":	-5,
												"RelativeToPosition":	false,
												"BaseHeightName":	"Base",
												"TopDownOrder":	true,
												"ResultCap":	1
											},
											"MoldingDirection":	"NONE",
											"MoldingChildren":	false
										}
									}
								}, {
									"$Position":	{
										"$x":	2091,
										"$y":	-935
									},
									"Weight":	98,
									"Assignments":	{
										"$Position":	{
											"$x":	2676,
											"$y":	-946
										},
										"Type":	"Constant",
										"Prop":	{
											"$Position":	{
												"$x":	3316,
												"$y":	-956
											},
											"Type":	"Union",
											"Skip":	false,
											"Props":	[{
													"$Position":	{
														"$x":	3992,
														"$y":	-1005
													},
													"Type":	"Prefab",
													"Skip":	false,
													"WeightedPrefabPaths":	[{
															"$Position":	{
																"$x":	4754,
																"$y":	-1030
															},
															"Path":	"Trees/Ash_swamp_dead/Stage_3",
															"Weight":	70
														}],
													"LegacyPath":	false,
													"LoadEntities":	true,
													"Directionality":	{
														"$Position":	{
															"$x":	4777,
															"$y":	-827
														},
														"Type":	"Random",
														"Seed":	"A",
														"Pattern":	{
															"$Position":	{
																"$x":	5404,
																"$y":	-814
															},
															"Type":	"Imported",
															"Skip":	false,
															"Name":	"Boreal1_Hedera_Trees_Basic_Pattern"
														}
													},
													"Scanner":	{
														"$Position":	{
															"$x":	4748,
															"$y":	-663
														},
														"Type":	"ColumnLinear",
														"Skip":	false,
														"MaxY":	10,
														"MinY":	-5,
														"RelativeToPosition":	false,
														"BaseHeightName":	"Water",
														"TopDownOrder":	false,
														"ResultCap":	1
													},
													"MoldingDirection":	"None",
													"MoldingChildren":	false
												}, {
													"$Position":	{
														"$x":	4014,
														"$y":	-41
													},
													"Type":	"Cluster",
													"Skip":	false,
													"Range":	10,
													"Seed":	"A",
													"DistanceCurve":	{
														"$Position":	{
															"$x":	4711,
															"$y":	-67
														},
														"Type":	"Manual",
														"Points":	[{
																"$Position":	{
																	"$x":	5356,
																	"$y":	-208
																},
																"In":	9,
																"Out":	0.005
															}, {
																"$Position":	{
																	"$x":	5339,
																	"$y":	-58
																},
																"In":	10,
																"Out":	0
															}]
													},
													"WeightedProps":	[{
															"$Position":	{
																"$x":	4757,
																"$y":	135
															},
															"Weight":	1,
															"ColumnProp":	{
																"$Position":	{
																	"$x":	5327,
																	"$y":	102
																},
																"Type":	"Column",
																"Skip":	false,
																"ColumnBlocks":	[{
																		"$Position":	{
																			"$x":	6042,
																			"$y":	114
																		},
																		"Y":	0,
																		"Material":	{
																			"$Position":	{
																				"$x":	6462,
																				"$y":	85
																			},
																			"Solid":	"Wood_Sticks"
																		}
																	}],
																"Directionality":	{
																	"$Position":	{
																		"$x":	6041,
																		"$y":	262
																	},
																	"Type":	"Static",
																	"Rotation":	0,
																	"Pattern":	{
																		"$Position":	{
																			"$x":	6649,
																			"$y":	263
																		},
																		"Type":	"Imported",
																		"Skip":	false,
																		"Name":	"Boreal1_Hedera_Trees_Basic_Pattern"
																	}
																},
																"Scanner":	{
																	"$Position":	{
																		"$x":	6045,
																		"$y":	404
																	},
																	"Type":	"ColumnLinear",
																	"Skip":	false,
																	"MaxY":	5,
																	"MinY":	-5,
																	"RelativeToPosition":	true,
																	"BaseHeightName":	"Water",
																	"TopDownOrder":	true,
																	"ResultCap":	1
																}
															}
														}],
													"Pattern":	{
														"$Position":	{
															"$x":	4731,
															"$y":	375
														},
														"Type":	"Imported",
														"Skip":	false,
														"Name":	"Boreal1_Hedera_Trees_Basic_Pattern"
													},
													"Scanner":	{
														"$Position":	{
															"$x":	4736,
															"$y":	575
														},
														"Type":	"ColumnLinear",
														"Skip":	false,
														"MaxY":	5,
														"MinY":	-5,
														"RelativeToPosition":	false,
														"BaseHeightName":	"Water",
														"TopDownOrder":	false,
														"ResultCap":	1
													}
												}]
										}
									}
								}]
						}
					}, {
						"$Position":	{
							"$x":	591,
							"$y":	1906
						},
						"Weight":	30,
						"Assignments":	{
							"$Position":	{
								"$x":	1088,
								"$y":	1902
							},
							"Type":	"Constant",
							"Prop":	{
								"$Position":	{
									"$x":	1725,
									"$y":	1872
								},
								"Type":	"Cluster",
								"Skip":	false,
								"Range":	10,
								"Seed":	"A",
								"DistanceCurve":	{
									"$Position":	{
										"$x":	2464,
										"$y":	1844
									},
									"Type":	"Manual",
									"Points":	[{
											"$Position":	{
												"$x":	3072,
												"$y":	1844
											},
											"In":	1,
											"Out":	0.5
										}, {
											"$Position":	{
												"$x":	3071,
												"$y":	2017
											},
											"In":	5,
											"Out":	0
										}]
								},
								"WeightedProps":	[{
										"$Position":	{
											"$x":	2465,
											"$y":	2170
										},
										"Weight":	1,
										"ColumnProp":	{
											"$Position":	{
												"$x":	4243,
												"$y":	2130
											},
											"Type":	"Column",
											"Skip":	false,
											"ColumnBlocks":	[{
													"$Position":	{
														"$x":	4945,
														"$y":	2124
													},
													"Y":	0,
													"Material":	{
														"$Position":	{
															"$x":	5429,
															"$y":	2108
														},
														"Solid":	"Plant_Bramble_Dead_Twisted"
													}
												}],
											"Directionality":	{
												"$Position":	{
													"$x":	4942,
													"$y":	2275
												},
												"Type":	"Static",
												"Rotation":	0,
												"Pattern":	{
													"$Position":	{
														"$x":	5562,
														"$y":	2282
													},
													"Type":	"Floor",
													"Skip":	false,
													"Origin":	{
														"$Position":	{
															"$x":	6210,
															"$y":	2114
														},
														"Type":	"BlockSet",
														"Skip":	false,
														"BlockSet":	{
															"$Position":	{
																"$x":	6842,
																"$y":	2119
															},
															"Inclusive":	true,
															"Materials":	[{
																	"$Position":	{
																		"$x":	7374,
																		"$y":	2103
																	},
																	"Solid":	"Empty"
																}]
														}
													},
													"Floor":	{
														"$Position":	{
															"$x":	6214,
															"$y":	2293
														},
														"Type":	"BlockSet",
														"Skip":	false,
														"BlockSet":	{
															"$Position":	{
																"$x":	6868,
																"$y":	2297
															},
															"Inclusive":	true,
															"Materials":	[{
																	"$Position":	{
																		"$x":	7352,
																		"$y":	2296
																	},
																	"Solid":	"Soil_Mud"
																}, {
																	"$Position":	{
																		"$x":	7352,
																		"$y":	2459
																	},
																	"Solid":	"Soil_Dirt_Cold"
																}, {
																	"$Position":	{
																		"$x":	7352,
																		"$y":	2611
																	},
																	"Solid":	"Plant_Moss_Block_Blue"
																}]
														}
													}
												}
											},
											"Scanner":	{
												"$Position":	{
													"$x":	4950,
													"$y":	2475
												},
												"Type":	"ColumnLinear",
												"Skip":	false,
												"MaxY":	10,
												"MinY":	0,
												"RelativeToPosition":	false,
												"BaseHeightName":	"Water",
												"TopDownOrder":	false,
												"ResultCap":	1
											}
										}
									}],
								"Pattern":	{
									"$Position":	{
										"$x":	2448,
										"$y":	2461
									},
									"Type":	"Floor",
									"Skip":	false,
									"Origin":	{
										"$Position":	{
											"$x":	3096,
											"$y":	2408
										},
										"Type":	"BlockSet",
										"Skip":	false,
										"BlockSet":	{
											"$Position":	{
												"$x":	3728,
												"$y":	2413
											},
											"Inclusive":	true,
											"Materials":	[{
													"$Position":	{
														"$x":	4259,
														"$y":	2397
													},
													"Solid":	"Empty"
												}]
										}
									},
									"Floor":	{
										"$Position":	{
											"$x":	3100,
											"$y":	2587
										},
										"Type":	"BlockSet",
										"Skip":	false,
										"BlockSet":	{
											"$Position":	{
												"$x":	3759,
												"$y":	2597
											},
											"Inclusive":	true,
											"Materials":	[{
													"$Position":	{
														"$x":	4243,
														"$y":	2596
													},
													"Solid":	"Soil_Mud"
												}, {
													"$Position":	{
														"$x":	4243,
														"$y":	2759
													},
													"Solid":	"Soil_Dirt_Cold"
												}, {
													"$Position":	{
														"$x":	4243,
														"$y":	2911
													},
													"Solid":	"Plant_Moss_Block_Blue"
												}]
										}
									}
								},
								"Scanner":	{
									"$Position":	{
										"$x":	2430,
										"$y":	2632
									},
									"Type":	"ColumnLinear",
									"Skip":	false,
									"MaxY":	30,
									"MinY":	0,
									"RelativeToPosition":	false,
									"BaseHeightName":	"Water",
									"TopDownOrder":	false,
									"ResultCap":	1
								}
							}
						}
					}]
			}
		}, {
			"$Position":	{
				"$x":	-384,
				"$y":	5338
			},
			"Max":	0.7,
			"Min":	0.6,
			"Assignments":	{
				"$Position":	{
					"$x":	107,
					"$y":	5337
				},
				"Type":	"Constant",
				"Prop":	{
					"$Position":	{
						"$x":	722,
						"$y":	5326
					},
					"Type":	"Cluster",
					"Skip":	false,
					"Range":	10,
					"Seed":	"A",
					"DistanceCurve":	{
						"$Position":	{
							"$x":	1461,
							"$y":	5298
						},
						"Type":	"Manual",
						"Points":	[{
								"$Position":	{
									"$x":	2069,
									"$y":	5298
								},
								"In":	1,
								"Out":	0.5
							}, {
								"$Position":	{
									"$x":	2068,
									"$y":	5471
								},
								"In":	3,
								"Out":	0
							}]
					},
					"WeightedProps":	[{
							"$Position":	{
								"$x":	1462,
								"$y":	5624
							},
							"Weight":	1,
							"ColumnProp":	{
								"$Position":	{
									"$x":	3240,
									"$y":	5584
								},
								"Type":	"Column",
								"Skip":	false,
								"ColumnBlocks":	[{
										"$Position":	{
											"$x":	3942,
											"$y":	5578
										},
										"Y":	0,
										"Material":	{
											"$Position":	{
												"$x":	4426,
												"$y":	5562
											},
											"Solid":	"Plant_Bush_Lush"
										}
									}],
								"Directionality":	{
									"$Position":	{
										"$x":	3939,
										"$y":	5729
									},
									"Type":	"Static",
									"Rotation":	0,
									"Pattern":	{
										"$Position":	{
											"$x":	4559,
											"$y":	5736
										},
										"Type":	"Floor",
										"Skip":	false,
										"Origin":	{
											"$Position":	{
												"$x":	5207,
												"$y":	5568
											},
											"Type":	"BlockSet",
											"Skip":	false,
											"BlockSet":	{
												"$Position":	{
													"$x":	5839,
													"$y":	5573
												},
												"Inclusive":	true,
												"Materials":	[{
														"$Position":	{
															"$x":	6371,
															"$y":	5557
														},
														"Solid":	"Empty"
													}]
											}
										},
										"Floor":	{
											"$Position":	{
												"$x":	5211,
												"$y":	5747
											},
											"Type":	"BlockSet",
											"Skip":	false,
											"BlockSet":	{
												"$Position":	{
													"$x":	5865,
													"$y":	5751
												},
												"Inclusive":	true,
												"Materials":	[{
														"$Position":	{
															"$x":	6349,
															"$y":	5750
														},
														"Solid":	"Soil_Mud"
													}, {
														"$Position":	{
															"$x":	6349,
															"$y":	5913
														},
														"Solid":	"Soil_Dirt_Cold"
													}, {
														"$Position":	{
															"$x":	6349,
															"$y":	6065
														},
														"Solid":	"Plant_Moss_Block_Blue"
													}]
											}
										}
									}
								},
								"Scanner":	{
									"$Position":	{
										"$x":	3947,
										"$y":	5929
									},
									"Type":	"ColumnLinear",
									"Skip":	false,
									"MaxY":	10,
									"MinY":	0,
									"RelativeToPosition":	false,
									"BaseHeightName":	"Water",
									"TopDownOrder":	false,
									"ResultCap":	1
								}
							}
						}],
					"Pattern":	{
						"$Position":	{
							"$x":	1445,
							"$y":	5915
						},
						"Type":	"Floor",
						"Skip":	false,
						"Origin":	{
							"$Position":	{
								"$x":	2093,
								"$y":	5862
							},
							"Type":	"BlockSet",
							"Skip":	false,
							"BlockSet":	{
								"$Position":	{
									"$x":	2725,
									"$y":	5867
								},
								"Inclusive":	true,
								"Materials":	[{
										"$Position":	{
											"$x":	3256,
											"$y":	5851
										},
										"Solid":	"Empty"
									}]
							}
						},
						"Floor":	{
							"$Position":	{
								"$x":	2097,
								"$y":	6041
							},
							"Type":	"BlockSet",
							"Skip":	false,
							"BlockSet":	{
								"$Position":	{
									"$x":	2756,
									"$y":	6051
								},
								"Inclusive":	true,
								"Materials":	[{
										"$Position":	{
											"$x":	3240,
											"$y":	6050
										},
										"Solid":	"Soil_Mud"
									}, {
										"$Position":	{
											"$x":	3240,
											"$y":	6213
										},
										"Solid":	"Soil_Dirt_Cold"
									}, {
										"$Position":	{
											"$x":	3240,
											"$y":	6365
										},
										"Solid":	"Plant_Moss_Block_Blue"
									}]
							}
						}
					},
					"Scanner":	{
						"$Position":	{
							"$x":	1427,
							"$y":	6086
						},
						"Type":	"ColumnLinear",
						"Skip":	false,
						"MaxY":	30,
						"MinY":	0,
						"RelativeToPosition":	false,
						"BaseHeightName":	"Water",
						"TopDownOrder":	false,
						"ResultCap":	1
					}
				}
			}
		}, {
			"$Position":	{
				"$x":	-593,
				"$y":	7371
			},
			"Max":	0.8,
			"Min":	0.7,
			"Assignments":	{
				"$Position":	{
					"$x":	-108,
					"$y":	7373
				},
				"Type":	"Weighted",
				"SkipChance":	0.3,
				"Seed":	"A",
				"WeightedAssignments":	[{
						"$Position":	{
							"$x":	630,
							"$y":	7364
						},
						"Weight":	1,
						"Assignments":	{
							"$Position":	{
								"$x":	1166,
								"$y":	7380
							},
							"Type":	"Constant",
							"Prop":	{
								"$Position":	{
									"$x":	1806,
									"$y":	7366
								},
								"Type":	"Union",
								"Skip":	false,
								"Props":	[{
										"$Position":	{
											"$x":	2482,
											"$y":	7317
										},
										"Type":	"Prefab",
										"Skip":	false,
										"WeightedPrefabPaths":	[{
												"$Position":	{
													"$x":	3244,
													"$y":	7292
												},
												"Path":	"Trees/Fir/Stage_1",
												"Weight":	100
											}],
										"LegacyPath":	false,
										"LoadEntities":	true,
										"Directionality":	{
											"$Position":	{
												"$x":	3267,
												"$y":	7495
											},
											"Type":	"Random",
											"Seed":	"A",
											"Pattern":	{
												"$Position":	{
													"$x":	3911,
													"$y":	7527
												},
												"Type":	"Imported",
												"Skip":	false,
												"Name":	"Boreal1_Hedera_Trees_Basic_Pattern"
											}
										},
										"Scanner":	{
											"$Position":	{
												"$x":	3238,
												"$y":	7659
											},
											"Type":	"ColumnLinear",
											"Skip":	false,
											"MaxY":	80,
											"MinY":	-5,
											"RelativeToPosition":	false,
											"BaseHeightName":	"Water",
											"TopDownOrder":	false,
											"ResultCap":	1
										},
										"MoldingDirection":	"None",
										"MoldingChildren":	false
									}, {
										"$Position":	{
											"$x":	2504,
											"$y":	8281
										},
										"Type":	"Cluster",
										"Skip":	false,
										"Range":	10,
										"Seed":	"A",
										"DistanceCurve":	{
											"$Position":	{
												"$x":	3201,
												"$y":	8255
											},
											"Type":	"Manual",
											"Points":	[{
													"$Position":	{
														"$x":	3846,
														"$y":	8114
													},
													"In":	9,
													"Out":	0.0025
												}, {
													"$Position":	{
														"$x":	3829,
														"$y":	8264
													},
													"In":	10,
													"Out":	0
												}]
										},
										"WeightedProps":	[{
												"$Position":	{
													"$x":	3247,
													"$y":	8458
												},
												"Weight":	1,
												"ColumnProp":	{
													"$Position":	{
														"$x":	3817,
														"$y":	8425
													},
													"Type":	"Column",
													"Skip":	false,
													"ColumnBlocks":	[{
															"$Position":	{
																"$x":	4532,
																"$y":	8437
															},
															"Y":	0,
															"Material":	{
																"$Position":	{
																	"$x":	4952,
																	"$y":	8408
																},
																"Solid":	"Wood_Sticks"
															}
														}],
													"Directionality":	{
														"$Position":	{
															"$x":	4531,
															"$y":	8585
														},
														"Type":	"Static",
														"Rotation":	0,
														"Pattern":	{
															"$Position":	{
																"$x":	5139,
																"$y":	8586
															},
															"Type":	"Imported",
															"Skip":	false,
															"Name":	"Boreal1_Hedera_Trees_Basic_Pattern"
														}
													},
													"Scanner":	{
														"$Position":	{
															"$x":	4535,
															"$y":	8727
														},
														"Type":	"ColumnLinear",
														"Skip":	false,
														"MaxY":	5,
														"MinY":	-5,
														"RelativeToPosition":	true,
														"BaseHeightName":	"Water",
														"TopDownOrder":	true,
														"ResultCap":	1
													}
												}
											}],
										"Pattern":	{
											"$Position":	{
												"$x":	3221,
												"$y":	8698
											},
											"Type":	"Imported",
											"Skip":	false,
											"Name":	"Boreal1_Hedera_Trees_Basic_Pattern"
										},
										"Scanner":	{
											"$Position":	{
												"$x":	3226,
												"$y":	8898
											},
											"Type":	"ColumnLinear",
											"Skip":	false,
											"MaxY":	80,
											"MinY":	-10,
											"RelativeToPosition":	false,
											"BaseHeightName":	"Water",
											"TopDownOrder":	false,
											"ResultCap":	1
										}
									}]
							}
						}
					}]
			}
		}, {
			"$Position":	{
				"$x":	-538,
				"$y":	10126
			},
			"Max":	1,
			"Min":	0.8,
			"Assignments":	{
				"$Position":	{
					"$x":	-58,
					"$y":	10132
				},
				"Type":	"Weighted",
				"SkipChance":	0.3,
				"Seed":	"A",
				"WeightedAssignments":	[{
						"$Position":	{
							"$x":	680,
							"$y":	10123
						},
						"Weight":	1,
						"Assignments":	{
							"$Position":	{
								"$x":	1214,
								"$y":	10112
							},
							"Type":	"Constant",
							"Prop":	{
								"$Position":	{
									"$x":	1855,
									"$y":	10093
								},
								"Type":	"Union",
								"Skip":	false,
								"Props":	[{
										"$Position":	{
											"$x":	2531,
											"$y":	10044
										},
										"Type":	"Prefab",
										"Skip":	false,
										"WeightedPrefabPaths":	[{
												"$Position":	{
													"$x":	3290,
													"$y":	9869
												},
												"Path":	"Trees/Fir/Stage_2",
												"Weight":	30
											}, {
												"$Position":	{
													"$x":	3293,
													"$y":	10019
												},
												"Path":	"Trees/Fir/Stage_3",
												"Weight":	70
											}],
										"LegacyPath":	false,
										"LoadEntities":	true,
										"Directionality":	{
											"$Position":	{
												"$x":	3316,
												"$y":	10222
											},
											"Type":	"Random",
											"Seed":	"A",
											"Pattern":	{
												"$Position":	{
													"$x":	3955,
													"$y":	10294
												},
												"Type":	"And",
												"ExportAs":	"Boreal1_Hedera_Trees_Basic_Pattern",
												"Skip":	false,
												"Patterns":	[{
														"$Position":	{
															"$x":	4661,
															"$y":	10203
														},
														"Type":	"Offset",
														"Skip":	false,
														"Pattern":	{
															"$Position":	{
																"$x":	5347,
																"$y":	10208
															},
															"Type":	"BlockType",
															"Skip":	false,
															"Material":	{
																"$Position":	{
																	"$x":	5989,
																	"$y":	10231
																},
																"Solid":	"Empty"
															}
														},
														"Offset":	{
															"$Position":	{
																"$x":	5303,
																"$y":	10377
															},
															"X":	0,
															"Y":	5,
															"Z":	0
														}
													}, {
														"$Position":	{
															"$x":	4674,
															"$y":	10744
														},
														"Type":	"Floor",
														"Skip":	false,
														"Origin":	{
															"$Position":	{
																"$x":	5283,
																"$y":	10646
															},
															"Type":	"BlockType",
															"Skip":	false,
															"Material":	{
																"$Position":	{
																	"$x":	5925,
																	"$y":	10669
																},
																"Solid":	"Empty"
															}
														},
														"Floor":	{
															"$Position":	{
																"$x":	5280,
																"$y":	10856
															},
															"Type":	"BlockSet",
															"Skip":	false,
															"BlockSet":	{
																"$Position":	{
																	"$x":	5893,
																	"$y":	10856
																},
																"Inclusive":	true,
																"Materials":	[{
																		"$Position":	{
																			"$x":	6378,
																			"$y":	10855
																		},
																		"Solid":	"Plant_Moss_Block_Blue"
																	}, {
																		"$Position":	{
																			"$x":	6373,
																			"$y":	11004
																		},
																		"Solid":	"Soil_Gravel"
																	}, {
																		"$Position":	{
																			"$x":	6379,
																			"$y":	11163
																		},
																		"Solid":	"Soil_Dirt_Cold"
																	}, {
																		"$Position":	{
																			"$x":	6383,
																			"$y":	11302
																		},
																		"Solid":	"Soil_Mud"
																	}]
															}
														}
													}]
											}
										},
										"Scanner":	{
											"$Position":	{
												"$x":	3287,
												"$y":	10386
											},
											"Type":	"ColumnLinear",
											"Skip":	false,
											"MaxY":	80,
											"MinY":	-5,
											"RelativeToPosition":	false,
											"BaseHeightName":	"Water",
											"TopDownOrder":	false,
											"ResultCap":	1
										},
										"MoldingDirection":	"None",
										"MoldingChildren":	false
									}, {
										"$Position":	{
											"$x":	2553,
											"$y":	11008
										},
										"Type":	"Cluster",
										"Skip":	false,
										"Range":	10,
										"Seed":	"A",
										"DistanceCurve":	{
											"$Position":	{
												"$x":	3250,
												"$y":	10982
											},
											"Type":	"Manual",
											"Points":	[{
													"$Position":	{
														"$x":	3895,
														"$y":	10841
													},
													"In":	9,
													"Out":	0.0025
												}, {
													"$Position":	{
														"$x":	3878,
														"$y":	10991
													},
													"In":	10,
													"Out":	0
												}]
										},
										"WeightedProps":	[{
												"$Position":	{
													"$x":	3296,
													"$y":	11185
												},
												"Weight":	1,
												"ColumnProp":	{
													"$Position":	{
														"$x":	3866,
														"$y":	11152
													},
													"Type":	"Column",
													"Skip":	false,
													"ColumnBlocks":	[{
															"$Position":	{
																"$x":	4581,
																"$y":	11164
															},
															"Y":	0,
															"Material":	{
																"$Position":	{
																	"$x":	5001,
																	"$y":	11135
																},
																"Solid":	"Wood_Sticks"
															}
														}],
													"Directionality":	{
														"$Position":	{
															"$x":	4580,
															"$y":	11312
														},
														"Type":	"Static",
														"Rotation":	0,
														"Pattern":	{
															"$Position":	{
																"$x":	5188,
																"$y":	11313
															},
															"Type":	"Imported",
															"Skip":	false,
															"Name":	"Boreal1_Hedera_Trees_Basic_Pattern"
														}
													},
													"Scanner":	{
														"$Position":	{
															"$x":	4584,
															"$y":	11454
														},
														"Type":	"ColumnLinear",
														"Skip":	false,
														"MaxY":	5,
														"MinY":	-5,
														"RelativeToPosition":	true,
														"BaseHeightName":	"Water",
														"TopDownOrder":	true,
														"ResultCap":	1
													}
												}
											}],
										"Pattern":	{
											"$Position":	{
												"$x":	3270,
												"$y":	11425
											},
											"Type":	"Imported",
											"Skip":	false,
											"Name":	"Boreal1_Hedera_Trees_Basic_Pattern"
										},
										"Scanner":	{
											"$Position":	{
												"$x":	3275,
												"$y":	11625
											},
											"Type":	"ColumnLinear",
											"Skip":	false,
											"MaxY":	80,
											"MinY":	-10,
											"RelativeToPosition":	false,
											"BaseHeightName":	"Water",
											"TopDownOrder":	false,
											"ResultCap":	1
										}
									}]
							}
						}
					}]
			}
		}],
	"$WorkspaceID":	"HytaleGenerator - Assignments",
	"$Groups":	[{
			"$Position":	{
				"$x":	-565.625,
				"$y":	9772.3125
			},
			"$width":	8212.125,
			"$height":	2508.25,
			"$name":	"Large Trees"
		}, {
			"$Position":	{
				"$x":	-600.4375,
				"$y":	7046.6875
			},
			"$width":	8263.0625,
			"$height":	2508.25,
			"$name":	"Small Trees"
		}, {
			"$Position":	{
				"$x":	-477.9375,
				"$y":	5116.0625
			},
			"$width":	7481.875,
			"$height":	1573.625,
			"$name":	"Bushes"
		}, {
			"$Position":	{
				"$x":	671.125,
				"$y":	-1281
			},
			"$width":	8808.9375,
			"$height":	2440.9375,
			"$name":	"Large Trees"
		}, {
			"$Position":	{
				"$x":	2185.8125,
				"$y":	-2222.5625
			},
			"$width":	5125.5,
			"$height":	936.75,
			"$name":	"Dead Stumps"
		}, {
			"$Position":	{
				"$x":	494.125,
				"$y":	1663.25
			},
			"$width":	7513.25,
			"$height":	1573.625,
			"$name":	"Bushes"
		}, {
			"$Position":	{
				"$x":	848.8125,
				"$y":	-3743.9375
			},
			"$width":	5125.5,
			"$height":	936.75,
			"$name":	"Small Fir"
		}, {
			"$Position":	{
				"$x":	814.75,
				"$y":	-5430.6875
			},
			"$width":	7481.875,
			"$height":	1573.625,
			"$name":	"Bushes"
		}, {
			"$Position":	{
				"$x":	868.1875,
				"$y":	-7172.0625
			},
			"$width":	7481.875,
			"$height":	1573.625,
			"$name":	"Leaves"
		}]
}