{
	"$Title":	"[ROOT] Weighted Assignments",
	"$Position":	{
		"$x":	7762,
		"$y":	-721
	},
	"Type":	"FieldFunction",
	"ExportAs":	"Boreal1_Hedera_Mosses",
	"FieldFunction":	{
		"$Position":	{
			"$x":	8450,
			"$y":	-745
		},
		"Type":	"SimplexNoise2D",
		"Skip":	false,
		"Lacunarity":	2,
		"Persistence":	0.5,
		"Octaves":	1,
		"Scale":	30,
		"Seed":	"21356"
	},
	"Delimiters":	[{
			"$Position":	{
				"$x":	8654,
				"$y":	-2536
			},
			"Max":	-0.6,
			"Min":	-1,
			"Assignments":	{
				"$Position":	{
					"$x":	9149,
					"$y":	-2538
				},
				"Type":	"Weighted",
				"SkipChance":	0.5,
				"Seed":	"A",
				"WeightedAssignments":	[{
						"$Position":	{
							"$x":	9901,
							"$y":	-2534
						},
						"Weight":	1,
						"Assignments":	{
							"$Position":	{
								"$x":	10384,
								"$y":	-2533
							},
							"Type":	"Constant",
							"Prop":	{
								"$Position":	{
									"$x":	11078,
									"$y":	-2534
								},
								"Type":	"Union",
								"Skip":	false,
								"Props":	[{
										"$Position":	{
											"$x":	11726,
											"$y":	-2562
										},
										"Type":	"Column",
										"Skip":	false,
										"ColumnBlocks":	[{
												"$Position":	{
													"$x":	12428,
													"$y":	-2568
												},
												"Y":	0,
												"Material":	{
													"$Position":	{
														"$x":	12966,
														"$y":	-2553
													},
													"Solid":	"Plant_Grass_Gnarled"
												}
											}],
										"Directionality":	{
											"$Position":	{
												"$x":	12432,
												"$y":	-2389
											},
											"Type":	"Static",
											"Rotation":	0,
											"Pattern":	{
												"$Position":	{
													"$x":	13046,
													"$y":	-2385
												},
												"Type":	"Imported",
												"Skip":	false,
												"Name":	"Boreal1_Hedera_Mosses_Pattern"
											}
										},
										"Scanner":	{
											"$Position":	{
												"$x":	12433,
												"$y":	-2219
											},
											"Type":	"ColumnLinear",
											"Skip":	false,
											"MaxY":	80,
											"MinY":	-10,
											"RelativeToPosition":	false,
											"BaseHeightName":	"Base",
											"TopDownOrder":	false,
											"ResultCap":	2
										}
									}]
							}
						}
					}]
			}
		}, {
			"$Position":	{
				"$x":	8467,
				"$y":	-5
			},
			"Max":	0.8,
			"Min":	0.6,
			"Assignments":	{
				"$Position":	{
					"$x":	8962,
					"$y":	-7
				},
				"Type":	"Weighted",
				"SkipChance":	0.5,
				"Seed":	"A",
				"WeightedAssignments":	[{
						"$Position":	{
							"$x":	9714,
							"$y":	-3
						},
						"Weight":	1,
						"Assignments":	{
							"$Position":	{
								"$x":	10197,
								"$y":	-2
							},
							"Type":	"Constant",
							"Prop":	{
								"$Position":	{
									"$x":	10891,
									"$y":	-3
								},
								"Type":	"Union",
								"Skip":	false,
								"Props":	[{
										"$Position":	{
											"$x":	11539,
											"$y":	-31
										},
										"Type":	"Column",
										"Skip":	false,
										"ColumnBlocks":	[{
												"$Position":	{
													"$x":	12241,
													"$y":	-37
												},
												"Y":	0,
												"Material":	{
													"$Position":	{
														"$x":	12779,
														"$y":	-22
													},
													"Solid":	"Plant_Moss_Short_Blue"
												}
											}],
										"Directionality":	{
											"$Position":	{
												"$x":	12245,
												"$y":	142
											},
											"Type":	"Static",
											"Rotation":	0,
											"Pattern":	{
												"$Position":	{
													"$x":	12845,
													"$y":	137
												},
												"Type":	"And",
												"ExportAs":	"Boreal1_Hedera_Mosses_Pattern",
												"Skip":	false,
												"Patterns":	[{
														"$Position":	{
															"$x":	13486,
															"$y":	135
														},
														"Type":	"Floor",
														"Skip":	false,
														"Origin":	{
															"$Position":	{
																"$x":	14134,
																"$y":	-32
															},
															"Type":	"BlockSet",
															"Skip":	false,
															"BlockSet":	{
																"$Position":	{
																	"$x":	14766,
																	"$y":	-27
																},
																"Inclusive":	true,
																"Materials":	[{
																		"$Position":	{
																			"$x":	15259,
																			"$y":	-27
																		},
																		"Solid":	"Empty"
																	}]
															}
														},
														"Floor":	{
															"$Position":	{
																"$x":	14079,
																"$y":	319
															},
															"Type":	"BlockSet",
															"Skip":	false,
															"BlockSet":	{
																"$Position":	{
																	"$x":	14738,
																	"$y":	329
																},
																"Inclusive":	true,
																"Materials":	[{
																		"$Position":	{
																			"$x":	15234,
																			"$y":	316
																		},
																		"Solid":	"Soil_Mud"
																	}, {
																		"$Position":	{
																			"$x":	15238,
																			"$y":	487
																		},
																		"Solid":	"Soil_Dirt_Cold"
																	}, {
																		"$Position":	{
																			"$x":	15238,
																			"$y":	662
																		},
																		"Solid":	"Plant_Moss_Block_Blue"
																	}]
															}
														}
													}]
											}
										},
										"Scanner":	{
											"$Position":	{
												"$x":	12246,
												"$y":	312
											},
											"Type":	"ColumnLinear",
											"Skip":	false,
											"MaxY":	80,
											"MinY":	-10,
											"RelativeToPosition":	false,
											"BaseHeightName":	"Base",
											"TopDownOrder":	false,
											"ResultCap":	2
										}
									}]
							}
						}
					}]
			}
		}, {
			"$Position":	{
				"$x":	8442,
				"$y":	1411
			},
			"Max":	1,
			"Min":	0.8,
			"Assignments":	{
				"$Position":	{
					"$x":	8934,
					"$y":	1413
				},
				"Type":	"Weighted",
				"SkipChance":	0.1,
				"Seed":	"A",
				"WeightedAssignments":	[{
						"$Position":	{
							"$x":	9679,
							"$y":	1427
						},
						"Weight":	100,
						"Assignments":	{
							"$Position":	{
								"$x":	10186,
								"$y":	1437
							},
							"Type":	"Constant",
							"Prop":	{
								"$Position":	{
									"$x":	10779,
									"$y":	1432
								},
								"Type":	"Union",
								"Skip":	false,
								"Props":	[{
										"$Position":	{
											"$x":	11384,
											"$y":	1432
										},
										"Type":	"Column",
										"Skip":	false,
										"ColumnBlocks":	[{
												"$Position":	{
													"$x":	12064,
													"$y":	1432
												},
												"Y":	0,
												"Material":	{
													"$Position":	{
														"$x":	12515,
														"$y":	1427
													},
													"Solid":	"Plant_Moss_Blue"
												}
											}],
										"Directionality":	{
											"$Position":	{
												"$x":	12074,
												"$y":	1609
											},
											"Type":	"Static",
											"Rotation":	0,
											"Pattern":	{
												"$Position":	{
													"$x":	12688,
													"$y":	1599
												},
												"Type":	"Imported",
												"Skip":	false,
												"Name":	"Boreal1_Hedera_Mosses_Pattern"
											}
										},
										"Scanner":	{
											"$Position":	{
												"$x":	12069,
												"$y":	1783
											},
											"Type":	"ColumnLinear",
											"Skip":	false,
											"MaxY":	80,
											"MinY":	-10,
											"RelativeToPosition":	false,
											"BaseHeightName":	"Base",
											"TopDownOrder":	false,
											"ResultCap":	2
										}
									}]
							}
						}
					}]
			}
		}],
	"$WorkspaceID":	"HytaleGenerator - Assignments",
	"$Groups":	[]
}