{
	"$Title":	"[ROOT] Weighted Assignments",
	"$Position":	{
		"$x":	-1500,
		"$y":	6877
	},
	"Type":	"FieldFunction",
	"ExportAs":	"Boreal1_Hedera_Rubble",
	"FieldFunction":	{
		"$Position":	{
			"$x":	-620,
			"$y":	6486
		},
		"Type":	"SimplexNoise2D",
		"Skip":	false,
		"Lacunarity":	2,
		"Persistence":	0.5,
		"Octaves":	1,
		"Scale":	120,
		"Seed":	"1235"
	},
	"Delimiters":	[{
			"$Position":	{
				"$x":	-725,
				"$y":	7305
			},
			"Max":	1,
			"Min":	-1,
			"Assignments":	{
				"$Position":	{
					"$x":	-234,
					"$y":	7304
				},
				"Type":	"Constant",
				"Prop":	{
					"$Position":	{
						"$x":	380,
						"$y":	7293
					},
					"Type":	"Cluster",
					"Skip":	false,
					"Range":	10,
					"Seed":	"A",
					"DistanceCurve":	{
						"$Position":	{
							"$x":	1119,
							"$y":	7265
						},
						"Type":	"Manual",
						"Points":	[{
								"$Position":	{
									"$x":	1727,
									"$y":	7265
								},
								"In":	1,
								"Out":	0.5
							}, {
								"$Position":	{
									"$x":	1726,
									"$y":	7438
								},
								"In":	3,
								"Out":	0
							}]
					},
					"WeightedProps":	[{
							"$Position":	{
								"$x":	1120,
								"$y":	7591
							},
							"Weight":	1,
							"ColumnProp":	{
								"$Position":	{
									"$x":	2898,
									"$y":	7551
								},
								"Type":	"Column",
								"Skip":	false,
								"ColumnBlocks":	[{
										"$Position":	{
											"$x":	3600,
											"$y":	7545
										},
										"Y":	0,
										"Material":	{
											"$Position":	{
												"$x":	4058,
												"$y":	7531
											},
											"Solid":	"Rubble_Shale"
										}
									}],
								"Directionality":	{
									"$Position":	{
										"$x":	3597,
										"$y":	7696
									},
									"Type":	"Static",
									"Rotation":	0,
									"Pattern":	{
										"$Position":	{
											"$x":	4217,
											"$y":	7703
										},
										"Type":	"Floor",
										"Skip":	false,
										"Origin":	{
											"$Position":	{
												"$x":	4865,
												"$y":	7535
											},
											"Type":	"BlockSet",
											"Skip":	false,
											"BlockSet":	{
												"$Position":	{
													"$x":	5497,
													"$y":	7540
												},
												"Inclusive":	true,
												"Materials":	[{
														"$Position":	{
															"$x":	6029,
															"$y":	7524
														},
														"Solid":	"Empty"
													}]
											}
										},
										"Floor":	{
											"$Position":	{
												"$x":	4869,
												"$y":	7714
											},
											"Type":	"BlockSet",
											"Skip":	false,
											"BlockSet":	{
												"$Position":	{
													"$x":	5523,
													"$y":	7718
												},
												"Inclusive":	true,
												"Materials":	[{
														"$Position":	{
															"$x":	6007,
															"$y":	7717
														},
														"Solid":	"Soil_Pebbles_Frozen"
													}]
											}
										}
									}
								},
								"Scanner":	{
									"$Position":	{
										"$x":	3605,
										"$y":	7896
									},
									"Type":	"ColumnLinear",
									"Skip":	false,
									"MaxY":	5,
									"MinY":	0,
									"RelativeToPosition":	false,
									"BaseHeightName":	"Water",
									"TopDownOrder":	false,
									"ResultCap":	1
								}
							}
						}],
					"Pattern":	{
						"$Position":	{
							"$x":	1103,
							"$y":	7882
						},
						"Type":	"Floor",
						"Skip":	false,
						"Origin":	{
							"$Position":	{
								"$x":	1751,
								"$y":	7829
							},
							"Type":	"BlockSet",
							"Skip":	false,
							"BlockSet":	{
								"$Position":	{
									"$x":	2383,
									"$y":	7834
								},
								"Inclusive":	true,
								"Materials":	[{
										"$Position":	{
											"$x":	2914,
											"$y":	7818
										},
										"Solid":	"Empty"
									}]
							}
						},
						"Floor":	{
							"$Position":	{
								"$x":	1755,
								"$y":	8008
							},
							"Type":	"BlockSet",
							"Skip":	false,
							"BlockSet":	{
								"$Position":	{
									"$x":	2414,
									"$y":	8018
								},
								"Inclusive":	true,
								"Materials":	[{
										"$Position":	{
											"$x":	2898,
											"$y":	8017
										},
										"Solid":	"Soil_Pebbles_Frozen"
									}]
							}
						}
					},
					"Scanner":	{
						"$Position":	{
							"$x":	1085,
							"$y":	8053
						},
						"Type":	"ColumnLinear",
						"Skip":	false,
						"MaxY":	30,
						"MinY":	0,
						"RelativeToPosition":	false,
						"BaseHeightName":	"Water",
						"TopDownOrder":	false,
						"ResultCap":	1
					}
				}
			}
		}],
	"$WorkspaceID":	"HytaleGenerator - Assignments",
	"$Groups":	[]
}