{
	"$Title":	"[ROOT] Weighted Assignments",
	"$Position":	{
		"$x":	-1128,
		"$y":	3991
	},
	"Type":	"Weighted",
	"ExportAs":	"Boreal1_Hedera_Mushrooms_Glowing",
	"SkipChance":	0,
	"Seed":	"A",
	"WeightedAssignments":	[{
			"$Position":	{
				"$x":	-369,
				"$y":	3996
			},
			"Weight":	1,
			"Assignments":	{
				"$Position":	{
					"$x":	102,
					"$y":	4003
				},
				"Type":	"Constant",
				"Prop":	{
					"$Position":	{
						"$x":	731,
						"$y":	4006
					},
					"Type":	"Union",
					"Skip":	false,
					"Props":	[{
							"$Position":	{
								"$x":	1763,
								"$y":	2848
							},
							"Type":	"Prefab",
							"Skip":	false,
							"WeightedPrefabPaths":	[{
									"$Position":	{
										"$x":	2514,
										"$y":	2743
									},
									"Path":	"Npc/Hedera/Throne",
									"Weight":	1
								}],
							"LegacyPath":	false,
							"LoadEntities":	true,
							"Directionality":	{
								"$Position":	{
									"$x":	2509,
									"$y":	2899
								},
								"Type":	"Static",
								"Rotation":	0,
								"Pattern":	{
									"$Position":	{
										"$x":	3125,
										"$y":	2909
									},
									"Type":	"Floor",
									"Skip":	false,
									"Origin":	{
										"$Position":	{
											"$x":	3762,
											"$y":	2910
										},
										"Type":	"BlockSet",
										"Skip":	false,
										"BlockSet":	{
											"$Position":	{
												"$x":	4391,
												"$y":	2922
											},
											"Inclusive":	true,
											"Materials":	[{
													"$Position":	{
														"$x":	4870,
														"$y":	2933
													},
													"Solid":	"Empty"
												}]
										}
									},
									"Floor":	{
										"$Position":	{
											"$x":	3778,
											"$y":	3069
										},
										"Type":	"BlockSet",
										"Skip":	false,
										"BlockSet":	{
											"$Position":	{
												"$x":	4406,
												"$y":	3081
											},
											"Inclusive":	false,
											"Materials":	[{
													"$Position":	{
														"$x":	4886,
														"$y":	3091
													},
													"Solid":	"Empty"
												}]
										}
									}
								}
							},
							"Scanner":	{
								"$Position":	{
									"$x":	2504,
									"$y":	3065
								},
								"Type":	"ColumnLinear",
								"Skip":	false,
								"MaxY":	25,
								"MinY":	-10,
								"RelativeToPosition":	false,
								"BaseHeightName":	"Base",
								"TopDownOrder":	true,
								"ResultCap":	1
							},
							"MoldingDirection":	"NONE",
							"MoldingChildren":	false
						}, {
							"$Position":	{
								"$x":	1697,
								"$y":	3973
							},
							"Type":	"Cluster",
							"Skip":	false,
							"Range":	10,
							"Seed":	"A",
							"DistanceCurve":	{
								"$Position":	{
									"$x":	2436,
									"$y":	3945
								},
								"Type":	"Manual",
								"Points":	[{
										"$Position":	{
											"$x":	3044,
											"$y":	3945
										},
										"In":	10,
										"Out":	0.05
									}, {
										"$Position":	{
											"$x":	3043,
											"$y":	4118
										},
										"In":	10.1,
										"Out":	0
									}]
							},
							"WeightedProps":	[{
									"$Position":	{
										"$x":	2437,
										"$y":	4271
									},
									"Weight":	1,
									"ColumnProp":	{
										"$Position":	{
											"$x":	4215,
											"$y":	4231
										},
										"Type":	"Column",
										"Skip":	false,
										"ColumnBlocks":	[{
												"$Position":	{
													"$x":	4917,
													"$y":	4225
												},
												"Y":	0,
												"Material":	{
													"$Position":	{
														"$x":	5401,
														"$y":	4209
													},
													"Solid":	"Plant_Crop_Mushroom_Glowing_Purple"
												}
											}],
										"Directionality":	{
											"$Position":	{
												"$x":	4914,
												"$y":	4376
											},
											"Type":	"Static",
											"Rotation":	0,
											"Pattern":	{
												"$Position":	{
													"$x":	5534,
													"$y":	4383
												},
												"Type":	"Floor",
												"Skip":	false,
												"Origin":	{
													"$Position":	{
														"$x":	6182,
														"$y":	4215
													},
													"Type":	"BlockSet",
													"Skip":	false,
													"BlockSet":	{
														"$Position":	{
															"$x":	6814,
															"$y":	4220
														},
														"Inclusive":	true,
														"Materials":	[{
																"$Position":	{
																	"$x":	7346,
																	"$y":	4204
																},
																"Solid":	"Empty"
															}]
													}
												},
												"Floor":	{
													"$Position":	{
														"$x":	6186,
														"$y":	4394
													},
													"Type":	"BlockSet",
													"Skip":	false,
													"BlockSet":	{
														"$Position":	{
															"$x":	6840,
															"$y":	4398
														},
														"Inclusive":	true,
														"Materials":	[{
																"$Position":	{
																	"$x":	7324,
																	"$y":	4397
																},
																"Solid":	"Soil_Mud"
															}, {
																"$Position":	{
																	"$x":	7324,
																	"$y":	4560
																},
																"Solid":	"Soil_Dirt_Cold"
															}, {
																"$Position":	{
																	"$x":	7324,
																	"$y":	4712
																},
																"Solid":	"Plant_Moss_Block_Blue"
															}]
													}
												}
											}
										},
										"Scanner":	{
											"$Position":	{
												"$x":	4922,
												"$y":	4576
											},
											"Type":	"ColumnLinear",
											"Skip":	false,
											"MaxY":	30,
											"MinY":	0,
											"RelativeToPosition":	false,
											"BaseHeightName":	"Water",
											"TopDownOrder":	false,
											"ResultCap":	1
										}
									}
								}],
							"Pattern":	{
								"$Position":	{
									"$x":	2420,
									"$y":	4562
								},
								"Type":	"Floor",
								"Skip":	false,
								"Origin":	{
									"$Position":	{
										"$x":	3068,
										"$y":	4509
									},
									"Type":	"BlockSet",
									"Skip":	false,
									"BlockSet":	{
										"$Position":	{
											"$x":	3700,
											"$y":	4514
										},
										"Inclusive":	true,
										"Materials":	[{
												"$Position":	{
													"$x":	4231,
													"$y":	4498
												},
												"Solid":	"Empty"
											}]
									}
								},
								"Floor":	{
									"$Position":	{
										"$x":	3072,
										"$y":	4688
									},
									"Type":	"BlockSet",
									"Skip":	false,
									"BlockSet":	{
										"$Position":	{
											"$x":	3731,
											"$y":	4698
										},
										"Inclusive":	true,
										"Materials":	[{
												"$Position":	{
													"$x":	4215,
													"$y":	4697
												},
												"Solid":	"Soil_Mud"
											}, {
												"$Position":	{
													"$x":	4215,
													"$y":	4860
												},
												"Solid":	"Soil_Dirt_Cold"
											}, {
												"$Position":	{
													"$x":	4215,
													"$y":	5012
												},
												"Solid":	"Plant_Moss_Block_Blue"
											}]
									}
								}
							},
							"Scanner":	{
								"$Position":	{
									"$x":	2402,
									"$y":	4733
								},
								"Type":	"ColumnLinear",
								"Skip":	false,
								"MaxY":	30,
								"MinY":	0,
								"RelativeToPosition":	false,
								"BaseHeightName":	"Water",
								"TopDownOrder":	false,
								"ResultCap":	1
							}
						}]
				}
			}
		}],
	"$WorkspaceID":	"HytaleGenerator - Assignments",
	"$Groups":	[{
			"$Position":	{
				"$x":	1656.5625,
				"$y":	3763.5625
			},
			"$width":	6321.875,
			"$height":	1649.1875,
			"$name":	"Bushes"
		}, {
			"$Position":	{
				"$x":	1744.6875,
				"$y":	2614.5625
			},
			"$width":	3861.5,
			"$height":	936.75,
			"$name":	"Hedera Throne"
		}]
}