{
	"$Title":	"[ROOT] Weighted Assignments",
	"$Position":	{
		"$x":	7762,
		"$y":	-721
	},
	"Type":	"FieldFunction",
	"ExportAs":	"Boreal1_Hedera_Lilypad",
	"FieldFunction":	{
		"$Position":	{
			"$x":	8450,
			"$y":	-745
		},
		"Type":	"SimplexNoise2D",
		"Skip":	false,
		"Lacunarity":	2,
		"Persistence":	0.5,
		"Octaves":	1,
		"Scale":	30,
		"Seed":	"21356"
	},
	"Delimiters":	[{
			"$Position":	{
				"$x":	8467,
				"$y":	-5
			},
			"Max":	1,
			"Min":	-1,
			"Assignments":	{
				"$Position":	{
					"$x":	8962,
					"$y":	-7
				},
				"Type":	"Weighted",
				"SkipChance":	0.3,
				"Seed":	"A",
				"WeightedAssignments":	[{
						"$Position":	{
							"$x":	9714,
							"$y":	-3
						},
						"Weight":	1,
						"Assignments":	{
							"$Position":	{
								"$x":	10197,
								"$y":	-2
							},
							"Type":	"Constant",
							"Prop":	{
								"$Position":	{
									"$x":	10891,
									"$y":	-3
								},
								"Type":	"Union",
								"Skip":	false,
								"Props":	[{
										"$Position":	{
											"$x":	11539,
											"$y":	-31
										},
										"Type":	"Column",
										"Skip":	false,
										"ColumnBlocks":	[{
												"$Position":	{
													"$x":	12241,
													"$y":	-37
												},
												"Y":	0,
												"Material":	{
													"$Position":	{
														"$x":	12659,
														"$y":	-41
													},
													"Solid":	"Plant_Flower_Water_Green"
												}
											}],
										"Directionality":	{
											"$Position":	{
												"$x":	12245,
												"$y":	142
											},
											"Type":	"Static",
											"Rotation":	0,
											"Pattern":	{
												"$Position":	{
													"$x":	12845,
													"$y":	137
												},
												"Type":	"And",
												"Skip":	false,
												"Patterns":	[{
														"$Position":	{
															"$x":	13486,
															"$y":	135
														},
														"Type":	"Floor",
														"Skip":	false,
														"Origin":	{
															"$Position":	{
																"$x":	14134,
																"$y":	-32
															},
															"Type":	"BlockSet",
															"Skip":	false,
															"BlockSet":	{
																"$Position":	{
																	"$x":	14766,
																	"$y":	-27
																},
																"Inclusive":	true,
																"Materials":	[{
																		"$Position":	{
																			"$x":	15259,
																			"$y":	-27
																		},
																		"Solid":	"Empty"
																	}]
															}
														},
														"Floor":	{
															"$Position":	{
																"$x":	14079,
																"$y":	319
															},
															"Type":	"BlockSet",
															"Skip":	false,
															"BlockSet":	{
																"$Position":	{
																	"$x":	14738,
																	"$y":	329
																},
																"Inclusive":	true,
																"Materials":	[{
																		"$Position":	{
																			"$x":	15234,
																			"$y":	316
																		},
																		"Fluid":	"Water_Source"
																	}]
															}
														}
													}]
											}
										},
										"Scanner":	{
											"$Position":	{
												"$x":	12246,
												"$y":	312
											},
											"Type":	"ColumnLinear",
											"Skip":	false,
											"MaxY":	5,
											"MinY":	-5,
											"RelativeToPosition":	false,
											"BaseHeightName":	"Base",
											"TopDownOrder":	false,
											"ResultCap":	2
										}
									}]
							}
						}
					}]
			}
		}],
	"$WorkspaceID":	"HytaleGenerator - Assignments",
	"$Groups":	[]
}