{
	"$Title":	"[ROOT] Weighted Assignments",
	"$Position":	{
		"$x":	7740,
		"$y":	-753
	},
	"Type":	"FieldFunction",
	"ExportAs":	"Boreal1_Hedera_Crystals",
	"FieldFunction":	{
		"$Position":	{
			"$x":	8450,
			"$y":	-745
		},
		"Type":	"SimplexNoise2D",
		"Skip":	false,
		"Lacunarity":	2,
		"Persistence":	0.5,
		"Octaves":	1,
		"Scale":	30,
		"Seed":	"21356"
	},
	"Delimiters":	[{
			"$Position":	{
				"$x":	8604,
				"$y":	38
			},
			"Max":	0.75,
			"Min":	0.6,
			"Assignments":	{
				"$Position":	{
					"$x":	9099,
					"$y":	36
				},
				"Type":	"Weighted",
				"SkipChance":	0.8,
				"Seed":	"A",
				"WeightedAssignments":	[{
						"$Position":	{
							"$x":	9851,
							"$y":	40
						},
						"Weight":	1,
						"Assignments":	{
							"$Position":	{
								"$x":	10334,
								"$y":	41
							},
							"Type":	"Constant",
							"Prop":	{
								"$Position":	{
									"$x":	11028,
									"$y":	40
								},
								"Type":	"Union",
								"Skip":	false,
								"Props":	[{
										"$Position":	{
											"$x":	11676,
											"$y":	12
										},
										"Type":	"Column",
										"Skip":	false,
										"ColumnBlocks":	[{
												"$Position":	{
													"$x":	12378,
													"$y":	6
												},
												"Y":	0,
												"Material":	{
													"$Position":	{
														"$x":	12861,
														"$y":	4
													},
													"Solid":	"Rock_Crystal_Purple_Medium|Pitch=180"
												}
											}],
										"Directionality":	{
											"$Position":	{
												"$x":	12382,
												"$y":	185
											},
											"Type":	"Static",
											"Rotation":	0,
											"Pattern":	{
												"$Position":	{
													"$x":	12982,
													"$y":	180
												},
												"Type":	"And",
												"Skip":	false,
												"Patterns":	[{
														"$Position":	{
															"$x":	13639,
															"$y":	-265
														},
														"Type":	"Offset",
														"Skip":	false,
														"Pattern":	{
															"$Position":	{
																"$x":	14245,
																"$y":	-406
															},
															"Type":	"BlockType",
															"Skip":	false,
															"Material":	{
																"$Position":	{
																	"$x":	14924,
																	"$y":	-399
																},
																"Solid":	"Empty"
															}
														},
														"Offset":	{
															"$Position":	{
																"$x":	14284,
																"$y":	-219
															},
															"X":	0,
															"Y":	-2,
															"Z":	0
														}
													}, {
														"$Position":	{
															"$x":	13620,
															"$y":	187
														},
														"Type":	"Ceiling",
														"Skip":	false,
														"Ceiling":	{
															"$Position":	{
																"$x":	14247,
																"$y":	198
															},
															"Type":	"BlockSet",
															"Skip":	false,
															"BlockSet":	{
																"$Position":	{
																	"$x":	14906,
																	"$y":	208
																},
																"Inclusive":	true,
																"Materials":	[{
																		"$Position":	{
																			"$x":	15402,
																			"$y":	195
																		},
																		"Solid":	"Wood_Petrified_Trunk"
																	}, {
																		"$Position":	{
																			"$x":	15406,
																			"$y":	366
																		},
																		"Solid":	"Soil_Clay_Black"
																	}]
															}
														},
														"Origin":	{
															"$Position":	{
																"$x":	14278,
																"$y":	698
															},
															"Type":	"BlockSet",
															"Skip":	false,
															"BlockSet":	{
																"$Position":	{
																	"$x":	14910,
																	"$y":	703
																},
																"Inclusive":	true,
																"Materials":	[{
																		"$Position":	{
																			"$x":	15403,
																			"$y":	703
																		},
																		"Fluid":	"Empty"
																	}]
															}
														}
													}]
											}
										},
										"Scanner":	{
											"$Position":	{
												"$x":	12383,
												"$y":	355
											},
											"Type":	"ColumnLinear",
											"Skip":	false,
											"MaxY":	30,
											"MinY":	10,
											"RelativeToPosition":	false,
											"BaseHeightName":	"Base",
											"TopDownOrder":	false,
											"ResultCap":	1
										}
									}]
							}
						}
					}]
			}
		}, {
			"$Position":	{
				"$x":	8623,
				"$y":	1785
			},
			"Max":	1,
			"Min":	0.75,
			"Assignments":	{
				"$Position":	{
					"$x":	9118,
					"$y":	1783
				},
				"Type":	"Weighted",
				"SkipChance":	0.8,
				"Seed":	"A",
				"WeightedAssignments":	[{
						"$Position":	{
							"$x":	9870,
							"$y":	1787
						},
						"Weight":	1,
						"Assignments":	{
							"$Position":	{
								"$x":	10353,
								"$y":	1788
							},
							"Type":	"Constant",
							"Prop":	{
								"$Position":	{
									"$x":	11047,
									"$y":	1787
								},
								"Type":	"Union",
								"Skip":	false,
								"Props":	[{
										"$Position":	{
											"$x":	11695,
											"$y":	1759
										},
										"Type":	"Column",
										"Skip":	false,
										"ColumnBlocks":	[{
												"$Position":	{
													"$x":	12397,
													"$y":	1753
												},
												"Y":	0,
												"Material":	{
													"$Position":	{
														"$x":	12880,
														"$y":	1751
													},
													"Solid":	"Rock_Crystal_Purple_Large|Pitch=180"
												}
											}],
										"Directionality":	{
											"$Position":	{
												"$x":	12401,
												"$y":	1932
											},
											"Type":	"Static",
											"Rotation":	0,
											"Pattern":	{
												"$Position":	{
													"$x":	13001,
													"$y":	1927
												},
												"Type":	"And",
												"Skip":	false,
												"Patterns":	[{
														"$Position":	{
															"$x":	13658,
															"$y":	1481
														},
														"Type":	"Offset",
														"Skip":	false,
														"Pattern":	{
															"$Position":	{
																"$x":	14264,
																"$y":	1340
															},
															"Type":	"BlockType",
															"Skip":	false,
															"Material":	{
																"$Position":	{
																	"$x":	14943,
																	"$y":	1347
																},
																"Solid":	"Empty"
															}
														},
														"Offset":	{
															"$Position":	{
																"$x":	14303,
																"$y":	1527
															},
															"X":	0,
															"Y":	-2,
															"Z":	0
														}
													}, {
														"$Position":	{
															"$x":	13639,
															"$y":	1934
														},
														"Type":	"Ceiling",
														"Skip":	false,
														"Ceiling":	{
															"$Position":	{
																"$x":	14266,
																"$y":	1945
															},
															"Type":	"BlockSet",
															"Skip":	false,
															"BlockSet":	{
																"$Position":	{
																	"$x":	14925,
																	"$y":	1955
																},
																"Inclusive":	true,
																"Materials":	[{
																		"$Position":	{
																			"$x":	15421,
																			"$y":	1942
																		},
																		"Solid":	"Wood_Petrified_Trunk"
																	}, {
																		"$Position":	{
																			"$x":	15425,
																			"$y":	2113
																		},
																		"Solid":	"Soil_Clay_Black"
																	}]
															}
														},
														"Origin":	{
															"$Position":	{
																"$x":	14297,
																"$y":	2445
															},
															"Type":	"BlockSet",
															"Skip":	false,
															"BlockSet":	{
																"$Position":	{
																	"$x":	14929,
																	"$y":	2450
																},
																"Inclusive":	true,
																"Materials":	[{
																		"$Position":	{
																			"$x":	15422,
																			"$y":	2450
																		},
																		"Fluid":	"Empty"
																	}]
															}
														}
													}]
											}
										},
										"Scanner":	{
											"$Position":	{
												"$x":	12402,
												"$y":	2102
											},
											"Type":	"ColumnLinear",
											"Skip":	false,
											"MaxY":	30,
											"MinY":	10,
											"RelativeToPosition":	false,
											"BaseHeightName":	"Base",
											"TopDownOrder":	false,
											"ResultCap":	1
										}
									}]
							}
						}
					}]
			}
		}],
	"$WorkspaceID":	"HytaleGenerator - Assignments",
	"$Groups":	[]
}