{
	"$NodeId":	"FieldFunction.Assignments-c2a6402e-7d78-46f8-a736-f1f3a3ae660f",
	"Type":	"FieldFunction",
	"ExportAs":	"Volcanic1_Jungle_Grasses",
	"FieldFunction":	{
		"$NodeId":	"SimplexNoise2DDensityNode-423ff0cf-9265-4e07-803e-85395b819209",
		"Type":	"SimplexNoise2D",
		"Skip":	false,
		"Lacunarity":	2,
		"Persistence":	0.5,
		"Octaves":	1,
		"Scale":	20,
		"Seed":	"21356"
	},
	"Delimiters":	[{
			"$NodeId":	"Delimiter.FieldFunction.Assignments-200a31be-6ff3-4f2f-ad96-db06e6062da6",
			"Max":	0,
			"Min":	-1,
			"Assignments":	{
				"$NodeId":	"Weighted.Assignments-71d75c30-c459-4ab5-8dbf-c19183066d9b",
				"Type":	"Weighted",
				"SkipChance":	0.9,
				"Seed":	"A",
				"WeightedAssignments":	[{
						"$NodeId":	"Weight.Weighted.Assignments-bfac052b-604d-4f8d-b0ba-cfeb64cb5cfb",
						"Weight":	1,
						"Assignments":	{
							"$NodeId":	"Constant.Assignments-363a7f35-d4d3-49ba-8ee7-76f524354656",
							"Type":	"Constant",
							"Prop":	{
								"$NodeId":	"Column.Prop-1a6dffa4-f7dd-4f4d-8456-893e88fa4ac7",
								"Type":	"Column",
								"Skip":	false,
								"ColumnBlocks":	[{
										"$NodeId":	"Block.Column.Prop-f83b54bf-cce9-44f6-b838-68866d0cb36e",
										"Y":	0,
										"Material":	{
											"$NodeId":	"Material-c9d2ab77-fd0f-4e2c-bacc-6d3588af8445",
											"Solid":	"Plant_Grass_Lush_Short"
										}
									}],
								"Directionality":	{
									"$NodeId":	"Static.Directionality-b6d430d6-bc76-4a7e-ba23-f4f79f070f53",
									"Type":	"Static",
									"Rotation":	0,
									"Pattern":	{
										"$NodeId":	"Floor.Pattern-663a11b3-7f40-4f74-9b25-16242cc4334c",
										"Type":	"Floor",
										"ExportAs":	"Volcanic1_Swamp_Grasses",
										"Skip":	false,
										"Origin":	{
											"$NodeId":	"BlockSet.Pattern-fcca4e0c-d16a-40ae-9bdc-d02cd90d5cde",
											"Type":	"BlockSet",
											"Skip":	false,
											"BlockSet":	{
												"$NodeId":	"BlockSet.BlockMask-65c5d60b-4a37-405a-9aff-7a30b9d025d8",
												"Inclusive":	true,
												"Materials":	[{
														"$NodeId":	"Material-cbb7d6cb-3551-4e13-98f9-77fc3b85a43a",
														"Solid":	"Empty"
													}]
											}
										},
										"Floor":	{
											"$NodeId":	"BlockSet.Pattern-20f49cd9-7f8e-44ba-a466-95d714d3dce9",
											"Type":	"BlockSet",
											"Skip":	false,
											"BlockSet":	{
												"$NodeId":	"BlockSet.BlockMask-8a6686e9-fd34-4072-9439-39fc92d69476",
												"Inclusive":	true,
												"Materials":	[{
														"$NodeId":	"Material-0966a586-1452-42e2-a21f-296d04cb81e2",
														"Solid":	"Soil_Grass_Deep"
													}, {
														"$NodeId":	"Material-d1958b6e-0b50-458f-b343-497fe0ea66a5",
														"Solid":	"Soil_Grass"
													}]
											}
										}
									}
								},
								"Scanner":	{
									"$NodeId":	"ColumnLinear.Scanner-0aa0933e-eeed-4121-b0d1-22487173c528",
									"Type":	"ColumnLinear",
									"Skip":	false,
									"MaxY":	130,
									"MinY":	30,
									"RelativeToPosition":	false,
									"BaseHeightName":	"Bedrock",
									"TopDownOrder":	false,
									"ResultCap":	1
								}
							}
						}
					}]
			}
		}, {
			"$NodeId":	"Delimiter.FieldFunction.Assignments-d2b492aa-cd00-4f7b-90d2-9d02b8f3b196",
			"Max":	0.55,
			"Min":	0,
			"Assignments":	{
				"$NodeId":	"Weighted.Assignments-e29a696f-09c3-4c8c-ad5a-c17d951d7c7d",
				"Type":	"Weighted",
				"SkipChance":	0.5,
				"Seed":	"A",
				"WeightedAssignments":	[{
						"$NodeId":	"Weight.Weighted.Assignments-c37dc7fd-7034-474e-b67a-674499a9fb67",
						"Weight":	1,
						"Assignments":	{
							"$NodeId":	"Constant.Assignments-31bb1f16-9b6d-40c9-afb0-71da68a24dcf",
							"Type":	"Constant",
							"Prop":	{
								"$NodeId":	"Column.Prop-48cf437c-224d-46c9-bc43-603d77e542fa",
								"Type":	"Column",
								"Skip":	false,
								"ColumnBlocks":	[{
										"$NodeId":	"Block.Column.Prop-20fcf9e2-f7be-46e1-a16a-8e4e99654ac6",
										"Y":	0,
										"Material":	{
											"$NodeId":	"Material-24893ab4-b53d-48db-8053-0adb6206b0ef",
											"Solid":	"Plant_Grass_Sharp"
										}
									}],
								"Directionality":	{
									"$NodeId":	"Static.Directionality-3cd934d2-9c2a-4b85-8b21-55c5b563d5f0",
									"Type":	"Static",
									"Rotation":	0,
									"Pattern":	{
										"$NodeId":	"Imported.Pattern-230ef22b-4b8c-4c73-82a4-e28a30933d53",
										"Type":	"Imported",
										"Skip":	false,
										"Name":	"Volcanic1_Swamp_Grasses"
									}
								},
								"Scanner":	{
									"$NodeId":	"ColumnLinear.Scanner-a4b60f4e-ae73-4f71-bf76-134ce447c18a",
									"Type":	"ColumnLinear",
									"Skip":	false,
									"MaxY":	130,
									"MinY":	30,
									"RelativeToPosition":	false,
									"BaseHeightName":	"Bedrock",
									"TopDownOrder":	false,
									"ResultCap":	1
								}
							}
						}
					}]
			}
		}, {
			"$NodeId":	"Delimiter.FieldFunction.Assignments-70d4892c-203e-415a-adc8-7c7d15f57b94",
			"Max":	1,
			"Min":	0.55,
			"Assignments":	{
				"$NodeId":	"Weighted.Assignments-7a004463-2fdc-46f7-8b3d-c89b9ddf96a1",
				"Type":	"Weighted",
				"SkipChance":	0.1,
				"Seed":	"A",
				"WeightedAssignments":	[{
						"$NodeId":	"Weight.Weighted.Assignments-8b278fa1-dbac-4115-9fe1-36a527f1ffdb",
						"Weight":	55,
						"Assignments":	{
							"$NodeId":	"Constant.Assignments-1fdcdd75-7d03-459d-a964-2dde530c29a6",
							"Type":	"Constant",
							"Prop":	{
								"$NodeId":	"Column.Prop-6c72250c-c299-484c-93db-f538a0c12615",
								"Type":	"Column",
								"Skip":	false,
								"ColumnBlocks":	[{
										"$NodeId":	"Block.Column.Prop-7a5a9edf-8d6b-43f6-98c0-fbdb73627939",
										"Y":	0,
										"Material":	{
											"$NodeId":	"Material-96211748-1943-4960-8adb-e460dbe7be14",
											"Solid":	"Plant_Grass_Sharp_Tall"
										}
									}],
								"Directionality":	{
									"$NodeId":	"Static.Directionality-21e3bc19-9c41-46b1-9011-aeb8c11af5a3",
									"Type":	"Static",
									"Rotation":	0,
									"Pattern":	{
										"$NodeId":	"Imported.Pattern-6857c222-f448-49f0-a088-51284e727125",
										"Type":	"Imported",
										"Skip":	false,
										"Name":	"Volcanic1_Swamp_Grasses"
									}
								},
								"Scanner":	{
									"$NodeId":	"ColumnLinear.Scanner-4ec2328a-f19e-4413-9390-e63544b8828c",
									"Type":	"ColumnLinear",
									"Skip":	false,
									"MaxY":	130,
									"MinY":	30,
									"RelativeToPosition":	false,
									"BaseHeightName":	"Bedrock",
									"TopDownOrder":	false,
									"ResultCap":	1
								}
							}
						}
					}, {
						"$NodeId":	"Weight.Weighted.Assignments-11d06b73-3075-4933-90ee-f95609081b63",
						"Weight":	40,
						"Assignments":	{
							"$NodeId":	"Constant.Assignments-7d348e3a-65c5-4f93-912d-fbc37d0518ad",
							"Type":	"Constant",
							"Prop":	{
								"$NodeId":	"Column.Prop-577627ad-0f07-4c51-afb0-2ece6f70a848",
								"Type":	"Column",
								"Skip":	false,
								"ColumnBlocks":	[{
										"$NodeId":	"Block.Column.Prop-f96ec3c8-2050-4612-970c-562add0fa4fa",
										"Y":	0,
										"Material":	{
											"$NodeId":	"Material-e53cf94f-db4a-4f75-bbeb-fd293f32ff5f",
											"Solid":	"Plant_Grass_Sharp_Wild"
										}
									}],
								"Directionality":	{
									"$NodeId":	"Static.Directionality-7e56641a-f848-450e-b0a9-d9fd76587c24",
									"Type":	"Static",
									"Rotation":	0,
									"Pattern":	{
										"$NodeId":	"Imported.Pattern-dbdf4334-3802-47bb-8fb6-55ea196a9868",
										"Type":	"Imported",
										"Skip":	false,
										"Name":	"Volcanic1_Swamp_Grasses"
									}
								},
								"Scanner":	{
									"$NodeId":	"ColumnLinear.Scanner-dc99482f-b0a9-4800-ad2e-84972e773c8a",
									"Type":	"ColumnLinear",
									"Skip":	false,
									"MaxY":	130,
									"MinY":	30,
									"RelativeToPosition":	false,
									"BaseHeightName":	"Bedrock",
									"TopDownOrder":	false,
									"ResultCap":	1
								}
							}
						}
					}, {
						"$NodeId":	"Weight.Weighted.Assignments-d44e766d-e51f-4b2a-aec6-e1acba0553b0",
						"Weight":	5,
						"Assignments":	{
							"$NodeId":	"Constant.Assignments-c0237821-1586-4e41-a9f7-25a65b6e1d7c",
							"Type":	"Constant",
							"Prop":	{
								"$NodeId":	"Prefab.Prop-117982ef-7c44-4539-a6d2-5694e396e84f",
								"Type":	"Prefab",
								"Skip":	false,
								"WeightedPrefabPaths":	[{
										"$NodeId":	"WeightedPath.Prefab.Prop-6e3b5581-54da-4bcc-87e8-40fa06844507",
										"Path":	"Plants/Jungle/Ferns/Island",
										"Weight":	1
									}, {
										"$NodeId":	"WeightedPath.Prefab.Prop-d8c6b23f-1e09-4052-b594-fa068149797b",
										"Path":	"Plants/Jungle/Ferns/Small",
										"Weight":	1
									}],
								"LegacyPath":	false,
								"LoadEntities":	false,
								"Directionality":	{
									"$NodeId":	"Random.Directionality-b3714799-0906-4191-a8fb-af5d7993ac77",
									"Type":	"Random",
									"Seed":	"A",
									"Pattern":	{
										"$NodeId":	"Imported.Pattern-1cbc9f90-af61-4c19-9853-6b517a367a55",
										"Type":	"Imported",
										"Skip":	false,
										"Name":	"Volcanic1_Swamp_Grasses"
									}
								},
								"Scanner":	{
									"$NodeId":	"ColumnLinear.Scanner-ab90ebba-4d78-4659-bcd8-611fd1bb7b73",
									"Type":	"ColumnLinear",
									"Skip":	false,
									"MaxY":	105,
									"MinY":	30,
									"RelativeToPosition":	false,
									"BaseHeightName":	"Bedrock",
									"TopDownOrder":	false,
									"ResultCap":	1
								},
								"MoldingDirection":	"NONE",
								"MoldingChildren":	false
							}
						}
					}]
			}
		}],
	"$NodeEditorMetadata":	{
		"$Nodes":	{
			"FieldFunction.Assignments-c2a6402e-7d78-46f8-a736-f1f3a3ae660f":	{
				"$Position":	{
					"$x":	7762,
					"$y":	-721
				},
				"$Title":	"[ROOT] Weighted Assignments"
			},
			"SimplexNoise2DDensityNode-423ff0cf-9265-4e07-803e-85395b819209":	{
				"$Position":	{
					"$x":	8450,
					"$y":	-745
				}
			},
			"Delimiter.FieldFunction.Assignments-200a31be-6ff3-4f2f-ad96-db06e6062da6":	{
				"$Position":	{
					"$x":	8438,
					"$y":	127
				}
			},
			"Weighted.Assignments-71d75c30-c459-4ab5-8dbf-c19183066d9b":	{
				"$Position":	{
					"$x":	8921,
					"$y":	181
				}
			},
			"Weight.Weighted.Assignments-bfac052b-604d-4f8d-b0ba-cfeb64cb5cfb":	{
				"$Position":	{
					"$x":	9672,
					"$y":	184
				}
			},
			"Constant.Assignments-363a7f35-d4d3-49ba-8ee7-76f524354656":	{
				"$Position":	{
					"$x":	10219,
					"$y":	170
				}
			},
			"Column.Prop-1a6dffa4-f7dd-4f4d-8456-893e88fa4ac7":	{
				"$Position":	{
					"$x":	10870,
					"$y":	152
				}
			},
			"Block.Column.Prop-f83b54bf-cce9-44f6-b838-68866d0cb36e":	{
				"$Position":	{
					"$x":	11572,
					"$y":	151
				}
			},
			"Material-c9d2ab77-fd0f-4e2c-bacc-6d3588af8445":	{
				"$Position":	{
					"$x":	12128,
					"$y":	97
				}
			},
			"Static.Directionality-b6d430d6-bc76-4a7e-ba23-f4f79f070f53":	{
				"$Position":	{
					"$x":	11559,
					"$y":	310
				}
			},
			"Floor.Pattern-663a11b3-7f40-4f74-9b25-16242cc4334c":	{
				"$Position":	{
					"$x":	12194,
					"$y":	342
				}
			},
			"BlockSet.Pattern-fcca4e0c-d16a-40ae-9bdc-d02cd90d5cde":	{
				"$Position":	{
					"$x":	12842,
					"$y":	174
				}
			},
			"BlockSet.BlockMask-65c5d60b-4a37-405a-9aff-7a30b9d025d8":	{
				"$Position":	{
					"$x":	13474,
					"$y":	179
				}
			},
			"Material-cbb7d6cb-3551-4e13-98f9-77fc3b85a43a":	{
				"$Position":	{
					"$x":	14025,
					"$y":	179
				}
			},
			"BlockSet.Pattern-20f49cd9-7f8e-44ba-a466-95d714d3dce9":	{
				"$Position":	{
					"$x":	12787,
					"$y":	527
				}
			},
			"BlockSet.BlockMask-8a6686e9-fd34-4072-9439-39fc92d69476":	{
				"$Position":	{
					"$x":	13446,
					"$y":	537
				}
			},
			"Material-0966a586-1452-42e2-a21f-296d04cb81e2":	{
				"$Position":	{
					"$x":	13964,
					"$y":	534
				}
			},
			"Material-d1958b6e-0b50-458f-b343-497fe0ea66a5":	{
				"$Position":	{
					"$x":	13970,
					"$y":	711
				}
			},
			"ColumnLinear.Scanner-0aa0933e-eeed-4121-b0d1-22487173c528":	{
				"$Position":	{
					"$x":	11577,
					"$y":	502
				}
			},
			"Delimiter.FieldFunction.Assignments-d2b492aa-cd00-4f7b-90d2-9d02b8f3b196":	{
				"$Position":	{
					"$x":	8465,
					"$y":	1157
				}
			},
			"Weighted.Assignments-e29a696f-09c3-4c8c-ad5a-c17d951d7c7d":	{
				"$Position":	{
					"$x":	8960,
					"$y":	1155
				}
			},
			"Weight.Weighted.Assignments-c37dc7fd-7034-474e-b67a-674499a9fb67":	{
				"$Position":	{
					"$x":	9712,
					"$y":	1159
				}
			},
			"Constant.Assignments-31bb1f16-9b6d-40c9-afb0-71da68a24dcf":	{
				"$Position":	{
					"$x":	10195,
					"$y":	1160
				}
			},
			"Column.Prop-48cf437c-224d-46c9-bc43-603d77e542fa":	{
				"$Position":	{
					"$x":	10846,
					"$y":	1142
				}
			},
			"Block.Column.Prop-20fcf9e2-f7be-46e1-a16a-8e4e99654ac6":	{
				"$Position":	{
					"$x":	11548,
					"$y":	1136
				}
			},
			"Material-24893ab4-b53d-48db-8053-0adb6206b0ef":	{
				"$Position":	{
					"$x":	11957,
					"$y":	1118
				}
			},
			"Static.Directionality-3cd934d2-9c2a-4b85-8b21-55c5b563d5f0":	{
				"$Position":	{
					"$x":	11552,
					"$y":	1316
				}
			},
			"Imported.Pattern-230ef22b-4b8c-4c73-82a4-e28a30933d53":	{
				"$Position":	{
					"$x":	12211,
					"$y":	1356
				}
			},
			"ColumnLinear.Scanner-a4b60f4e-ae73-4f71-bf76-134ce447c18a":	{
				"$Position":	{
					"$x":	11553,
					"$y":	1487
				}
			},
			"Delimiter.FieldFunction.Assignments-70d4892c-203e-415a-adc8-7c7d15f57b94":	{
				"$Position":	{
					"$x":	8515,
					"$y":	2195
				}
			},
			"Weighted.Assignments-7a004463-2fdc-46f7-8b3d-c89b9ddf96a1":	{
				"$Position":	{
					"$x":	9007,
					"$y":	2197
				}
			},
			"Weight.Weighted.Assignments-8b278fa1-dbac-4115-9fe1-36a527f1ffdb":	{
				"$Position":	{
					"$x":	9726,
					"$y":	2189
				}
			},
			"Constant.Assignments-1fdcdd75-7d03-459d-a964-2dde530c29a6":	{
				"$Position":	{
					"$x":	10237,
					"$y":	2172
				}
			},
			"Column.Prop-6c72250c-c299-484c-93db-f538a0c12615":	{
				"$Position":	{
					"$x":	10888,
					"$y":	2154
				}
			},
			"Block.Column.Prop-7a5a9edf-8d6b-43f6-98c0-fbdb73627939":	{
				"$Position":	{
					"$x":	11590,
					"$y":	2148
				}
			},
			"Material-96211748-1943-4960-8adb-e460dbe7be14":	{
				"$Position":	{
					"$x":	12165,
					"$y":	2099
				}
			},
			"Static.Directionality-21e3bc19-9c41-46b1-9011-aeb8c11af5a3":	{
				"$Position":	{
					"$x":	11577,
					"$y":	2307
				}
			},
			"Imported.Pattern-6857c222-f448-49f0-a088-51284e727125":	{
				"$Position":	{
					"$x":	12207,
					"$y":	2289
				}
			},
			"ColumnLinear.Scanner-4ec2328a-f19e-4413-9390-e63544b8828c":	{
				"$Position":	{
					"$x":	11595,
					"$y":	2499
				}
			},
			"Weight.Weighted.Assignments-11d06b73-3075-4933-90ee-f95609081b63":	{
				"$Position":	{
					"$x":	9776,
					"$y":	2994
				}
			},
			"Constant.Assignments-7d348e3a-65c5-4f93-912d-fbc37d0518ad":	{
				"$Position":	{
					"$x":	10287,
					"$y":	2977
				}
			},
			"Column.Prop-577627ad-0f07-4c51-afb0-2ece6f70a848":	{
				"$Position":	{
					"$x":	10938,
					"$y":	2959
				}
			},
			"Block.Column.Prop-f96ec3c8-2050-4612-970c-562add0fa4fa":	{
				"$Position":	{
					"$x":	11640,
					"$y":	2953
				}
			},
			"Material-e53cf94f-db4a-4f75-bbeb-fd293f32ff5f":	{
				"$Position":	{
					"$x":	12258,
					"$y":	2866
				}
			},
			"Static.Directionality-7e56641a-f848-450e-b0a9-d9fd76587c24":	{
				"$Position":	{
					"$x":	11627,
					"$y":	3112
				}
			},
			"Imported.Pattern-dbdf4334-3802-47bb-8fb6-55ea196a9868":	{
				"$Position":	{
					"$x":	12257,
					"$y":	3094
				}
			},
			"ColumnLinear.Scanner-dc99482f-b0a9-4800-ad2e-84972e773c8a":	{
				"$Position":	{
					"$x":	11645,
					"$y":	3304
				}
			},
			"Weight.Weighted.Assignments-d44e766d-e51f-4b2a-aec6-e1acba0553b0":	{
				"$Position":	{
					"$x":	9756,
					"$y":	3997
				}
			},
			"Constant.Assignments-c0237821-1586-4e41-a9f7-25a65b6e1d7c":	{
				"$Position":	{
					"$x":	10231,
					"$y":	4009
				}
			},
			"Prefab.Prop-117982ef-7c44-4539-a6d2-5694e396e84f":	{
				"$Position":	{
					"$x":	10843,
					"$y":	4010
				}
			},
			"WeightedPath.Prefab.Prop-6e3b5581-54da-4bcc-87e8-40fa06844507":	{
				"$Position":	{
					"$x":	11566,
					"$y":	3833
				}
			},
			"WeightedPath.Prefab.Prop-d8c6b23f-1e09-4052-b594-fa068149797b":	{
				"$Position":	{
					"$x":	11569,
					"$y":	3991
				}
			},
			"Random.Directionality-b3714799-0906-4191-a8fb-af5d7993ac77":	{
				"$Position":	{
					"$x":	11561,
					"$y":	4149
				}
			},
			"Imported.Pattern-1cbc9f90-af61-4c19-9853-6b517a367a55":	{
				"$Position":	{
					"$x":	12171,
					"$y":	4158
				}
			},
			"ColumnLinear.Scanner-ab90ebba-4d78-4659-bcd8-611fd1bb7b73":	{
				"$Position":	{
					"$x":	11570,
					"$y":	4312
				}
			}
		},
		"$FloatingNodes":	[],
		"$Links":	{
		},
		"$Groups":	[],
		"$Comments":	[],
		"$WorkspaceID":	"HytaleGenerator - Assignments"
	}
}