{
  "Type": "Variant",
  "Reference": "Template_Firewall",
  "Modify": {
    "Appearance": "Backend_Model_Firewall",
    "DropList": "Drop_Firewall",
    "AttackSequence": "Component_Instruction_Attack_Sequence_Eye_Void",
    "MaxHealth": 561,
    "IsMemory": true,
    "MemoriesCategory": "Voidspawn",
    "NameTranslationKey": {
      "Compute": "NameTranslationKey"
    }
  },
  "Parameters": {
    "NameTranslationKey": {
      "Value": "server.npcRoles.Eye_Void.name",
      "Description": "Translation key for NPC name display"
    }
  }
}
