{
	"$Title":	"[ROOT] Biome",
	"$Position":	{
		"$x":	-5779,
		"$y":	-4289
	},
	"Name":	"Basic",
	"Terrain":	{
		"$Position":	{
			"$x":	-2532,
			"$y":	-5552
		},
		"Type":	"DAOTerrain",
		"Density":	{
			"$Position":	{
				"$x":	-1850,
				"$y":	-5573
			},
			"Type":	"Mix",
			"Skip":	false,
			"Inputs":	[{
					"$Position":	{
						"$x":	-799,
						"$y":	-5996
					},
					"Type":	"Exported",
					"ExportAs":	"BasicForestTerrain",
					"SingleInstance":	false,
					"Skip":	false,
					"Inputs":	[{
							"$Position":	{
								"$x":	-109,
								"$y":	-6002
							},
							"Type":	"Sum",
							"Skip":	false,
							"Inputs":	[{
									"$Position":	{
										"$x":	4505,
										"$y":	-12629
									},
									"Type":	"Normalizer",
									"Skip":	false,
									"FromMin":	-1,
									"FromMax":	1,
									"ToMin":	-0.3,
									"ToMax":	0.3,
									"Inputs":	[{
											"$Position":	{
												"$x":	5182,
												"$y":	-12603
											},
											"Type":	"Mix",
											"Skip":	false,
											"Inputs":	[{
													"$Position":	{
														"$x":	5875,
														"$y":	-12962
													},
													"Type":	"Scale",
													"Skip":	false,
													"ScaleX":	1,
													"ScaleY":	1,
													"ScaleZ":	1,
													"Inputs":	[{
															"$Position":	{
																"$x":	6468,
																"$y":	-12958
															},
															"Type":	"Imported",
															"Skip":	false,
															"Name":	"BasicForestErosion"
														}]
												}, {
													"$Position":	{
														"$x":	5888,
														"$y":	-12677
													},
													"Type":	"Constant",
													"Skip":	false,
													"Value":	0
												}, {
													"$Position":	{
														"$x":	5875,
														"$y":	-12477
													},
													"Type":	"Normalizer",
													"Skip":	false,
													"FromMin":	0,
													"FromMax":	30,
													"ToMin":	0,
													"ToMax":	1,
													"Inputs":	[{
															"$Position":	{
																"$x":	6515,
																"$y":	-12394
															},
															"Type":	"Angle",
															"Skip":	false,
															"IsAxis":	true,
															"Vector":	{
																"$Position":	{
																	"$x":	7119,
																	"$y":	-12541
																},
																"X":	0,
																"Y":	1,
																"Z":	-1
															},
															"VectorProvider":	{
																"$Position":	{
																	"$x":	7130,
																	"$y":	-12331
																},
																"Type":	"Imported",
																"Name":	"567567567675567"
															}
														}]
												}]
										}]
								}, {
									"$Position":	{
										"$x":	4487,
										"$y":	-11673
									},
									"Type":	"Normalizer",
									"Skip":	false,
									"FromMin":	-1,
									"FromMax":	1,
									"ToMin":	-0.3,
									"ToMax":	0.3,
									"Inputs":	[{
											"$Position":	{
												"$x":	5164,
												"$y":	-11647
											},
											"Type":	"Mix",
											"Skip":	false,
											"Inputs":	[{
													"$Position":	{
														"$x":	5857,
														"$y":	-12006
													},
													"Type":	"Scale",
													"Skip":	false,
													"ScaleX":	1,
													"ScaleY":	1,
													"ScaleZ":	1,
													"Inputs":	[{
															"$Position":	{
																"$x":	6450,
																"$y":	-12002
															},
															"Type":	"Imported",
															"Skip":	false,
															"Name":	"BasicForestErosion"
														}]
												}, {
													"$Position":	{
														"$x":	5870,
														"$y":	-11721
													},
													"Type":	"Constant",
													"Skip":	false,
													"Value":	0
												}, {
													"$Position":	{
														"$x":	5857,
														"$y":	-11521
													},
													"Type":	"Normalizer",
													"Skip":	false,
													"FromMin":	0,
													"FromMax":	30,
													"ToMin":	0,
													"ToMax":	1,
													"Inputs":	[{
															"$Position":	{
																"$x":	6497,
																"$y":	-11438
															},
															"Type":	"Angle",
															"Skip":	false,
															"IsAxis":	true,
															"Vector":	{
																"$Position":	{
																	"$x":	7101,
																	"$y":	-11585
																},
																"X":	0,
																"Y":	1,
																"Z":	1
															},
															"VectorProvider":	{
																"$Position":	{
																	"$x":	7112,
																	"$y":	-11375
																},
																"Type":	"Imported",
																"Name":	"567567567675567"
															}
														}]
												}]
										}]
								}, {
									"$Position":	{
										"$x":	4479,
										"$y":	-10755
									},
									"Type":	"Normalizer",
									"Skip":	false,
									"FromMin":	-1,
									"FromMax":	1,
									"ToMin":	-0.3,
									"ToMax":	0.3,
									"Inputs":	[{
											"$Position":	{
												"$x":	5156,
												"$y":	-10729
											},
											"Type":	"Mix",
											"Skip":	false,
											"Inputs":	[{
													"$Position":	{
														"$x":	5849,
														"$y":	-11088
													},
													"Type":	"Scale",
													"Skip":	false,
													"ScaleX":	1,
													"ScaleY":	1,
													"ScaleZ":	1,
													"Inputs":	[{
															"$Position":	{
																"$x":	6442,
																"$y":	-11084
															},
															"Type":	"Imported",
															"Skip":	false,
															"Name":	"BasicForestErosion"
														}]
												}, {
													"$Position":	{
														"$x":	5862,
														"$y":	-10803
													},
													"Type":	"Constant",
													"Skip":	false,
													"Value":	0
												}, {
													"$Position":	{
														"$x":	5849,
														"$y":	-10603
													},
													"Type":	"Normalizer",
													"Skip":	false,
													"FromMin":	0,
													"FromMax":	30,
													"ToMin":	0,
													"ToMax":	1,
													"Inputs":	[{
															"$Position":	{
																"$x":	6489,
																"$y":	-10520
															},
															"Type":	"Angle",
															"Skip":	false,
															"IsAxis":	true,
															"Vector":	{
																"$Position":	{
																	"$x":	7093,
																	"$y":	-10667
																},
																"X":	-1,
																"Y":	1,
																"Z":	0
															},
															"VectorProvider":	{
																"$Position":	{
																	"$x":	7104,
																	"$y":	-10457
																},
																"Type":	"Imported",
																"Name":	"567567567675567"
															}
														}]
												}]
										}]
								}, {
									"$Position":	{
										"$x":	4465,
										"$y":	-9785
									},
									"Type":	"Normalizer",
									"Skip":	false,
									"FromMin":	-1,
									"FromMax":	1,
									"ToMin":	-0.3,
									"ToMax":	0.3,
									"Inputs":	[{
											"$Position":	{
												"$x":	5142,
												"$y":	-9759
											},
											"Type":	"Mix",
											"Skip":	false,
											"Inputs":	[{
													"$Position":	{
														"$x":	5835,
														"$y":	-10118
													},
													"Type":	"Scale",
													"Skip":	false,
													"ScaleX":	1,
													"ScaleY":	1,
													"ScaleZ":	1,
													"Inputs":	[{
															"$Position":	{
																"$x":	6437,
																"$y":	-10118
															},
															"Type":	"Exported",
															"ExportAs":	"BasicForestErosion",
															"SingleInstance":	true,
															"Skip":	false,
															"Inputs":	[{
																	"$Position":	{
																		"$x":	7108,
																		"$y":	-10117
																	},
																	"Type":	"Normalizer",
																	"Skip":	false,
																	"FromMin":	0,
																	"FromMax":	1,
																	"ToMin":	-1,
																	"ToMax":	1,
																	"Inputs":	[{
																			"$Position":	{
																				"$x":	7711,
																				"$y":	-10115
																			},
																			"Type":	"Abs",
																			"Skip":	false,
																			"Inputs":	[{
																					"$Position":	{
																						"$x":	8307,
																						"$y":	-10122
																					},
																					"Type":	"SimplexNoise2D",
																					"Skip":	false,
																					"Lacunarity":	2,
																					"Persistence":	0.5,
																					"Octaves":	2,
																					"Scale":	25,
																					"Seed":	"Erosion"
																				}]
																		}]
																}]
														}]
												}, {
													"$Position":	{
														"$x":	5848,
														"$y":	-9833
													},
													"Type":	"Constant",
													"Skip":	false,
													"Value":	0
												}, {
													"$Position":	{
														"$x":	5835,
														"$y":	-9633
													},
													"Type":	"Normalizer",
													"Skip":	false,
													"FromMin":	0,
													"FromMax":	30,
													"ToMin":	0,
													"ToMax":	1,
													"Inputs":	[{
															"$Position":	{
																"$x":	6475,
																"$y":	-9550
															},
															"Type":	"Angle",
															"Skip":	false,
															"IsAxis":	true,
															"Vector":	{
																"$Position":	{
																	"$x":	7079,
																	"$y":	-9697
																},
																"X":	1,
																"Y":	1,
																"Z":	0
															},
															"VectorProvider":	{
																"$Position":	{
																	"$x":	7081,
																	"$y":	-9484
																},
																"Type":	"Exported",
																"ExportAs":	"567567567675567",
																"SingleInstance":	true,
																"VectorProvider":	{
																	"$Position":	{
																		"$x":	7766,
																		"$y":	-9485
																	},
																	"Type":	"Cache",
																	"VectorProvider":	{
																		"$Position":	{
																			"$x":	8436,
																			"$y":	-9485
																		},
																		"Type":	"DensityGradient",
																		"Density":	{
																			"$Position":	{
																				"$x":	9068,
																				"$y":	-9479
																			},
																			"Type":	"Imported",
																			"Skip":	false,
																			"Name":	"BasicForestBaseTerrain"
																		}
																	}
																}
															}
														}]
												}]
										}]
								}, {
									"$Position":	{
										"$x":	720,
										"$y":	-6001
									},
									"Type":	"Exported",
									"ExportAs":	"BasicForestBaseTerrain",
									"SingleInstance":	false,
									"Skip":	false,
									"Inputs":	[{
											"$Position":	{
												"$x":	1423,
												"$y":	-6004
											},
											"Type":	"Mix",
											"Skip":	false,
											"Inputs":	[{
													"$Position":	{
														"$x":	4530,
														"$y":	-7731
													},
													"Type":	"Sum",
													"Skip":	false,
													"Inputs":	[{
															"$Position":	{
																"$x":	5305,
																"$y":	-8158
															},
															"Type":	"AmplitudeConstant",
															"Skip":	false,
															"Value":	1,
															"Inputs":	[{
																	"$Position":	{
																		"$x":	5925,
																		"$y":	-8155
																	},
																	"Type":	"Sum",
																	"Skip":	false,
																	"Inputs":	[{
																			"$Position":	{
																				"$x":	7279,
																				"$y":	-8172
																			},
																			"Type":	"Inverter",
																			"Skip":	false,
																			"Inputs":	[{
																					"$Position":	{
																						"$x":	7904,
																						"$y":	-8172
																					},
																					"Type":	"Abs",
																					"Skip":	false,
																					"Inputs":	[{
																							"$Position":	{
																								"$x":	8523,
																								"$y":	-8165
																							},
																							"Type":	"Imported",
																							"Skip":	false,
																							"Name":	"World-River-Map"
																						}]
																				}]
																		}, {
																			"$Position":	{
																				"$x":	6590,
																				"$y":	-7823
																			},
																			"Type":	"CurveMapper",
																			"Skip":	false,
																			"Curve":	{
																				"$Position":	{
																					"$x":	7211,
																					"$y":	-7587
																				},
																				"Type":	"Manual",
																				"Points":	[{
																						"$Position":	{
																							"$x":	7938,
																							"$y":	-7963
																						},
																						"In":	-10,
																						"Out":	2
																					}, {
																						"$Position":	{
																							"$x":	7932,
																							"$y":	-7801
																						},
																						"In":	-3,
																						"Out":	0.95
																					}, {
																						"$Position":	{
																							"$x":	7932,
																							"$y":	-7624
																						},
																						"In":	-1,
																						"Out":	0.8
																					}, {
																						"$Position":	{
																							"$x":	7935,
																							"$y":	-7455
																						},
																						"In":	0,
																						"Out":	0.7
																					}, {
																						"$Position":	{
																							"$x":	7948,
																							"$y":	-7276
																						},
																						"In":	10,
																						"Out":	-1
																					}]
																			},
																			"Inputs":	[{
																					"$Position":	{
																						"$x":	7228,
																						"$y":	-7833
																					},
																					"Type":	"BaseHeight",
																					"Skip":	false,
																					"BaseHeightName":	"Base",
																					"Distance":	true
																				}]
																		}]
																}]
														}, {
															"$Position":	{
																"$x":	5329,
																"$y":	-7120
															},
															"Type":	"AmplitudeConstant",
															"Skip":	true,
															"Value":	0.5,
															"Inputs":	[{
																	"$Position":	{
																		"$x":	5963,
																		"$y":	-7116
																	},
																	"Type":	"Sum",
																	"Skip":	false,
																	"Inputs":	[{
																			"$Position":	{
																				"$x":	6704,
																				"$y":	-7095
																			},
																			"Type":	"Inverter",
																			"Skip":	false,
																			"Inputs":	[{
																					"$Position":	{
																						"$x":	7354,
																						"$y":	-7091
																					},
																					"Type":	"Imported",
																					"Skip":	false,
																					"Name":	"BasicForestBase"
																				}]
																		}, {
																			"$Position":	{
																				"$x":	6732,
																				"$y":	-6912
																			},
																			"Type":	"CurveMapper",
																			"Skip":	false,
																			"Curve":	{
																				"$Position":	{
																					"$x":	7353,
																					"$y":	-6676
																				},
																				"Type":	"Manual",
																				"Points":	[{
																						"$Position":	{
																							"$x":	8018,
																							"$y":	-6726
																						},
																						"In":	0,
																						"Out":	0
																					}, {
																						"$Position":	{
																							"$x":	8019,
																							"$y":	-6555
																						},
																						"In":	40,
																						"Out":	-1
																					}]
																			},
																			"Inputs":	[{
																					"$Position":	{
																						"$x":	7370,
																						"$y":	-6922
																					},
																					"Type":	"BaseHeight",
																					"Skip":	false,
																					"BaseHeightName":	"Base",
																					"Distance":	true
																				}]
																		}]
																}]
														}]
												}, {
													"$Position":	{
														"$x":	4623,
														"$y":	-5665
													},
													"Type":	"Sum",
													"Skip":	false,
													"Inputs":	[{
															"$Position":	{
																"$x":	5238,
																"$y":	-5831
															},
															"Type":	"Exported",
															"ExportAs":	"BasicForestBase",
															"SingleInstance":	true,
															"Skip":	false,
															"Inputs":	[{
																	"$Position":	{
																		"$x":	5965,
																		"$y":	-5964
																	},
																	"Type":	"Sum",
																	"Skip":	false,
																	"Inputs":	[{
																			"$Position":	{
																				"$x":	6598,
																				"$y":	-6159
																			},
																			"Type":	"AmplitudeConstant",
																			"Skip":	false,
																			"Value":	0.99,
																			"Inputs":	[{
																					"$Position":	{
																						"$x":	7222,
																						"$y":	-6161
																					},
																					"Type":	"SimplexNoise2D",
																					"Skip":	false,
																					"Lacunarity":	4,
																					"Persistence":	0.15,
																					"Octaves":	3,
																					"Scale":	500,
																					"Seed":	"Base"
																				}]
																		}, {
																			"$Position":	{
																				"$x":	6584,
																				"$y":	-5798
																			},
																			"Type":	"AmplitudeConstant",
																			"Skip":	false,
																			"Value":	0.01,
																			"Inputs":	[{
																					"$Position":	{
																						"$x":	7219,
																						"$y":	-5802
																					},
																					"Type":	"SimplexNoise2D",
																					"Skip":	false,
																					"Lacunarity":	2,
																					"Persistence":	2,
																					"Octaves":	2,
																					"Scale":	30,
																					"Seed":	"BaseNoise"
																				}]
																		}]
																}]
														}, {
															"$Position":	{
																"$x":	5342,
																"$y":	-5490
															},
															"Type":	"CurveMapper",
															"Skip":	false,
															"Curve":	{
																"$Position":	{
																	"$x":	5963,
																	"$y":	-5254
																},
																"Type":	"Manual",
																"Points":	[{
																		"$Position":	{
																			"$x":	6616,
																			"$y":	-5396
																		},
																		"In":	0,
																		"Out":	1
																	}, {
																		"$Position":	{
																			"$x":	6623,
																			"$y":	-5244
																		},
																		"In":	25,
																		"Out":	-1
																	}]
															},
															"Inputs":	[{
																	"$Position":	{
																		"$x":	5980,
																		"$y":	-5500
																	},
																	"Type":	"BaseHeight",
																	"Skip":	false,
																	"BaseHeightName":	"Base",
																	"Distance":	true
																}]
														}]
												}, {
													"$Position":	{
														"$x":	3918,
														"$y":	-4640
													},
													"Type":	"Exported",
													"ExportAs":	"BasicForestRiverMask",
													"SingleInstance":	true,
													"Skip":	false,
													"Inputs":	[{
															"$Position":	{
																"$x":	4561,
																"$y":	-4641
															},
															"Type":	"Sum",
															"Skip":	false,
															"Inputs":	[{
																	"$Position":	{
																		"$x":	5306,
																		"$y":	-4695
																	},
																	"Type":	"Normalizer",
																	"Skip":	false,
																	"FromMin":	-1,
																	"FromMax":	-0.85,
																	"ToMin":	0,
																	"ToMax":	1,
																	"Inputs":	[{
																			"$Position":	{
																				"$x":	5950,
																				"$y":	-4684
																			},
																			"Type":	"Inverter",
																			"Skip":	false,
																			"Inputs":	[{
																					"$Position":	{
																						"$x":	6587,
																						"$y":	-4675
																					},
																					"Type":	"Abs",
																					"Skip":	false,
																					"Inputs":	[{
																							"$Position":	{
																								"$x":	7227,
																								"$y":	-4678
																							},
																							"Type":	"Imported",
																							"Skip":	false,
																							"Name":	"World-River-Map"
																						}]
																				}]
																		}]
																}, {
																	"$Position":	{
																		"$x":	5266,
																		"$y":	-4333
																	},
																	"Type":	"AmplitudeConstant",
																	"Skip":	false,
																	"Value":	0.05,
																	"Inputs":	[{
																			"$Position":	{
																				"$x":	6087,
																				"$y":	-4334
																			},
																			"Type":	"Imported",
																			"Skip":	false,
																			"Name":	"BasicForestErosion"
																		}]
																}, {
																	"$Position":	{
																		"$x":	5304,
																		"$y":	-4053
																	},
																	"Type":	"AmplitudeConstant",
																	"Skip":	false,
																	"Value":	0.2,
																	"Inputs":	[{
																			"$Position":	{
																				"$x":	6049,
																				"$y":	-4067
																			},
																			"Type":	"Scale",
																			"Skip":	false,
																			"ScaleX":	3,
																			"ScaleY":	3,
																			"ScaleZ":	3,
																			"Inputs":	[{
																					"$Position":	{
																						"$x":	6708,
																						"$y":	-4062
																					},
																					"Type":	"Imported",
																					"Skip":	false,
																					"Name":	"BasicForestErosion"
																				}]
																		}]
																}]
														}]
												}]
										}]
								}]
						}]
				}, {
					"$Position":	{
						"$x":	-940,
						"$y":	-5592
					},
					"Type":	"CurveMapper",
					"Skip":	false,
					"Curve":	{
						"$Position":	{
							"$x":	-352,
							"$y":	-5373
						},
						"Type":	"Manual",
						"Points":	[{
								"$Position":	{
									"$x":	268,
									"$y":	-5451
								},
								"In":	0,
								"Out":	1
							}, {
								"$Position":	{
									"$x":	270,
									"$y":	-5300
								},
								"In":	0.1,
								"Out":	-1
							}]
					},
					"Inputs":	[{
							"$Position":	{
								"$x":	-323,
								"$y":	-5604
							},
							"Type":	"BaseHeight",
							"Skip":	false,
							"BaseHeightName":	"Base",
							"Distance":	true
						}]
				}, {
					"$Position":	{
						"$x":	-1207,
						"$y":	-5076
					},
					"Type":	"CurveMapper",
					"Skip":	false,
					"Curve":	{
						"$Position":	{
							"$x":	-620,
							"$y":	-4856
						},
						"Type":	"Manual",
						"Points":	[{
								"$Position":	{
									"$x":	-2,
									"$y":	-5089
								},
								"In":	-10,
								"Out":	1
							}, {
								"$Position":	{
									"$x":	1,
									"$y":	-4934
								},
								"In":	-5,
								"Out":	0
							}, {
								"$Position":	{
									"$x":	2,
									"$y":	-4784
								},
								"In":	20,
								"Out":	0
							}, {
								"$Position":	{
									"$x":	0,
									"$y":	-4629
								},
								"In":	30,
								"Out":	1
							}]
					},
					"Inputs":	[{
							"$Position":	{
								"$x":	-591,
								"$y":	-5088
							},
							"Type":	"BaseHeight",
							"Skip":	false,
							"BaseHeightName":	"Base",
							"Distance":	true
						}]
				}]
		}
	},
	"MaterialProvider":	{
		"$Position":	{
			"$x":	-10528,
			"$y":	2020
		},
		"Type":	"Solidity",
		"Solid":	{
			"$Position":	{
				"$x":	-9930,
				"$y":	2023
			},
			"Type":	"Queue",
			"Queue":	[{
					"$Position":	{
						"$x":	-9172,
						"$y":	1919
					},
					"Type":	"SimpleHorizontal",
					"TopY":	30,
					"TopBaseHeight":	"Base",
					"BottomY":	-10,
					"BottomBaseHeight":	"Base",
					"Material":	{
						"$Position":	{
							"$x":	-8473,
							"$y":	1926
						},
						"Type":	"SpaceAndDepth",
						"LayerContext":	"DEPTH_INTO_FLOOR",
						"MaxExpectedDepth":	4,
						"Condition":	{
							"$Position":	{
								"$x":	-7848,
								"$y":	1928
							},
							"Type":	"AlwaysTrueCondition"
						},
						"Layers":	[{
								"$Position":	{
									"$x":	-7848,
									"$y":	2032
								},
								"Type":	"ConstantThickness",
								"Thickness":	4,
								"Material":	{
									"$Position":	{
										"$x":	-7411,
										"$y":	2028
									},
									"Type":	"FieldFunction",
									"FieldFunction":	{
										"$Position":	{
											"$x":	-6728,
											"$y":	1999
										},
										"Type":	"Angle",
										"Skip":	false,
										"IsAxis":	true,
										"Vector":	{
											"$Position":	{
												"$x":	-6085,
												"$y":	1802
											},
											"X":	0,
											"Y":	1,
											"Z":	0
										},
										"VectorProvider":	{
											"$Position":	{
												"$x":	-6157,
												"$y":	2009
											},
											"Type":	"Cache",
											"VectorProvider":	{
												"$Position":	{
													"$x":	-5498,
													"$y":	2000
												},
												"Type":	"DensityGradient",
												"Density":	{
													"$Position":	{
														"$x":	-4890,
														"$y":	1993
													},
													"Type":	"Imported",
													"Skip":	false,
													"Name":	"BasicForestTerrain"
												}
											}
										}
									},
									"Delimiters":	[{
											"$Position":	{
												"$x":	-6724,
												"$y":	2216
											},
											"From":	0,
											"To":	40,
											"Material":	{
												"$Position":	{
													"$x":	-6285,
													"$y":	2454
												},
												"Type":	"Queue",
												"Queue":	[{
														"$Position":	{
															"$x":	-5492,
															"$y":	2668
														},
														"Type":	"SpaceAndDepth",
														"LayerContext":	"DEPTH_INTO_FLOOR",
														"MaxExpectedDepth":	1,
														"Condition":	{
															"$Position":	{
																"$x":	-4852,
																"$y":	2645
															},
															"Type":	"AlwaysTrueCondition"
														},
														"Layers":	[{
																"$Position":	{
																	"$x":	-4864,
																	"$y":	2760
																},
																"Type":	"ConstantThickness",
																"Thickness":	1,
																"Material":	{
																	"$Position":	{
																		"$x":	-4458,
																		"$y":	2761
																	},
																	"Type":	"Constant",
																	"Material":	{
																		"$Position":	{
																			"$x":	-3830,
																			"$y":	2770
																		},
																		"Solid":	"Soil_Grass_Full"
																	}
																}
															}]
													}, {
														"$Position":	{
															"$x":	-5472,
															"$y":	3233
														},
														"Type":	"SpaceAndDepth",
														"LayerContext":	"DEPTH_INTO_FLOOR",
														"MaxExpectedDepth":	4,
														"Condition":	{
															"$Position":	{
																"$x":	-4855,
																"$y":	3219
															},
															"Type":	"AlwaysTrueCondition"
														},
														"Layers":	[{
																"$Position":	{
																	"$x":	-4820,
																	"$y":	3325
																},
																"Type":	"RangeThickness",
																"RangeMax":	4,
																"RangeMin":	2,
																"Seed":	"Dirt",
																"Material":	{
																	"$Position":	{
																		"$x":	-4303,
																		"$y":	3333
																	},
																	"Type":	"Constant",
																	"Material":	{
																		"$Position":	{
																			"$x":	-3667,
																			"$y":	3340
																		},
																		"Solid":	"Soil_Dirt"
																	}
																}
															}]
													}]
											}
										}]
								}
							}]
					}
				}, {
					"$Position":	{
						"$x":	-9172,
						"$y":	2614
					},
					"Type":	"Constant",
					"Material":	{
						"$Position":	{
							"$x":	-8529,
							"$y":	2606
						},
						"Solid":	"Rock_Stone"
					}
				}]
		},
		"Empty":	{
			"$Position":	{
				"$x":	-10146,
				"$y":	4694
			},
			"Type":	"Queue",
			"Queue":	[{
					"$Position":	{
						"$x":	-9470,
						"$y":	4688
					},
					"Type":	"SimpleHorizontal",
					"TopY":	0,
					"TopBaseHeight":	"Base",
					"BottomY":	-20,
					"BottomBaseHeight":	"Base",
					"Material":	{
						"$Position":	{
							"$x":	-8829,
							"$y":	4685
						},
						"Type":	"Constant",
						"Material":	{
							"$Position":	{
								"$x":	-8184,
								"$y":	4675
							},
							"Solid":	"Fluid_Water"
						}
					}
				}, {
					"$Comment":	"REQUIRED",
					"$Position":	{
						"$x":	-9465,
						"$y":	4963
					},
					"Type":	"Constant",
					"Material":	{
						"$Position":	{
							"$x":	-8769,
							"$y":	4992
						},
						"Solid":	"Empty"
					}
				}]
		}
	},
	"Props":	[{
			"$Position":	{
				"$x":	3962,
				"$y":	-3334
			},
			"Skip":	false,
			"Runtime":	0,
			"Positions":	{
				"$Position":	{
					"$x":	4567,
					"$y":	-3347
				},
				"Type":	"Mesh2D",
				"Skip":	false,
				"PointsY":	0,
				"PointGenerator":	{
					"$Position":	{
						"$x":	5267,
						"$y":	-3334
					},
					"Type":	"Mesh",
					"Jitter":	0,
					"ScaleX":	1,
					"ScaleY":	1,
					"ScaleZ":	1,
					"Seed":	"1"
				}
			},
			"Assignments":	{
				"$Position":	{
					"$x":	4651,
					"$y":	-3090
				},
				"Type":	"Imported",
				"Name":	"Plains1_Gorges_Grasses"
			}
		}, {
			"$Position":	{
				"$x":	3720,
				"$y":	-2237
			},
			"Skip":	false,
			"Runtime":	0,
			"Positions":	{
				"$Position":	{
					"$x":	4245,
					"$y":	-2454
				},
				"Type":	"Mesh2D",
				"Skip":	false,
				"PointsY":	0,
				"PointGenerator":	{
					"$Position":	{
						"$x":	4963,
						"$y":	-2463
					},
					"Type":	"Mesh",
					"Jitter":	0,
					"ScaleX":	1,
					"ScaleY":	1,
					"ScaleZ":	1,
					"Seed":	"A"
				}
			},
			"Assignments":	{
				"$Position":	{
					"$x":	4715,
					"$y":	-2176
				},
				"Type":	"FieldFunction",
				"FieldFunction":	{
					"$Position":	{
						"$x":	5579,
						"$y":	-2432
					},
					"Type":	"SimplexNoise2D",
					"Skip":	false,
					"Lacunarity":	2,
					"Persistence":	3,
					"Octaves":	2,
					"Scale":	20,
					"Seed":	"Bush"
				},
				"Delimiters":	[{
						"$Position":	{
							"$x":	5587,
							"$y":	-1920
						},
						"Max":	-0.65,
						"Min":	-1,
						"Assignments":	{
							"$Position":	{
								"$x":	6093,
								"$y":	-1911
							},
							"Type":	"Weighted",
							"SkipChance":	0.2,
							"Seed":	"A",
							"WeightedAssignments":	[{
									"$Position":	{
										"$x":	6844,
										"$y":	-1908
									},
									"Weight":	1,
									"Assignments":	{
										"$Position":	{
											"$x":	7391,
											"$y":	-1922
										},
										"Type":	"Constant",
										"Prop":	{
											"$Position":	{
												"$x":	8042,
												"$y":	-1940
											},
											"Type":	"Column",
											"Skip":	false,
											"ColumnBlocks":	[{
													"$Position":	{
														"$x":	8744,
														"$y":	-1941
													},
													"Y":	0,
													"Material":	{
														"$Position":	{
															"$x":	9300,
															"$y":	-1995
														},
														"Solid":	"Plant_Bush"
													}
												}],
											"Directionality":	{
												"$Position":	{
													"$x":	8731,
													"$y":	-1782
												},
												"Type":	"Static",
												"Rotation":	0,
												"Pattern":	{
													"$Position":	{
														"$x":	9368,
														"$y":	-1763
													},
													"Type":	"Imported",
													"Skip":	false,
													"Name":	"Floor_Grass_Pattern"
												}
											},
											"Scanner":	{
												"$Position":	{
													"$x":	8723,
													"$y":	-1585
												},
												"Type":	"Imported",
												"Skip":	false,
												"Name":	"BasicForestTreeScanner"
											}
										}
									}
								}]
						}
					}]
			}
		}, {
			"$Position":	{
				"$x":	3677,
				"$y":	-507
			},
			"Skip":	false,
			"Runtime":	0,
			"Positions":	{
				"$Position":	{
					"$x":	4202,
					"$y":	-723
				},
				"Type":	"Mesh2D",
				"Skip":	false,
				"PointsY":	0,
				"PointGenerator":	{
					"$Position":	{
						"$x":	4920,
						"$y":	-733
					},
					"Type":	"Mesh",
					"Jitter":	0,
					"ScaleX":	1,
					"ScaleY":	1,
					"ScaleZ":	1,
					"Seed":	"A"
				}
			},
			"Assignments":	{
				"$Position":	{
					"$x":	4672,
					"$y":	-446
				},
				"Type":	"FieldFunction",
				"FieldFunction":	{
					"$Position":	{
						"$x":	5536,
						"$y":	-702
					},
					"Type":	"SimplexNoise2D",
					"Skip":	false,
					"Lacunarity":	2,
					"Persistence":	3,
					"Octaves":	2,
					"Scale":	20,
					"Seed":	"Flower"
				},
				"Delimiters":	[{
						"$Position":	{
							"$x":	5544,
							"$y":	-190
						},
						"Max":	-0.8,
						"Min":	-1,
						"Assignments":	{
							"$Position":	{
								"$x":	6050,
								"$y":	-181
							},
							"Type":	"Weighted",
							"SkipChance":	0.2,
							"Seed":	"A",
							"WeightedAssignments":	[{
									"$Position":	{
										"$x":	6801,
										"$y":	-178
									},
									"Weight":	1,
									"Assignments":	{
										"$Position":	{
											"$x":	7348,
											"$y":	-192
										},
										"Type":	"Constant",
										"Prop":	{
											"$Position":	{
												"$x":	7999,
												"$y":	-210
											},
											"Type":	"Column",
											"Skip":	false,
											"ColumnBlocks":	[{
													"$Position":	{
														"$x":	8701,
														"$y":	-211
													},
													"Y":	0,
													"Material":	{
														"$Position":	{
															"$x":	9257,
															"$y":	-265
														},
														"Solid":	"Plant_Flower_Common_White2"
													}
												}],
											"Directionality":	{
												"$Position":	{
													"$x":	8688,
													"$y":	-52
												},
												"Type":	"Static",
												"Rotation":	0,
												"Pattern":	{
													"$Position":	{
														"$x":	9325,
														"$y":	-33
													},
													"Type":	"Imported",
													"Skip":	false,
													"Name":	"Floor_Grass_Pattern"
												}
											},
											"Scanner":	{
												"$Position":	{
													"$x":	8680,
													"$y":	144
												},
												"Type":	"Imported",
												"Skip":	false,
												"Name":	"BasicForestTreeScanner"
											}
										}
									}
								}]
						}
					}]
			}
		}, {
			"$Position":	{
				"$x":	3700,
				"$y":	1234
			},
			"Skip":	false,
			"Runtime":	0,
			"Positions":	{
				"$Position":	{
					"$x":	4225,
					"$y":	1018
				},
				"Type":	"Mesh2D",
				"Skip":	false,
				"PointsY":	0,
				"PointGenerator":	{
					"$Position":	{
						"$x":	4943,
						"$y":	1008
					},
					"Type":	"Mesh",
					"Jitter":	0,
					"ScaleX":	1,
					"ScaleY":	1,
					"ScaleZ":	1,
					"Seed":	"A"
				}
			},
			"Assignments":	{
				"$Position":	{
					"$x":	4695,
					"$y":	1295
				},
				"Type":	"FieldFunction",
				"FieldFunction":	{
					"$Position":	{
						"$x":	5559,
						"$y":	1039
					},
					"Type":	"SimplexNoise2D",
					"Skip":	false,
					"Lacunarity":	2,
					"Persistence":	3,
					"Octaves":	2,
					"Scale":	20,
					"Seed":	"Flower2"
				},
				"Delimiters":	[{
						"$Position":	{
							"$x":	5567,
							"$y":	1551
						},
						"Max":	-0.8,
						"Min":	-1,
						"Assignments":	{
							"$Position":	{
								"$x":	6073,
								"$y":	1560
							},
							"Type":	"Weighted",
							"SkipChance":	0.2,
							"Seed":	"A",
							"WeightedAssignments":	[{
									"$Position":	{
										"$x":	6824,
										"$y":	1563
									},
									"Weight":	1,
									"Assignments":	{
										"$Position":	{
											"$x":	7371,
											"$y":	1549
										},
										"Type":	"Constant",
										"Prop":	{
											"$Position":	{
												"$x":	8022,
												"$y":	1531
											},
											"Type":	"Column",
											"Skip":	false,
											"ColumnBlocks":	[{
													"$Position":	{
														"$x":	8724,
														"$y":	1530
													},
													"Y":	0,
													"Material":	{
														"$Position":	{
															"$x":	9280,
															"$y":	1476
														},
														"Solid":	"Plant_Flower_Common_Red2"
													}
												}],
											"Directionality":	{
												"$Position":	{
													"$x":	8711,
													"$y":	1689
												},
												"Type":	"Static",
												"Rotation":	0,
												"Pattern":	{
													"$Position":	{
														"$x":	9348,
														"$y":	1708
													},
													"Type":	"Imported",
													"Skip":	false,
													"Name":	"Floor_Grass_Pattern"
												}
											},
											"Scanner":	{
												"$Position":	{
													"$x":	8703,
													"$y":	1885
												},
												"Type":	"Imported",
												"Skip":	false,
												"Name":	"BasicForestTreeScanner"
											}
										}
									}
								}]
						}
					}]
			}
		}, {
			"$Position":	{
				"$x":	3604,
				"$y":	2993
			},
			"Skip":	false,
			"Runtime":	0,
			"Positions":	{
				"$Position":	{
					"$x":	4129,
					"$y":	2777
				},
				"Type":	"Mesh2D",
				"Skip":	false,
				"PointsY":	0,
				"PointGenerator":	{
					"$Position":	{
						"$x":	4847,
						"$y":	2767
					},
					"Type":	"Mesh",
					"Jitter":	0,
					"ScaleX":	1,
					"ScaleY":	1,
					"ScaleZ":	1,
					"Seed":	"A"
				}
			},
			"Assignments":	{
				"$Position":	{
					"$x":	4599,
					"$y":	3054
				},
				"Type":	"FieldFunction",
				"FieldFunction":	{
					"$Position":	{
						"$x":	5463,
						"$y":	2798
					},
					"Type":	"SimplexNoise2D",
					"Skip":	false,
					"Lacunarity":	2,
					"Persistence":	3,
					"Octaves":	2,
					"Scale":	20,
					"Seed":	"Flower3"
				},
				"Delimiters":	[{
						"$Position":	{
							"$x":	5471,
							"$y":	3310
						},
						"Max":	-0.8,
						"Min":	-1,
						"Assignments":	{
							"$Position":	{
								"$x":	5977,
								"$y":	3319
							},
							"Type":	"Weighted",
							"SkipChance":	0.2,
							"Seed":	"A",
							"WeightedAssignments":	[{
									"$Position":	{
										"$x":	6728,
										"$y":	3322
									},
									"Weight":	1,
									"Assignments":	{
										"$Position":	{
											"$x":	7275,
											"$y":	3308
										},
										"Type":	"Constant",
										"Prop":	{
											"$Position":	{
												"$x":	7926,
												"$y":	3290
											},
											"Type":	"Column",
											"Skip":	false,
											"ColumnBlocks":	[{
													"$Position":	{
														"$x":	8628,
														"$y":	3289
													},
													"Y":	0,
													"Material":	{
														"$Position":	{
															"$x":	9184,
															"$y":	3235
														},
														"Solid":	"Plant_Flower_Common_Yellow2"
													}
												}],
											"Directionality":	{
												"$Position":	{
													"$x":	8615,
													"$y":	3448
												},
												"Type":	"Static",
												"Rotation":	0,
												"Pattern":	{
													"$Position":	{
														"$x":	9252,
														"$y":	3467
													},
													"Type":	"Imported",
													"Skip":	false,
													"Name":	"Floor_Grass_Pattern"
												}
											},
											"Scanner":	{
												"$Position":	{
													"$x":	8607,
													"$y":	3644
												},
												"Type":	"Imported",
												"Skip":	false,
												"Name":	"BasicForestTreeScanner"
											}
										}
									}
								}]
						}
					}]
			}
		}, {
			"$Position":	{
				"$x":	4366,
				"$y":	15655
			},
			"Skip":	false,
			"Runtime":	0,
			"Positions":	{
				"$Position":	{
					"$x":	4891,
					"$y":	15439
				},
				"Type":	"Mesh2D",
				"Skip":	false,
				"PointsY":	0,
				"PointGenerator":	{
					"$Position":	{
						"$x":	5609,
						"$y":	15429
					},
					"Type":	"Mesh",
					"Jitter":	0,
					"ScaleX":	1,
					"ScaleY":	1,
					"ScaleZ":	1,
					"Seed":	"A"
				}
			},
			"Assignments":	{
				"$Position":	{
					"$x":	5933,
					"$y":	15742
				},
				"Type":	"FieldFunction",
				"FieldFunction":	{
					"$Position":	{
						"$x":	6718,
						"$y":	15598
					},
					"Type":	"Imported",
					"Skip":	false,
					"Name":	"BasicForestRiverMask"
				},
				"Delimiters":	[{
						"$Position":	{
							"$x":	6681,
							"$y":	15816
						},
						"Max":	10,
						"Min":	1,
						"Assignments":	{
							"$Position":	{
								"$x":	7216,
								"$y":	15782
							},
							"Type":	"FieldFunction",
							"FieldFunction":	{
								"$Position":	{
									"$x":	7951,
									"$y":	15685
								},
								"Type":	"Imported",
								"Skip":	false,
								"Name":	"BasicForestTreeMask"
							},
							"Delimiters":	[{
									"$Position":	{
										"$x":	7937,
										"$y":	15905
									},
									"Max":	0,
									"Min":	-1,
									"Assignments":	{
										"$Position":	{
											"$x":	8503,
											"$y":	15907
										},
										"Type":	"FieldFunction",
										"FieldFunction":	{
											"$Position":	{
												"$x":	9191,
												"$y":	15559
											},
											"Type":	"SimplexNoise2D",
											"Skip":	false,
											"Lacunarity":	2,
											"Persistence":	3,
											"Octaves":	2,
											"Scale":	20,
											"Seed":	"BushLush"
										},
										"Delimiters":	[{
												"$Position":	{
													"$x":	9197,
													"$y":	15957
												},
												"Max":	-0.65,
												"Min":	-1,
												"Assignments":	{
													"$Position":	{
														"$x":	9703,
														"$y":	15966
													},
													"Type":	"Weighted",
													"SkipChance":	0.2,
													"Seed":	"A",
													"WeightedAssignments":	[{
															"$Position":	{
																"$x":	10454,
																"$y":	15969
															},
															"Weight":	1,
															"Assignments":	{
																"$Position":	{
																	"$x":	11050,
																	"$y":	16021
																},
																"Type":	"Weighted",
																"SkipChance":	0,
																"Seed":	"A",
																"WeightedAssignments":	[{
																		"$Position":	{
																			"$x":	11799,
																			"$y":	15598
																		},
																		"Weight":	25,
																		"Assignments":	{
																			"$Position":	{
																				"$x":	12336,
																				"$y":	15440
																			},
																			"Type":	"Constant",
																			"Prop":	{
																				"$Position":	{
																					"$x":	12929,
																					"$y":	15397
																				},
																				"Type":	"Column",
																				"Skip":	false,
																				"ColumnBlocks":	[{
																						"$Position":	{
																							"$x":	13631,
																							"$y":	15396
																						},
																						"Y":	0,
																						"Material":	{
																							"$Position":	{
																								"$x":	14086,
																								"$y":	15382
																							},
																							"Solid":	"Plant_Bush_Dead_Tall"
																						}
																					}],
																				"Directionality":	{
																					"$Position":	{
																						"$x":	13618,
																						"$y":	15555
																					},
																					"Type":	"Static",
																					"Rotation":	0,
																					"Pattern":	{
																						"$Position":	{
																							"$x":	14255,
																							"$y":	15574
																						},
																						"Type":	"Imported",
																						"Skip":	false,
																						"Name":	"Floor_Grass_Pattern"
																					}
																				},
																				"Scanner":	{
																					"$Position":	{
																						"$x":	13609,
																						"$y":	15752
																					},
																					"Type":	"Imported",
																					"Skip":	false,
																					"Name":	"BasicForestTreeScanner"
																				}
																			}
																		}
																	}, {
																		"$Position":	{
																			"$x":	11768,
																			"$y":	16019
																		},
																		"Weight":	100,
																		"Assignments":	{
																			"$Position":	{
																				"$x":	12255,
																				"$y":	16035
																			},
																			"Type":	"Constant",
																			"Prop":	{
																				"$Position":	{
																					"$x":	12848,
																					"$y":	15992
																				},
																				"Type":	"Column",
																				"Skip":	false,
																				"ColumnBlocks":	[{
																						"$Position":	{
																							"$x":	13550,
																							"$y":	15991
																						},
																						"Y":	0,
																						"Material":	{
																							"$Position":	{
																								"$x":	14005,
																								"$y":	15978
																							},
																							"Solid":	"Plant_Bush_Lush"
																						}
																					}],
																				"Directionality":	{
																					"$Position":	{
																						"$x":	13537,
																						"$y":	16150
																					},
																					"Type":	"Static",
																					"Rotation":	0,
																					"Pattern":	{
																						"$Position":	{
																							"$x":	14174,
																							"$y":	16169
																						},
																						"Type":	"Imported",
																						"Skip":	false,
																						"Name":	"Floor_Grass_Pattern"
																					}
																				},
																				"Scanner":	{
																					"$Position":	{
																						"$x":	13528,
																						"$y":	16347
																					},
																					"Type":	"Imported",
																					"Skip":	false,
																					"Name":	"BasicForestTreeScanner"
																				}
																			}
																		}
																	}]
															}
														}]
												}
											}]
									}
								}]
						}
					}]
			}
		}, {
			"$Position":	{
				"$x":	4295,
				"$y":	17542
			},
			"Skip":	false,
			"Runtime":	0,
			"Positions":	{
				"$Position":	{
					"$x":	4820,
					"$y":	17326
				},
				"Type":	"Mesh2D",
				"Skip":	false,
				"PointsY":	0,
				"PointGenerator":	{
					"$Position":	{
						"$x":	5538,
						"$y":	17316
					},
					"Type":	"Mesh",
					"Jitter":	0,
					"ScaleX":	1,
					"ScaleY":	1,
					"ScaleZ":	1,
					"Seed":	"A"
				}
			},
			"Assignments":	{
				"$Position":	{
					"$x":	5861,
					"$y":	17630
				},
				"Type":	"FieldFunction",
				"FieldFunction":	{
					"$Position":	{
						"$x":	6646,
						"$y":	17486
					},
					"Type":	"Imported",
					"Skip":	false,
					"Name":	"BasicForestRiverMask"
				},
				"Delimiters":	[{
						"$Position":	{
							"$x":	6609,
							"$y":	17704
						},
						"Max":	10,
						"Min":	1,
						"Assignments":	{
							"$Position":	{
								"$x":	7144,
								"$y":	17670
							},
							"Type":	"FieldFunction",
							"FieldFunction":	{
								"$Position":	{
									"$x":	7879,
									"$y":	17573
								},
								"Type":	"Imported",
								"Skip":	false,
								"Name":	"BasicForestTreeMask"
							},
							"Delimiters":	[{
									"$Position":	{
										"$x":	7865,
										"$y":	17793
									},
									"Max":	0,
									"Min":	-1,
									"Assignments":	{
										"$Position":	{
											"$x":	8431,
											"$y":	17794
										},
										"Type":	"FieldFunction",
										"FieldFunction":	{
											"$Position":	{
												"$x":	9119,
												"$y":	17446
											},
											"Type":	"SimplexNoise2D",
											"Skip":	false,
											"Lacunarity":	2,
											"Persistence":	2,
											"Octaves":	2,
											"Scale":	35,
											"Seed":	"Ferns"
										},
										"Delimiters":	[{
												"$Position":	{
													"$x":	9126,
													"$y":	17845
												},
												"Max":	-0.5,
												"Min":	-1,
												"Assignments":	{
													"$Position":	{
														"$x":	9632,
														"$y":	17854
													},
													"Type":	"Weighted",
													"SkipChance":	0.2,
													"Seed":	"A",
													"WeightedAssignments":	[{
															"$Position":	{
																"$x":	10383,
																"$y":	17857
															},
															"Weight":	1,
															"Assignments":	{
																"$Position":	{
																	"$x":	10978,
																	"$y":	17909
																},
																"Type":	"Weighted",
																"SkipChance":	0,
																"Seed":	"A",
																"WeightedAssignments":	[{
																		"$Position":	{
																			"$x":	11728,
																			"$y":	17485
																		},
																		"Weight":	25,
																		"Assignments":	{
																			"$Position":	{
																				"$x":	12264,
																				"$y":	17328
																			},
																			"Type":	"Constant",
																			"Prop":	{
																				"$Position":	{
																					"$x":	12857,
																					"$y":	17285
																				},
																				"Type":	"Column",
																				"Skip":	false,
																				"ColumnBlocks":	[{
																						"$Position":	{
																							"$x":	13559,
																							"$y":	17284
																						},
																						"Y":	0,
																						"Material":	{
																							"$Position":	{
																								"$x":	14014,
																								"$y":	17270
																							},
																							"Solid":	"Plant_Fern_Forest"
																						}
																					}],
																				"Directionality":	{
																					"$Position":	{
																						"$x":	13546,
																						"$y":	17443
																					},
																					"Type":	"Static",
																					"Rotation":	0,
																					"Pattern":	{
																						"$Position":	{
																							"$x":	14183,
																							"$y":	17462
																						},
																						"Type":	"Imported",
																						"Skip":	false,
																						"Name":	"Floor_Grass_Pattern"
																					}
																				},
																				"Scanner":	{
																					"$Position":	{
																						"$x":	13537,
																						"$y":	17640
																					},
																					"Type":	"Imported",
																					"Skip":	false,
																					"Name":	"BasicForestTreeScanner"
																				}
																			}
																		}
																	}, {
																		"$Position":	{
																			"$x":	11697,
																			"$y":	17907
																		},
																		"Weight":	100,
																		"Assignments":	{
																			"$Position":	{
																				"$x":	12184,
																				"$y":	17923
																			},
																			"Type":	"Constant",
																			"Prop":	{
																				"$Position":	{
																					"$x":	12777,
																					"$y":	17879
																				},
																				"Type":	"Column",
																				"Skip":	false,
																				"ColumnBlocks":	[{
																						"$Position":	{
																							"$x":	13479,
																							"$y":	17878
																						},
																						"Y":	0,
																						"Material":	{
																							"$Position":	{
																								"$x":	13934,
																								"$y":	17865
																							},
																							"Solid":	"Plant_Fern_Winter"
																						}
																					}],
																				"Directionality":	{
																					"$Position":	{
																						"$x":	13466,
																						"$y":	18037
																					},
																					"Type":	"Static",
																					"Rotation":	0,
																					"Pattern":	{
																						"$Position":	{
																							"$x":	14103,
																							"$y":	18056
																						},
																						"Type":	"Imported",
																						"Skip":	false,
																						"Name":	"Floor_Grass_Pattern"
																					}
																				},
																				"Scanner":	{
																					"$Position":	{
																						"$x":	13457,
																						"$y":	18234
																					},
																					"Type":	"Imported",
																					"Skip":	false,
																					"Name":	"BasicForestTreeScanner"
																				}
																			}
																		}
																	}]
															}
														}]
												}
											}]
									}
								}]
						}
					}]
			}
		}, {
			"$Position":	{
				"$x":	4212,
				"$y":	19355
			},
			"Skip":	false,
			"Runtime":	0,
			"Positions":	{
				"$Position":	{
					"$x":	4737,
					"$y":	19139
				},
				"Type":	"Mesh2D",
				"Skip":	false,
				"PointsY":	0,
				"PointGenerator":	{
					"$Position":	{
						"$x":	5455,
						"$y":	19129
					},
					"Type":	"Mesh",
					"Jitter":	0,
					"ScaleX":	1,
					"ScaleY":	1,
					"ScaleZ":	1,
					"Seed":	"A"
				}
			},
			"Assignments":	{
				"$Position":	{
					"$x":	5778,
					"$y":	19442
				},
				"Type":	"FieldFunction",
				"FieldFunction":	{
					"$Position":	{
						"$x":	6563,
						"$y":	19298
					},
					"Type":	"Imported",
					"Skip":	false,
					"Name":	"BasicForestRiverMask"
				},
				"Delimiters":	[{
						"$Position":	{
							"$x":	6526,
							"$y":	19516
						},
						"Max":	10,
						"Min":	1,
						"Assignments":	{
							"$Position":	{
								"$x":	7061,
								"$y":	19482
							},
							"Type":	"FieldFunction",
							"FieldFunction":	{
								"$Position":	{
									"$x":	7796,
									"$y":	19385
								},
								"Type":	"Imported",
								"Skip":	false,
								"Name":	"BasicForestTreeMask"
							},
							"Delimiters":	[{
									"$Position":	{
										"$x":	7782,
										"$y":	19605
									},
									"Max":	0,
									"Min":	-1,
									"Assignments":	{
										"$Position":	{
											"$x":	8349,
											"$y":	19607
										},
										"Type":	"FieldFunction",
										"FieldFunction":	{
											"$Position":	{
												"$x":	9036,
												"$y":	19259
											},
											"Type":	"SimplexNoise2D",
											"Skip":	false,
											"Lacunarity":	2,
											"Persistence":	3,
											"Octaves":	2,
											"Scale":	20,
											"Seed":	"Nettle"
										},
										"Delimiters":	[{
												"$Position":	{
													"$x":	9043,
													"$y":	19657
												},
												"Max":	-0.7,
												"Min":	-1,
												"Assignments":	{
													"$Position":	{
														"$x":	9549,
														"$y":	19666
													},
													"Type":	"Weighted",
													"SkipChance":	0.2,
													"Seed":	"A",
													"WeightedAssignments":	[{
															"$Position":	{
																"$x":	10300,
																"$y":	19669
															},
															"Weight":	1,
															"Assignments":	{
																"$Position":	{
																	"$x":	10896,
																	"$y":	19721
																},
																"Type":	"Weighted",
																"SkipChance":	0,
																"Seed":	"A",
																"WeightedAssignments":	[{
																		"$Position":	{
																			"$x":	11614,
																			"$y":	19719
																		},
																		"Weight":	100,
																		"Assignments":	{
																			"$Position":	{
																				"$x":	12101,
																				"$y":	19736
																			},
																			"Type":	"Constant",
																			"Prop":	{
																				"$Position":	{
																					"$x":	12694,
																					"$y":	19692
																				},
																				"Type":	"Column",
																				"Skip":	false,
																				"ColumnBlocks":	[{
																						"$Position":	{
																							"$x":	13396,
																							"$y":	19691
																						},
																						"Y":	0,
																						"Material":	{
																							"$Position":	{
																								"$x":	13851,
																								"$y":	19678
																							},
																							"Solid":	"Plant_Flower_Bushy_Green"
																						}
																					}],
																				"Directionality":	{
																					"$Position":	{
																						"$x":	13383,
																						"$y":	19850
																					},
																					"Type":	"Static",
																					"Rotation":	0,
																					"Pattern":	{
																						"$Position":	{
																							"$x":	14020,
																							"$y":	19869
																						},
																						"Type":	"Imported",
																						"Skip":	false,
																						"Name":	"Floor_Grass_Pattern"
																					}
																				},
																				"Scanner":	{
																					"$Position":	{
																						"$x":	13374,
																						"$y":	20047
																					},
																					"Type":	"Imported",
																					"Skip":	false,
																					"Name":	"BasicForestTreeScanner"
																				}
																			}
																		}
																	}]
															}
														}]
												}
											}]
									}
								}]
						}
					}]
			}
		}, {
			"$Position":	{
				"$x":	3949,
				"$y":	21382
			},
			"Skip":	false,
			"Runtime":	0,
			"Positions":	{
				"$Position":	{
					"$x":	4564,
					"$y":	21019
				},
				"Type":	"Mesh2D",
				"Skip":	false,
				"PointsY":	0,
				"PointGenerator":	{
					"$Position":	{
						"$x":	5271,
						"$y":	21006
					},
					"Type":	"Mesh",
					"Jitter":	0.4,
					"ScaleX":	8,
					"ScaleY":	8,
					"ScaleZ":	8,
					"Seed":	"Tree"
				}
			},
			"Assignments":	{
				"$Position":	{
					"$x":	4640,
					"$y":	21577
				},
				"Type":	"FieldFunction",
				"FieldFunction":	{
					"$Position":	{
						"$x":	5425,
						"$y":	21433
					},
					"Type":	"Imported",
					"Skip":	false,
					"Name":	"BasicForestRiverMask"
				},
				"Delimiters":	[{
						"$Position":	{
							"$x":	5388,
							"$y":	21651
						},
						"Max":	10,
						"Min":	1,
						"Assignments":	{
							"$Position":	{
								"$x":	5923,
								"$y":	21617
							},
							"Type":	"FieldFunction",
							"FieldFunction":	{
								"$Position":	{
									"$x":	6364,
									"$y":	21334
								},
								"Type":	"Sum",
								"ExportAs":	"BasicForestTreeMask",
								"Skip":	false,
								"Inputs":	[{
										"$Position":	{
											"$x":	7090,
											"$y":	21233
										},
										"Type":	"AmplitudeConstant",
										"Skip":	false,
										"Value":	0.5,
										"Inputs":	[{
												"$Position":	{
													"$x":	7698,
													"$y":	21217
												},
												"Type":	"Inverter",
												"Skip":	false,
												"Inputs":	[{
														"$Position":	{
															"$x":	8313,
															"$y":	21226
														},
														"Type":	"Imported",
														"Skip":	false,
														"Name":	"BasicForestBase"
													}]
											}]
									}, {
										"$Position":	{
											"$x":	7074,
											"$y":	21441
										},
										"Type":	"AmplitudeConstant",
										"Skip":	false,
										"Value":	0.5,
										"Inputs":	[{
												"$Position":	{
													"$x":	7745,
													"$y":	21436
												},
												"Type":	"SimplexNoise2D",
												"Skip":	false,
												"Lacunarity":	4,
												"Persistence":	0.5,
												"Octaves":	3,
												"Scale":	145,
												"Seed":	"A"
											}]
									}]
							},
							"Delimiters":	[{
									"$Position":	{
										"$x":	6644,
										"$y":	21740
									},
									"Max":	0,
									"Min":	-0.25,
									"Assignments":	{
										"$Position":	{
											"$x":	8945,
											"$y":	21745
										},
										"Type":	"Constant",
										"Prop":	{
											"$Position":	{
												"$x":	9582,
												"$y":	21740
											},
											"Type":	"Union",
											"Skip":	false,
											"Props":	[{
													"$Position":	{
														"$x":	10367,
														"$y":	21688
													},
													"Type":	"Prefab",
													"Skip":	false,
													"WeightedPrefabPaths":	[{
															"$Position":	{
																"$x":	11321,
																"$y":	20963
															},
															"Path":	"Trees/Birch/Stage_3",
															"Weight":	5
														}, {
															"$Position":	{
																"$x":	11352,
																"$y":	21147
															},
															"Path":	"Trees/Birch/Stage_2",
															"Weight":	7
														}, {
															"$Position":	{
																"$x":	11214,
																"$y":	21391
															},
															"Path":	"Trees/Oak/Stage_4",
															"Weight":	10
														}, {
															"$Position":	{
																"$x":	11213,
																"$y":	21563
															},
															"Path":	"Trees/Oak/Stage_3",
															"Weight":	70
														}, {
															"$Position":	{
																"$x":	11211,
																"$y":	21714
															},
															"Path":	"Trees/Beech/Stage_2",
															"Weight":	30
														}],
													"LegacyPath":	false,
													"LoadEntities":	false,
													"Directionality":	{
														"$Position":	{
															"$x":	11202,
															"$y":	21870
														},
														"Type":	"Random",
														"Seed":	"A",
														"Pattern":	{
															"$Position":	{
																"$x":	11824,
																"$y":	21863
															},
															"Type":	"Imported",
															"Skip":	false,
															"Name":	"Floor_Grass_Pattern"
														}
													},
													"Scanner":	{
														"$Position":	{
															"$x":	11185,
															"$y":	22046
														},
														"Type":	"ColumnLinear",
														"ExportAs":	"BasicForestTreeScanner",
														"Skip":	false,
														"MaxY":	30,
														"MinY":	0,
														"RelativeToPosition":	false,
														"BaseHeightName":	"Base",
														"TopDownOrder":	true,
														"ResultCap":	1
													},
													"MoldingDirection":	"None",
													"MoldingChildren":	false
												}, {
													"$Position":	{
														"$x":	10002,
														"$y":	22254
													},
													"Type":	"Imported",
													"Name":	"BasicForestSticks",
													"Skip":	false
												}, {
													"$Position":	{
														"$x":	9865,
														"$y":	22639
													},
													"Type":	"Imported",
													"Name":	"BasicForestLeafPiles",
													"Skip":	false
												}]
										}
									}
								}]
						}
					}]
			}
		}, {
			"$Position":	{
				"$x":	3893,
				"$y":	23270
			},
			"Skip":	false,
			"Runtime":	0,
			"Positions":	{
				"$Position":	{
					"$x":	4809,
					"$y":	23283
				},
				"Type":	"Mesh2D",
				"Skip":	false,
				"PointsY":	0,
				"PointGenerator":	{
					"$Position":	{
						"$x":	5516,
						"$y":	23270
					},
					"Type":	"Mesh",
					"Jitter":	0.4,
					"ScaleX":	11,
					"ScaleY":	11,
					"ScaleZ":	11,
					"Seed":	"Tree2"
				}
			},
			"Assignments":	{
				"$Position":	{
					"$x":	4767,
					"$y":	23771
				},
				"Type":	"FieldFunction",
				"FieldFunction":	{
					"$Position":	{
						"$x":	5552,
						"$y":	23627
					},
					"Type":	"Imported",
					"Skip":	false,
					"Name":	"BasicForestRiverMask"
				},
				"Delimiters":	[{
						"$Position":	{
							"$x":	5515,
							"$y":	23845
						},
						"Max":	10,
						"Min":	1,
						"Assignments":	{
							"$Position":	{
								"$x":	6050,
								"$y":	23811
							},
							"Type":	"FieldFunction",
							"FieldFunction":	{
								"$Position":	{
									"$x":	6785,
									"$y":	23714
								},
								"Type":	"Imported",
								"Skip":	false,
								"Name":	"BasicForestTreeMask"
							},
							"Delimiters":	[{
									"$Position":	{
										"$x":	6771,
										"$y":	23934
									},
									"Max":	-0.25,
									"Min":	-1,
									"Assignments":	{
										"$Position":	{
											"$x":	7551,
											"$y":	23953
										},
										"Type":	"Constant",
										"Prop":	{
											"$Position":	{
												"$x":	8188,
												"$y":	23948
											},
											"Type":	"Union",
											"Skip":	false,
											"Props":	[{
													"$Position":	{
														"$x":	8973,
														"$y":	23896
													},
													"Type":	"Prefab",
													"Skip":	false,
													"WeightedPrefabPaths":	[{
															"$Position":	{
																"$x":	9817,
																"$y":	23161
															},
															"Path":	"Trees/Birch/Stage_4",
															"Weight":	2
														}, {
															"$Position":	{
																"$x":	9792,
																"$y":	23324
															},
															"Path":	"Trees/Oak/Stage_5",
															"Weight":	5
														}, {
															"$Position":	{
																"$x":	9804,
																"$y":	23471
															},
															"Path":	"Trees/Oak/Stage_4",
															"Weight":	10
														}, {
															"$Position":	{
																"$x":	9791,
																"$y":	23648
															},
															"Path":	"Trees/Beech/Stage_5",
															"Weight":	5
														}, {
															"$Position":	{
																"$x":	9807,
																"$y":	23793
															},
															"Path":	"Trees/Beech/Stage_4",
															"Weight":	20
														}],
													"LegacyPath":	false,
													"LoadEntities":	false,
													"Directionality":	{
														"$Position":	{
															"$x":	9808,
															"$y":	24078
														},
														"Type":	"Random",
														"Seed":	"A",
														"Pattern":	{
															"$Position":	{
																"$x":	10430,
																"$y":	24071
															},
															"Type":	"Imported",
															"Skip":	false,
															"Name":	"Floor_Grass_Pattern"
														}
													},
													"Scanner":	{
														"$Position":	{
															"$x":	9754,
															"$y":	24338
														},
														"Type":	"Imported",
														"Skip":	false,
														"Name":	"BasicForestTreeScanner"
													},
													"MoldingDirection":	"None",
													"MoldingChildren":	false
												}, {
													"$Position":	{
														"$x":	7651,
														"$y":	25156
													},
													"Type":	"Cluster",
													"ExportAs":	"BasicForestSticks",
													"Skip":	false,
													"Range":	10,
													"Seed":	"A",
													"DistanceCurve":	{
														"$Position":	{
															"$x":	8550,
															"$y":	24980
														},
														"Type":	"Manual",
														"Points":	[{
																"$Position":	{
																	"$x":	9195,
																	"$y":	24839
																},
																"In":	9,
																"Out":	0.005
															}, {
																"$Position":	{
																	"$x":	9178,
																	"$y":	24989
																},
																"In":	10,
																"Out":	0
															}]
													},
													"WeightedProps":	[{
															"$Position":	{
																"$x":	8593,
																"$y":	25230
															},
															"Weight":	1,
															"ColumnProp":	{
																"$Position":	{
																	"$x":	9027,
																	"$y":	25186
																},
																"Type":	"Column",
																"Skip":	false,
																"ColumnBlocks":	[{
																		"$Position":	{
																			"$x":	9742,
																			"$y":	25198
																		},
																		"Y":	0,
																		"Material":	{
																			"$Position":	{
																				"$x":	10181,
																				"$y":	25175
																			},
																			"Solid":	"Wood_Sticks"
																		}
																	}],
																"Directionality":	{
																	"$Position":	{
																		"$x":	9741,
																		"$y":	25346
																	},
																	"Type":	"Static",
																	"Rotation":	0,
																	"Pattern":	{
																		"$Position":	{
																			"$x":	10349,
																			"$y":	25355
																		},
																		"Type":	"Imported",
																		"Skip":	false,
																		"Name":	"Floor_Grass_Pattern"
																	}
																},
																"Scanner":	{
																	"$Position":	{
																		"$x":	9751,
																		"$y":	25542
																	},
																	"Type":	"Imported",
																	"Skip":	false,
																	"Name":	"BasicForestTreeScanner"
																}
															}
														}],
													"Pattern":	{
														"$Position":	{
															"$x":	8601,
															"$y":	25429
														},
														"Type":	"Imported",
														"Skip":	false,
														"Name":	"Floor_Grass_Pattern"
													},
													"Scanner":	{
														"$Position":	{
															"$x":	8593,
															"$y":	25610
														},
														"Type":	"Imported",
														"Skip":	false,
														"Name":	"BasicForestTreeScanner"
													}
												}, {
													"$Position":	{
														"$x":	7231,
														"$y":	26511
													},
													"Type":	"Cluster",
													"ExportAs":	"BasicForestLeafPiles",
													"Skip":	false,
													"Range":	10,
													"Seed":	"A",
													"DistanceCurve":	{
														"$Position":	{
															"$x":	8130,
															"$y":	26335
														},
														"Type":	"Manual",
														"Points":	[{
																"$Position":	{
																	"$x":	8775,
																	"$y":	26194
																},
																"In":	9,
																"Out":	0.01
															}, {
																"$Position":	{
																	"$x":	8758,
																	"$y":	26344
																},
																"In":	10,
																"Out":	0
															}]
													},
													"WeightedProps":	[{
															"$Position":	{
																"$x":	8173,
																"$y":	26585
															},
															"Weight":	1,
															"ColumnProp":	{
																"$Position":	{
																	"$x":	8607,
																	"$y":	26541
																},
																"Type":	"Column",
																"Skip":	false,
																"ColumnBlocks":	[{
																		"$Position":	{
																			"$x":	9322,
																			"$y":	26553
																		},
																		"Y":	0,
																		"Material":	{
																			"$Position":	{
																				"$x":	9761,
																				"$y":	26530
																			},
																			"Solid":	"Plant_Leaves_Autumn_Floor"
																		}
																	}],
																"Directionality":	{
																	"$Position":	{
																		"$x":	9321,
																		"$y":	26701
																	},
																	"Type":	"Static",
																	"Rotation":	0,
																	"Pattern":	{
																		"$Position":	{
																			"$x":	9929,
																			"$y":	26710
																		},
																		"Type":	"Imported",
																		"Skip":	false,
																		"Name":	"Floor_Grass_Pattern"
																	}
																},
																"Scanner":	{
																	"$Position":	{
																		"$x":	9374,
																		"$y":	26947
																	},
																	"Type":	"Imported",
																	"Skip":	false,
																	"Name":	"BasicForestTreeScanner"
																}
															}
														}],
													"Pattern":	{
														"$Position":	{
															"$x":	8181,
															"$y":	26784
														},
														"Type":	"Imported",
														"Skip":	false,
														"Name":	"Floor_Grass_Pattern"
													},
													"Scanner":	{
														"$Position":	{
															"$x":	8173,
															"$y":	26965
														},
														"Type":	"Imported",
														"Skip":	false,
														"Name":	"BasicForestTreeScanner"
													}
												}]
										}
									}
								}]
						}
					}]
			}
		}, {
			"$Position":	{
				"$x":	3831,
				"$y":	27984
			},
			"Skip":	false,
			"Runtime":	0,
			"Positions":	{
				"$Position":	{
					"$x":	4747,
					"$y":	27997
				},
				"Type":	"Mesh2D",
				"Skip":	false,
				"PointsY":	0,
				"PointGenerator":	{
					"$Position":	{
						"$x":	5454,
						"$y":	27984
					},
					"Type":	"Mesh",
					"Jitter":	0.5,
					"ScaleX":	13,
					"ScaleY":	13,
					"ScaleZ":	13,
					"Seed":	"Tree3"
				}
			},
			"Assignments":	{
				"$Position":	{
					"$x":	4705,
					"$y":	28485
				},
				"Type":	"FieldFunction",
				"FieldFunction":	{
					"$Position":	{
						"$x":	5490,
						"$y":	28341
					},
					"Type":	"Imported",
					"Skip":	false,
					"Name":	"BasicForestRiverMask"
				},
				"Delimiters":	[{
						"$Position":	{
							"$x":	5453,
							"$y":	28559
						},
						"Max":	10,
						"Min":	1,
						"Assignments":	{
							"$Position":	{
								"$x":	5988,
								"$y":	28525
							},
							"Type":	"FieldFunction",
							"FieldFunction":	{
								"$Position":	{
									"$x":	6723,
									"$y":	28428
								},
								"Type":	"Imported",
								"Skip":	false,
								"Name":	"BasicForestTreeMask"
							},
							"Delimiters":	[{
									"$Position":	{
										"$x":	6709,
										"$y":	28648
									},
									"Max":	0.15,
									"Min":	-1,
									"Assignments":	{
										"$Position":	{
											"$x":	7489,
											"$y":	28667
										},
										"Type":	"Constant",
										"Prop":	{
											"$Position":	{
												"$x":	8126,
												"$y":	28662
											},
											"Type":	"Union",
											"Skip":	false,
											"Props":	[{
													"$Position":	{
														"$x":	8911,
														"$y":	28610
													},
													"Type":	"Prefab",
													"Skip":	false,
													"WeightedPrefabPaths":	[{
															"$Position":	{
																"$x":	9743,
																"$y":	28084
															},
															"Path":	"Trees/Birch/Stage_1",
															"Weight":	10
														}, {
															"$Position":	{
																"$x":	9730,
																"$y":	28313
															},
															"Path":	"Trees/Oak/Stage_1",
															"Weight":	20
														}, {
															"$Position":	{
																"$x":	9745,
																"$y":	28507
															},
															"Path":	"Trees/Beech/Stage_1",
															"Weight":	20
														}],
													"LegacyPath":	false,
													"LoadEntities":	false,
													"Directionality":	{
														"$Position":	{
															"$x":	9746,
															"$y":	28792
														},
														"Type":	"Random",
														"Seed":	"A",
														"Pattern":	{
															"$Position":	{
																"$x":	10368,
																"$y":	28785
															},
															"Type":	"Imported",
															"Skip":	false,
															"Name":	"Floor_Grass_Pattern"
														}
													},
													"Scanner":	{
														"$Position":	{
															"$x":	9692,
															"$y":	29052
														},
														"Type":	"Imported",
														"Skip":	false,
														"Name":	"BasicForestTreeScanner"
													},
													"MoldingDirection":	"None",
													"MoldingChildren":	false
												}]
										}
									}
								}]
						}
					}]
			}
		}],
	"EnvironmentProvider":	{
		"$Position":	{
			"$x":	-4703,
			"$y":	-2609
		},
		"Type":	"Constant",
		"Environment":	"Zone1_Overground"
	},
	"TintProvider":	{
		"$Position":	{
			"$x":	-5504,
			"$y":	-1969
		},
		"Type":	"DensityDelimited",
		"Density":	{
			"$Position":	{
				"$x":	-4683,
				"$y":	-2101
			},
			"Type":	"Imported",
			"Skip":	false,
			"Name":	"BasicForestRiverMask"
		},
		"Delimiters":	[{
				"$Position":	{
					"$x":	-4628,
					"$y":	-1932
				},
				"Tint":	{
					"$Position":	{
						"$x":	-4400,
						"$y":	-1934
					},
					"Type":	"DensityDelimited",
					"Density":	{
						"$Position":	{
							"$x":	-3673,
							"$y":	-1928
						},
						"Type":	"SimplexNoise2D",
						"Skip":	false,
						"Lacunarity":	5,
						"Persistence":	0.2,
						"Octaves":	2,
						"Scale":	100,
						"Seed":	"Tint"
					},
					"Delimiters":	[{
							"$Position":	{
								"$x":	-3886,
								"$y":	-1561
							},
							"Tint":	{
								"$Position":	{
									"$x":	-3648,
									"$y":	-1603
								},
								"Type":	"Constant",
								"Color":	"#50911f"
							},
							"Range":	{
								"$Position":	{
									"$x":	-3655,
									"$y":	-1449
								},
								"MinInclusive":	-1,
								"MaxExclusive":	0
							}
						}, {
							"$Position":	{
								"$x":	-3880,
								"$y":	-1252
							},
							"Tint":	{
								"$Position":	{
									"$x":	-3642,
									"$y":	-1294
								},
								"Type":	"Constant",
								"Color":	"#45911f"
							},
							"Range":	{
								"$Position":	{
									"$x":	-3649,
									"$y":	-1141
								},
								"MinInclusive":	0,
								"MaxExclusive":	1
							}
						}]
				},
				"Range":	{
					"$Position":	{
						"$x":	-4657,
						"$y":	-1793
					},
					"MinInclusive":	0,
					"MaxExclusive":	1
				}
			}, {
				"$Position":	{
					"$x":	-4774,
					"$y":	12
				},
				"Tint":	{
					"$Position":	{
						"$x":	-4551,
						"$y":	0
					},
					"Type":	"DensityDelimited",
					"Density":	{
						"$Position":	{
							"$x":	-3821,
							"$y":	-93
						},
						"Type":	"SimplexNoise2D",
						"Skip":	false,
						"Lacunarity":	5,
						"Persistence":	0.5,
						"Octaves":	3,
						"Scale":	125,
						"Seed":	"Tint"
					},
					"Delimiters":	[{
							"$Position":	{
								"$x":	-4064,
								"$y":	355
							},
							"Tint":	{
								"$Position":	{
									"$x":	-3806,
									"$y":	325
								},
								"Type":	"Constant",
								"Color":	"#5b9e28"
							},
							"Range":	{
								"$Position":	{
									"$x":	-3786,
									"$y":	479
								},
								"MinInclusive":	-1,
								"MaxExclusive":	0
							}
						}, {
							"$Position":	{
								"$x":	-4052,
								"$y":	720
							},
							"Tint":	{
								"$Position":	{
									"$x":	-3794,
									"$y":	690
								},
								"Type":	"Constant",
								"Color":	"#6ca229"
							},
							"Range":	{
								"$Position":	{
									"$x":	-3775,
									"$y":	844
								},
								"MinInclusive":	0,
								"MaxExclusive":	1
							}
						}]
				},
				"Range":	{
					"$Position":	{
						"$x":	-4545,
						"$y":	133
					},
					"MinInclusive":	1,
					"MaxExclusive":	10
				}
			}]
	},
	"$WorkspaceID":	"HytaleGenerator - Biome",
	"$Groups":	[{
			"$Position":	{
				"$x":	-2610.4375,
				"$y":	-6170.6875
			},
			"$width":	3320.8125,
			"$height":	1891.8125,
			"$name":	"Full Terrain Optimization"
		}, {
			"$Position":	{
				"$x":	4395.375,
				"$y":	-6330.8125
			},
			"$width":	3602.375,
			"$height":	1349.3125,
			"$name":	"Base Terrain"
		}, {
			"$Position":	{
				"$x":	3907.8125,
				"$y":	-4854.375
			},
			"$width":	4025.3125,
			"$height":	1217.8125,
			"$name":	"River Mask"
		}, {
			"$Position":	{
				"$x":	4446.4375,
				"$y":	-8482.125
			},
			"$width":	4813.4375,
			"$height":	2231.25,
			"$name":	"River"
		}, {
			"$Position":	{
				"$x":	4421.0625,
				"$y":	-10203.125
			},
			"$width":	5312.1875,
			"$height":	895,
			"$name":	"West"
		}, {
			"$Position":	{
				"$x":	4435.9375,
				"$y":	-11173.25
			},
			"$width":	5312.1875,
			"$height":	895,
			"$name":	"East"
		}, {
			"$Position":	{
				"$x":	4444.0625,
				"$y":	-12092
			},
			"$width":	5312.1875,
			"$height":	895,
			"$name":	"South"
		}, {
			"$Position":	{
				"$x":	4462.5,
				"$y":	-13048.3125
			},
			"$width":	5312.1875,
			"$height":	895,
			"$name":	"North"
		}, {
			"$Position":	{
				"$x":	4114.375,
				"$y":	-13309.875
			},
			"$width":	5924.5625,
			"$height":	4177.4375,
			"$name":	"Cliff Erosion"
		}, {
			"$Position":	{
				"$x":	-5755.3125,
				"$y":	-2333.125
			},
			"$width":	2891.375,
			"$height":	3481.125,
			"$name":	"Tints"
		}, {
			"$Position":	{
				"$x":	-4721.5,
				"$y":	-2203.8125
			},
			"$width":	1614.625,
			"$height":	1300.375,
			"$name":	"River Bank Tint"
		}, {
			"$Position":	{
				"$x":	-4888.9375,
				"$y":	-198.9375
			},
			"$width":	1770.0625,
			"$height":	1274.6875,
			"$name":	"Base Tint"
		}, {
			"$Position":	{
				"$x":	-10711.25,
				"$y":	1353.625
			},
			"$width":	7864.625,
			"$height":	4101.375,
			"$name":	"MAterials"
		}, {
			"$Position":	{
				"$x":	2709.9375,
				"$y":	14095.625
			},
			"$width":	14630.25,
			"$height":	17216.4375,
			"$name":	"Forest Props"
		}, {
			"$Position":	{
				"$x":	3807.6875,
				"$y":	23062.625
			},
			"$width":	7284,
			"$height":	4554.3125,
			"$name":	"Large Trees"
		}, {
			"$Position":	{
				"$x":	3745.875,
				"$y":	27777.25
			},
			"$width":	7284,
			"$height":	1786.1875,
			"$name":	"Small Trees"
		}, {
			"$Position":	{
				"$x":	3792.625,
				"$y":	-3428.75
			},
			"$width":	2005.6875,
			"$height":	592.8125,
			"$name":	"Grass patches"
		}, {
			"$Position":	{
				"$x":	3840,
				"$y":	20845.5
			},
			"$width":	8558.75,
			"$height":	2269.125,
			"$name":	"Medium Trees"
		}, {
			"$Position":	{
				"$x":	3672.5,
				"$y":	-2847.8125
			},
			"$width":	6620.5,
			"$height":	1714,
			"$name":	"Bushes"
		}, {
			"$Position":	{
				"$x":	4186.4375,
				"$y":	15030.0625
			},
			"$width":	10729.1875,
			"$height":	1714,
			"$name":	"Bushes"
		}, {
			"$Position":	{
				"$x":	4115.5625,
				"$y":	16918.4375
			},
			"$width":	10729.1875,
			"$height":	1714,
			"$name":	"Ferns"
		}, {
			"$Position":	{
				"$x":	4032.6875,
				"$y":	18731.125
			},
			"$width":	10729.1875,
			"$height":	1714,
			"$name":	"Nettles"
		}, {
			"$Position":	{
				"$x":	3629.75,
				"$y":	-1117.875
			},
			"$width":	6620.5,
			"$height":	1714,
			"$name":	"Flower White"
		}, {
			"$Position":	{
				"$x":	3653.5,
				"$y":	623.375
			},
			"$width":	6620.5,
			"$height":	1714,
			"$name":	"Flower Red"
		}, {
			"$Position":	{
				"$x":	3557.0625,
				"$y":	2382.1875
			},
			"$width":	6620.5,
			"$height":	1714,
			"$name":	"Flower Yellow"
		}]
}