{
	"$NodeId":	"Biome-95235497-ed1c-45a9-b8bf-1b5a5c386ab5",
	"Name":	"Basic",
	"Terrain":	{
		"$NodeId":	"Terrain-74c5c6d1-1d71-4582-9f02-97ae7433b22c",
		"Type":	"DAOTerrain",
		"Density":	{
			"$NodeId":	"Mix.Density-c40f1faf-8498-4413-970d-fa153cae70dc",
			"Type":	"Mix",
			"ExportAs":	"356KK356",
			"Skip":	false,
			"Inputs":	[{
					"$NodeId":	"SumDensityNode-af5a1409-ba4b-492e-a370-d2bb1065bc8a",
					"Type":	"Sum",
					"Skip":	false,
					"Inputs":	[{
							"$NodeId":	"NormalizerDensityNode-7bf297bc-f42d-46dd-87d2-85f44e3c8f79",
							"Type":	"Normalizer",
							"Skip":	false,
							"FromMin":	-1,
							"FromMax":	1,
							"ToMin":	-0.15,
							"ToMax":	0.15,
							"Inputs":	[{
									"$NodeId":	"Mix.Density-c6561111-3f77-4448-bc9a-835ebda65d9c",
									"Type":	"Mix",
									"Skip":	false,
									"Inputs":	[{
											"$NodeId":	"ConstantDensityNode-d197e3d3-3919-4a75-9f41-b70b791ba2ad",
											"Type":	"Constant",
											"Skip":	false,
											"Value":	0
										}, {
											"$NodeId":	"SumDensityNode-1664b286-dcc2-41df-9f12-a9a7d675a875",
											"Type":	"Sum",
											"Skip":	false,
											"Inputs":	[{
													"$NodeId":	"PowDensityNode-4f3c0bf0-c950-4e4f-ac08-2d78e803a04b",
													"Type":	"Pow",
													"Skip":	false,
													"Exponent":	3,
													"Inputs":	[{
															"$NodeId":	"Mix.Density-e0424e86-0cc4-46a1-923e-4743de9249bb",
															"Type":	"Mix",
															"Skip":	false,
															"Inputs":	[{
																	"$NodeId":	"Rotator.Density-6412c1e7-029e-4cd4-a0d7-62385eb6acb9",
																	"Type":	"Rotator",
																	"Skip":	false,
																	"SpinAngle":	20,
																	"NewYAxis":	{
																		"$NodeId":	"Point3D-2d560feb-ee9f-4254-a2f3-acb541c9775b",
																		"X":	0,
																		"Y":	1,
																		"Z":	0
																	},
																	"Inputs":	[{
																			"$NodeId":	"Scale.Density-38985660-e2db-416d-91f4-fac645ea3000",
																			"Type":	"Scale",
																			"Skip":	false,
																			"ScaleX":	2,
																			"ScaleY":	1,
																			"ScaleZ":	1,
																			"Inputs":	[{
																					"$NodeId":	"NormalizerDensityNode-2ffefa0a-1ac4-47a1-9d97-4afed358fc2c",
																					"Type":	"Normalizer",
																					"Skip":	false,
																					"FromMin":	0,
																					"FromMax":	1,
																					"ToMin":	-1,
																					"ToMax":	1,
																					"Inputs":	[{
																							"$NodeId":	"AbsDensityNode-a94dbffb-9af0-48e9-b8f8-7a37239c979a",
																							"Type":	"Abs",
																							"Skip":	false,
																							"Inputs":	[{
																									"$NodeId":	"SimplexNoise2DDensityNode-f3bf7480-93f0-4fb2-9e62-5220b5874610",
																									"Type":	"SimplexNoise2D",
																									"Skip":	false,
																									"Lacunarity":	4,
																									"Persistence":	0.4,
																									"Octaves":	2,
																									"Scale":	50,
																									"Seed":	"C"
																								}]
																						}]
																				}]
																		}]
																}, {
																	"$NodeId":	"Rotator.Density-efb06ef6-1335-4ef3-80c8-66b2a86749f6",
																	"Type":	"Rotator",
																	"Skip":	false,
																	"SpinAngle":	70,
																	"NewYAxis":	{
																		"$NodeId":	"Point3D-1cb4d015-a5a1-4cd4-9cde-aab32304a669",
																		"X":	0,
																		"Y":	1,
																		"Z":	0
																	},
																	"Inputs":	[{
																			"$NodeId":	"Scale.Density-f21c0b6b-bc3d-4706-842c-74a148d87e93",
																			"Type":	"Scale",
																			"Skip":	false,
																			"ScaleX":	2,
																			"ScaleY":	1,
																			"ScaleZ":	1,
																			"Inputs":	[{
																					"$NodeId":	"NormalizerDensityNode-eed1fb53-ef62-4948-8ab8-e4f116166f69",
																					"Type":	"Normalizer",
																					"Skip":	false,
																					"FromMin":	0,
																					"FromMax":	1,
																					"ToMin":	-1,
																					"ToMax":	1,
																					"Inputs":	[{
																							"$NodeId":	"AbsDensityNode-92e867ce-81bc-4b06-ac66-3410fd9aa07d",
																							"Type":	"Abs",
																							"Skip":	false,
																							"Inputs":	[{
																									"$NodeId":	"SimplexNoise2DDensityNode-db0e10af-c6b0-409d-9604-3a395a99a6dd",
																									"Type":	"SimplexNoise2D",
																									"Skip":	false,
																									"Lacunarity":	4,
																									"Persistence":	0.4,
																									"Octaves":	2,
																									"Scale":	50,
																									"Seed":	"D"
																								}]
																						}]
																				}]
																		}]
																}, {
																	"$NodeId":	"NormalizerDensityNode-fa7fb178-8505-4254-b102-755fbc9ae2ad",
																	"Type":	"Normalizer",
																	"Skip":	false,
																	"FromMin":	-0.3,
																	"FromMax":	0.3,
																	"ToMin":	0,
																	"ToMax":	1,
																	"Inputs":	[{
																			"$NodeId":	"SimplexNoise2DDensityNode-4c8c83c9-b9f1-408c-902c-28f859bf2819",
																			"Type":	"SimplexNoise2D",
																			"Skip":	false,
																			"Lacunarity":	2,
																			"Persistence":	0.5,
																			"Octaves":	1,
																			"Scale":	1000,
																			"Seed":	"U"
																		}]
																}]
														}]
												}]
										}, {
											"$NodeId":	"NormalizerDensityNode-9a5ac8b7-ec88-4f1c-98aa-05fa10fe690a",
											"Type":	"Normalizer",
											"Skip":	false,
											"FromMin":	20,
											"FromMax":	90,
											"ToMin":	0,
											"ToMax":	1,
											"Inputs":	[{
													"$NodeId":	"Gradient.Density-1a4349f5-4523-42e6-951a-289ce1c69625",
													"Type":	"Gradient",
													"Skip":	false,
													"SampleRange":	4,
													"Axis":	{
														"$NodeId":	"Point3D-9a4bf816-318c-42e8-a211-a13473457f75",
														"X":	0,
														"Y":	1,
														"Z":	0
													},
													"Inputs":	[{
															"$NodeId":	"ImportedDensityNode-6ea03e5f-a8a3-4d9a-addb-81c3ebe78a32",
															"Type":	"Imported",
															"Skip":	false,
															"Name":	"wadfweafafw"
														}]
												}]
										}]
								}]
						}, {
							"$NodeId":	"SumDensityNode-e762372b-4088-45af-8bfb-c8575b315efd",
							"Type":	"Sum",
							"ExportAs":	"wadfweafafw",
							"Skip":	false,
							"Inputs":	[{
									"$NodeId":	"NormalizerDensityNode-a3e56477-de6b-4e5a-a69b-f01a3edfdc64",
									"Type":	"Normalizer",
									"Skip":	false,
									"FromMin":	0,
									"FromMax":	1,
									"ToMin":	-1,
									"ToMax":	1,
									"Inputs":	[{
											"$NodeId":	"PowDensityNode-b428f429-5bb7-4f82-806a-3510ca9c5f2e",
											"Type":	"Pow",
											"Skip":	false,
											"Exponent":	2,
											"Inputs":	[{
													"$NodeId":	"NormalizerDensityNode-565942a0-8689-4149-b299-bfa7b63a5682",
													"Type":	"Normalizer",
													"Skip":	false,
													"FromMin":	-1,
													"FromMax":	1,
													"ToMin":	0,
													"ToMax":	1,
													"Inputs":	[{
															"$NodeId":	"Mix.Density-bf0b9df8-cf5e-41e9-ad35-ac53289680b9",
															"Type":	"Mix",
															"Skip":	false,
															"Inputs":	[{
																	"$NodeId":	"Rotator.Density-10bacab2-5c8e-479b-b015-a438d155edaa",
																	"Type":	"Rotator",
																	"ExportAs":	"Boreal1_Glacial_Valley1",
																	"Skip":	false,
																	"SpinAngle":	20,
																	"NewYAxis":	{
																		"$NodeId":	"Point3D-1c7682fe-ff8f-4223-ad42-e436094b58ee",
																		"X":	0,
																		"Y":	1,
																		"Z":	0
																	},
																	"Inputs":	[{
																			"$NodeId":	"Scale.Density-3d8427be-5374-4cd1-816a-e8e4ae89677e",
																			"Type":	"Scale",
																			"Skip":	false,
																			"ScaleX":	1,
																			"ScaleY":	1,
																			"ScaleZ":	3,
																			"Inputs":	[{
																					"$NodeId":	"MinDensityNode-9a80e7c0-e3f6-431e-b597-8397551a5284",
																					"Type":	"Min",
																					"Skip":	false,
																					"Inputs":	[{
																							"$NodeId":	"SimplexNoise2DDensityNode-d7b20fba-2745-421e-a4de-b02067abd289",
																							"Type":	"SimplexNoise2D",
																							"Skip":	false,
																							"Lacunarity":	4,
																							"Persistence":	0.2,
																							"Octaves":	2,
																							"Scale":	300,
																							"Seed":	"A"
																						}, {
																							"$NodeId":	"SimplexNoise2DDensityNode-bf13048f-51c6-40b1-920d-92d12c66f994",
																							"Type":	"SimplexNoise2D",
																							"Skip":	false,
																							"Lacunarity":	4,
																							"Persistence":	0.2,
																							"Octaves":	2,
																							"Scale":	300,
																							"Seed":	"B"
																						}]
																				}]
																		}]
																}, {
																	"$NodeId":	"Rotator.Density-91fdeba6-e409-4428-b59d-f9976cfb224c",
																	"Type":	"Rotator",
																	"ExportAs":	"Boreal1_Glacial_Valley2",
																	"Skip":	false,
																	"SpinAngle":	70,
																	"NewYAxis":	{
																		"$NodeId":	"Point3D-ec2b0f75-0fc6-46c9-90b5-57efaa1d7d4f",
																		"X":	0,
																		"Y":	1,
																		"Z":	0
																	},
																	"Inputs":	[{
																			"$NodeId":	"Scale.Density-ea02c983-4067-4191-a2c4-0fe32bb9ca78",
																			"Type":	"Scale",
																			"Skip":	false,
																			"ScaleX":	1,
																			"ScaleY":	1,
																			"ScaleZ":	3,
																			"Inputs":	[{
																					"$NodeId":	"MinDensityNode-46cf95b8-19b3-494d-bdeb-f50c21e63210",
																					"Type":	"Min",
																					"Skip":	false,
																					"Inputs":	[{
																							"$NodeId":	"SimplexNoise2DDensityNode-5094b181-d2ce-4bf3-bcf7-76a523f80eb9",
																							"Type":	"SimplexNoise2D",
																							"Skip":	false,
																							"Lacunarity":	4,
																							"Persistence":	0.2,
																							"Octaves":	2,
																							"Scale":	300,
																							"Seed":	"C"
																						}, {
																							"$NodeId":	"SimplexNoise2DDensityNode-019edfdd-c04e-4f6f-b81c-bf64990285d7",
																							"Type":	"SimplexNoise2D",
																							"Skip":	false,
																							"Lacunarity":	4,
																							"Persistence":	0.2,
																							"Octaves":	2,
																							"Scale":	300,
																							"Seed":	"D"
																						}]
																				}]
																		}]
																}, {
																	"$NodeId":	"NormalizerDensityNode-376b7032-e8ba-4876-929d-863a65bf90ab",
																	"Type":	"Normalizer",
																	"Skip":	false,
																	"FromMin":	-0.3,
																	"FromMax":	0.3,
																	"ToMin":	0,
																	"ToMax":	1,
																	"Inputs":	[{
																			"$NodeId":	"SimplexNoise2DDensityNode-8ac6b87a-c03e-4429-9f87-a2ccf6ca8529",
																			"Type":	"SimplexNoise2D",
																			"Skip":	false,
																			"Lacunarity":	2,
																			"Persistence":	0.5,
																			"Octaves":	1,
																			"Scale":	1000,
																			"Seed":	"U"
																		}]
																}]
														}]
												}]
										}]
								}, {
									"$NodeId":	"CurveMapper.Density-d77793e4-3dfb-4a88-8baf-416d154b0b12",
									"Type":	"CurveMapper",
									"Skip":	false,
									"Curve":	{
										"$NodeId":	"ManualCurve-0968d488-2929-4881-8c2c-3e677c6c8441",
										"Type":	"Manual",
										"Points":	[{
												"$NodeId":	"CurvePoint-aef4a2ec-b7c4-4dfc-a59f-5f47920dd371",
												"In":	95,
												"Out":	1
											}, {
												"$NodeId":	"CurvePoint-0cbb72cf-aa86-46ce-a35c-8706201106dc",
												"In":	250,
												"Out":	-0.9
											}]
									},
									"Inputs":	[{
											"$NodeId":	"BaseHeight.Density-2920162b-5afb-48cd-a286-d065c95b80ae",
											"Type":	"BaseHeight",
											"Skip":	false,
											"BaseHeightName":	"Base",
											"Distance":	true
										}]
								}]
						}]
				}, {
					"$NodeId":	"CurveMapper.Density-2bcb49c5-3e25-4469-a186-ec9b74b3cc08",
					"Type":	"CurveMapper",
					"Skip":	false,
					"Curve":	{
						"$NodeId":	"ManualCurve-d983b6f8-3036-4b1a-97b3-f81319b0853a",
						"Type":	"Manual",
						"Points":	[{
								"$NodeId":	"CurvePoint-a5620261-9beb-40af-8997-05cd0b477802",
								"In":	100,
								"Out":	1
							}, {
								"$NodeId":	"CurvePoint-4d6d7193-9bc5-44a0-9168-7438ddd838a0",
								"In":	100.1,
								"Out":	-1
							}]
					},
					"Inputs":	[{
							"$NodeId":	"BaseHeight.Density-cec1c514-58d8-4031-93dc-3ab92fcc8ab1",
							"Type":	"BaseHeight",
							"Skip":	false,
							"BaseHeightName":	"Base",
							"Distance":	true
						}]
				}, {
					"$NodeId":	"CurveMapper.Density-1b8b5593-1291-4ddf-9f64-32112bfc1966",
					"Type":	"CurveMapper",
					"Skip":	false,
					"Curve":	{
						"$NodeId":	"ManualCurve-931577c9-a3f4-4fc2-97d5-a2c74f4c222e",
						"Type":	"Manual",
						"Points":	[{
								"$NodeId":	"CurvePoint-c2b53d56-0825-490d-a6c8-47eafdc0a260",
								"In":	60,
								"Out":	1
							}, {
								"$NodeId":	"CurvePoint-1a603bed-bda4-48c7-b048-8e23f60836b1",
								"In":	80,
								"Out":	0
							}, {
								"$NodeId":	"CurvePoint-6c1d39ee-efb1-4821-aff9-15e9f94070fc",
								"In":	250,
								"Out":	0
							}, {
								"$NodeId":	"CurvePoint-7d24814b-253a-42d7-82ba-12fae969e0af",
								"In":	270,
								"Out":	1
							}]
					},
					"Inputs":	[{
							"$NodeId":	"BaseHeight.Density-a56534e7-8267-49d8-8b0d-6ddafa571bac",
							"Type":	"BaseHeight",
							"Skip":	false,
							"BaseHeightName":	"Base",
							"Distance":	true
						}]
				}]
		}
	},
	"MaterialProvider":	{
		"$NodeId":	"SolidityMaterialProvider-79cd44ea-b867-4a83-a302-a2bb3bc2b9a0",
		"Type":	"Solidity",
		"Solid":	{
			"$NodeId":	"QueueMaterialProvider-89c0feeb-fbee-4c83-bb89-349c359abdf0",
			"Type":	"Queue",
			"Queue":	[{
					"$NodeId":	"SimpleHorizontalMaterialProvider-24f10754-9fa7-4b54-8c42-788da1d355ac",
					"Type":	"SimpleHorizontal",
					"TopY":	1,
					"TopBaseHeight":	"Bedrock",
					"BottomY":	0,
					"BottomBaseHeight":	"Bedrock",
					"Material":	{
						"$NodeId":	"ConstantMaterialProvider-ba507075-ab6e-4846-8a10-a6aebd19cf47",
						"Type":	"Constant",
						"Material":	{
							"$NodeId":	"Material-02c7728d-5ca4-4181-b2d4-8d9b4d28cd50",
							"Solid":	"Rock_Bedrock"
						}
					}
				}, {
					"$NodeId":	"SimpleHorizontalMaterialProvider-9dbfda8d-4367-4528-a8df-d1b5a586a02d",
					"Type":	"SimpleHorizontal",
					"TopY":	250,
					"BottomY":	80,
					"Material":	{
						"$NodeId":	"SpaceAndDepthMaterialProvider-256d7733-54f8-47a3-9973-6b954615534f",
						"Type":	"SpaceAndDepth",
						"LayerContext":	"DEPTH_INTO_FLOOR",
						"MaxExpectedDepth":	3,
						"Layers":	[{
								"$NodeId":	"ConstantThicknessLayerSADMP-2f8b5db5-e80a-4e54-a4d2-3f17bd85a634",
								"Type":	"ConstantThickness",
								"Thickness":	1,
								"Material":	{
									"$NodeId":	"FieldFunctionMaterialProvider-7ecd5817-1e96-4653-b9ef-3a0c7e83cf5c",
									"Type":	"FieldFunction",
									"FieldFunction":	{
										"$NodeId":	"Gradient.Density-7d4b033d-081f-49d1-ac62-5290d662fcd5",
										"Type":	"Gradient",
										"Skip":	false,
										"SampleRange":	2,
										"Axis":	{
											"$NodeId":	"Point3D-8b3236fa-e4b4-461e-9f6d-45e4d209b91a",
											"X":	0,
											"Y":	1,
											"Z":	0
										},
										"Inputs":	[{
												"$NodeId":	"ImportedDensityNode-0c5c3521-c98a-491b-97b2-dfbb0bd3d19e",
												"Type":	"Imported",
												"Skip":	false,
												"Name":	"356KK356"
											}]
									},
									"Delimiters":	[{
											"$NodeId":	"DelimiterFieldFunctionMP-ca0e383b-fa0c-4115-9488-5d7641d295ae",
											"From":	0,
											"To":	35,
											"Material":	{
												"$NodeId":	"ConstantMaterialProvider-589c6fcb-80cb-4b35-9ab2-9d97f77d5fb3",
												"Type":	"Constant",
												"Material":	{
													"$NodeId":	"Material-58200975-e139-4243-bd60-67f6f6a85db6",
													"Solid":	"Soil_Pebbles_Frozen"
												}
											}
										}]
								}
							}]
					}
				}, {
					"$NodeId":	"ConstantMaterialProvider-fa014f39-f377-4d13-9bca-b72c11d3e8ba",
					"Type":	"Constant",
					"Material":	{
						"$NodeId":	"Material-f58460ce-541e-49e7-b21b-307fc0c41aa6",
						"Solid":	"Rock_Slate"
					}
				}]
		},
		"Empty":	{
			"$NodeId":	"QueueMaterialProvider-a1d4a8f6-02bc-45f3-8800-94cfcf87ad65",
			"Type":	"Queue",
			"Queue":	[{
					"$NodeId":	"SimpleHorizontalMaterialProvider-193bdce3-b4d2-45aa-9550-6b0045534d48",
					"Type":	"SimpleHorizontal",
					"TopY":	100,
					"BottomY":	0,
					"Material":	{
						"$NodeId":	"ConstantMaterialProvider-08d8380d-efeb-483a-9455-27c675e9d72d",
						"Type":	"Constant",
						"Material":	{
							"$NodeId":	"Material-a91e16dc-b3a7-450e-88e6-25363d723bcb",
							"Fluid":	"Water_Source"
						}
					}
				}, {
					"$NodeId":	"ConstantMaterialProvider-4b9d476c-ed60-464f-9237-cd50327f18f4",
					"$Comment":	"REQUIRED",
					"Type":	"Constant",
					"Material":	{
						"$NodeId":	"Material-398c7f9d-8d7f-4ebb-98db-f88aa4aac646",
						"Solid":	"Empty"
					}
				}]
		}
	},
	"$NodeEditorMetadata":	{
		"$Nodes":	{
			"Biome-95235497-ed1c-45a9-b8bf-1b5a5c386ab5":	{
				"$Position":	{
					"$x":	-5685,
					"$y":	-3756
				},
				"$Title":	"`x [ROOT] Biome"
			},
			"Terrain-74c5c6d1-1d71-4582-9f02-97ae7433b22c":	{
				"$Position":	{
					"$x":	-4516,
					"$y":	-5036
				}
			},
			"Mix.Density-c40f1faf-8498-4413-970d-fa153cae70dc":	{
				"$Position":	{
					"$x":	-3972,
					"$y":	-5049
				}
			},
			"SumDensityNode-af5a1409-ba4b-492e-a370-d2bb1065bc8a":	{
				"$Position":	{
					"$x":	-3328,
					"$y":	-5378
				}
			},
			"NormalizerDensityNode-7bf297bc-f42d-46dd-87d2-85f44e3c8f79":	{
				"$Position":	{
					"$x":	-2217,
					"$y":	-6931
				}
			},
			"Mix.Density-c6561111-3f77-4448-bc9a-835ebda65d9c":	{
				"$Position":	{
					"$x":	-1598,
					"$y":	-6920
				}
			},
			"ConstantDensityNode-d197e3d3-3919-4a75-9f41-b70b791ba2ad":	{
				"$Position":	{
					"$x":	-861,
					"$y":	-7775
				}
			},
			"SumDensityNode-1664b286-dcc2-41df-9f12-a9a7d675a875":	{
				"$Position":	{
					"$x":	-890,
					"$y":	-7310
				}
			},
			"PowDensityNode-4f3c0bf0-c950-4e4f-ac08-2d78e803a04b":	{
				"$Position":	{
					"$x":	-281,
					"$y":	-7316
				}
			},
			"Mix.Density-e0424e86-0cc4-46a1-923e-4743de9249bb":	{
				"$Position":	{
					"$x":	333,
					"$y":	-7301
				}
			},
			"Rotator.Density-6412c1e7-029e-4cd4-a0d7-62385eb6acb9":	{
				"$Position":	{
					"$x":	990,
					"$y":	-8348
				}
			},
			"Point3D-2d560feb-ee9f-4254-a2f3-acb541c9775b":	{
				"$Position":	{
					"$x":	1629,
					"$y":	-8089
				}
			},
			"Scale.Density-38985660-e2db-416d-91f4-fac645ea3000":	{
				"$Position":	{
					"$x":	1626,
					"$y":	-8350
				}
			},
			"NormalizerDensityNode-2ffefa0a-1ac4-47a1-9d97-4afed358fc2c":	{
				"$Position":	{
					"$x":	2237,
					"$y":	-8335
				}
			},
			"AbsDensityNode-a94dbffb-9af0-48e9-b8f8-7a37239c979a":	{
				"$Position":	{
					"$x":	2843,
					"$y":	-8332
				}
			},
			"SimplexNoise2DDensityNode-f3bf7480-93f0-4fb2-9e62-5220b5874610":	{
				"$Position":	{
					"$x":	3449,
					"$y":	-8343
				}
			},
			"Rotator.Density-efb06ef6-1335-4ef3-80c8-66b2a86749f6":	{
				"$Position":	{
					"$x":	1007,
					"$y":	-7876
				}
			},
			"Point3D-1cb4d015-a5a1-4cd4-9cde-aab32304a669":	{
				"$Position":	{
					"$x":	1646,
					"$y":	-7617
				}
			},
			"Scale.Density-f21c0b6b-bc3d-4706-842c-74a148d87e93":	{
				"$Position":	{
					"$x":	1643,
					"$y":	-7878
				}
			},
			"NormalizerDensityNode-eed1fb53-ef62-4948-8ab8-e4f116166f69":	{
				"$Position":	{
					"$x":	2254,
					"$y":	-7863
				}
			},
			"AbsDensityNode-92e867ce-81bc-4b06-ac66-3410fd9aa07d":	{
				"$Position":	{
					"$x":	2860,
					"$y":	-7860
				}
			},
			"SimplexNoise2DDensityNode-db0e10af-c6b0-409d-9604-3a395a99a6dd":	{
				"$Position":	{
					"$x":	3466,
					"$y":	-7871
				}
			},
			"NormalizerDensityNode-fa7fb178-8505-4254-b102-755fbc9ae2ad":	{
				"$Position":	{
					"$x":	1056,
					"$y":	-7331
				}
			},
			"SimplexNoise2DDensityNode-4c8c83c9-b9f1-408c-902c-28f859bf2819":	{
				"$Position":	{
					"$x":	1667,
					"$y":	-7318
				}
			},
			"NormalizerDensityNode-9a5ac8b7-ec88-4f1c-98aa-05fa10fe690a":	{
				"$Position":	{
					"$x":	-975,
					"$y":	-6778
				}
			},
			"Gradient.Density-1a4349f5-4523-42e6-951a-289ce1c69625":	{
				"$Position":	{
					"$x":	-363,
					"$y":	-6781
				}
			},
			"Point3D-9a4bf816-318c-42e8-a211-a13473457f75":	{
				"$Position":	{
					"$x":	278,
					"$y":	-6595
				}
			},
			"ImportedDensityNode-6ea03e5f-a8a3-4d9a-addb-81c3ebe78a32":	{
				"$Position":	{
					"$x":	264,
					"$y":	-6762
				}
			},
			"SumDensityNode-e762372b-4088-45af-8bfb-c8575b315efd":	{
				"$Position":	{
					"$x":	-2177,
					"$y":	-5414
				}
			},
			"NormalizerDensityNode-a3e56477-de6b-4e5a-a69b-f01a3edfdc64":	{
				"$Position":	{
					"$x":	-1542,
					"$y":	-5424
				}
			},
			"PowDensityNode-b428f429-5bb7-4f82-806a-3510ca9c5f2e":	{
				"$Position":	{
					"$x":	-920,
					"$y":	-5420
				}
			},
			"NormalizerDensityNode-565942a0-8689-4149-b299-bfa7b63a5682":	{
				"$Position":	{
					"$x":	-323,
					"$y":	-5419
				}
			},
			"Mix.Density-bf0b9df8-cf5e-41e9-ad35-ac53289680b9":	{
				"$Position":	{
					"$x":	295,
					"$y":	-5412
				}
			},
			"Rotator.Density-10bacab2-5c8e-479b-b015-a438d155edaa":	{
				"$Position":	{
					"$x":	943,
					"$y":	-5432
				}
			},
			"Point3D-1c7682fe-ff8f-4223-ad42-e436094b58ee":	{
				"$Position":	{
					"$x":	1581,
					"$y":	-5155
				}
			},
			"Scale.Density-3d8427be-5374-4cd1-816a-e8e4ae89677e":	{
				"$Position":	{
					"$x":	1579,
					"$y":	-5438
				}
			},
			"MinDensityNode-9a80e7c0-e3f6-431e-b597-8397551a5284":	{
				"$Position":	{
					"$x":	2199,
					"$y":	-5448
				}
			},
			"SimplexNoise2DDensityNode-d7b20fba-2745-421e-a4de-b02067abd289":	{
				"$Position":	{
					"$x":	2843,
					"$y":	-5443
				}
			},
			"SimplexNoise2DDensityNode-bf13048f-51c6-40b1-920d-92d12c66f994":	{
				"$Position":	{
					"$x":	2839,
					"$y":	-5070
				}
			},
			"Rotator.Density-91fdeba6-e409-4428-b59d-f9976cfb224c":	{
				"$Position":	{
					"$x":	975,
					"$y":	-4640
				}
			},
			"Point3D-ec2b0f75-0fc6-46c9-90b5-57efaa1d7d4f":	{
				"$Position":	{
					"$x":	1613,
					"$y":	-4363
				}
			},
			"Scale.Density-ea02c983-4067-4191-a2c4-0fe32bb9ca78":	{
				"$Position":	{
					"$x":	1611,
					"$y":	-4645
				}
			},
			"MinDensityNode-46cf95b8-19b3-494d-bdeb-f50c21e63210":	{
				"$Position":	{
					"$x":	2227,
					"$y":	-4646
				}
			},
			"SimplexNoise2DDensityNode-5094b181-d2ce-4bf3-bcf7-76a523f80eb9":	{
				"$Position":	{
					"$x":	2853,
					"$y":	-4647
				}
			},
			"SimplexNoise2DDensityNode-019edfdd-c04e-4f6f-b81c-bf64990285d7":	{
				"$Position":	{
					"$x":	2879,
					"$y":	-4225
				}
			},
			"NormalizerDensityNode-376b7032-e8ba-4876-929d-863a65bf90ab":	{
				"$Position":	{
					"$x":	981,
					"$y":	-4051
				}
			},
			"SimplexNoise2DDensityNode-8ac6b87a-c03e-4429-9f87-a2ccf6ca8529":	{
				"$Position":	{
					"$x":	1637,
					"$y":	-4044
				}
			},
			"CurveMapper.Density-d77793e4-3dfb-4a88-8baf-416d154b0b12":	{
				"$Position":	{
					"$x":	-1523,
					"$y":	-4939
				}
			},
			"ManualCurve-0968d488-2929-4881-8c2c-3e677c6c8441":	{
				"$Position":	{
					"$x":	-851,
					"$y":	-4660
				}
			},
			"CurvePoint-aef4a2ec-b7c4-4dfc-a59f-5f47920dd371":	{
				"$Position":	{
					"$x":	-192,
					"$y":	-4681
				}
			},
			"CurvePoint-0cbb72cf-aa86-46ce-a35c-8706201106dc":	{
				"$Position":	{
					"$x":	-187,
					"$y":	-4523
				}
			},
			"BaseHeight.Density-2920162b-5afb-48cd-a286-d065c95b80ae":	{
				"$Position":	{
					"$x":	-843,
					"$y":	-4942
				}
			},
			"CurveMapper.Density-2bcb49c5-3e25-4469-a186-ec9b74b3cc08":	{
				"$Position":	{
					"$x":	-3328,
					"$y":	-5047
				}
			},
			"ManualCurve-d983b6f8-3036-4b1a-97b3-f81319b0853a":	{
				"$Position":	{
					"$x":	-2740,
					"$y":	-4828
				}
			},
			"CurvePoint-a5620261-9beb-40af-8997-05cd0b477802":	{
				"$Position":	{
					"$x":	-2119,
					"$y":	-4906
				}
			},
			"CurvePoint-4d6d7193-9bc5-44a0-9168-7438ddd838a0":	{
				"$Position":	{
					"$x":	-2117,
					"$y":	-4755
				}
			},
			"BaseHeight.Density-cec1c514-58d8-4031-93dc-3ab92fcc8ab1":	{
				"$Position":	{
					"$x":	-2711,
					"$y":	-5059
				}
			},
			"CurveMapper.Density-1b8b5593-1291-4ddf-9f64-32112bfc1966":	{
				"$Position":	{
					"$x":	-3326,
					"$y":	-4565
				}
			},
			"ManualCurve-931577c9-a3f4-4fc2-97d5-a2c74f4c222e":	{
				"$Position":	{
					"$x":	-2739,
					"$y":	-4345
				}
			},
			"CurvePoint-c2b53d56-0825-490d-a6c8-47eafdc0a260":	{
				"$Position":	{
					"$x":	-2121,
					"$y":	-4578
				}
			},
			"CurvePoint-1a603bed-bda4-48c7-b048-8e23f60836b1":	{
				"$Position":	{
					"$x":	-2117,
					"$y":	-4423
				}
			},
			"CurvePoint-6c1d39ee-efb1-4821-aff9-15e9f94070fc":	{
				"$Position":	{
					"$x":	-2116,
					"$y":	-4273
				}
			},
			"CurvePoint-7d24814b-253a-42d7-82ba-12fae969e0af":	{
				"$Position":	{
					"$x":	-2110,
					"$y":	-4112
				}
			},
			"BaseHeight.Density-a56534e7-8267-49d8-8b0d-6ddafa571bac":	{
				"$Position":	{
					"$x":	-2710,
					"$y":	-4577
				}
			},
			"SolidityMaterialProvider-79cd44ea-b867-4a83-a302-a2bb3bc2b9a0":	{
				"$Position":	{
					"$x":	-4344,
					"$y":	-2622
				}
			},
			"QueueMaterialProvider-89c0feeb-fbee-4c83-bb89-349c359abdf0":	{
				"$Position":	{
					"$x":	-3600,
					"$y":	-2693
				}
			},
			"SimpleHorizontalMaterialProvider-9dbfda8d-4367-4528-a8df-d1b5a586a02d":	{
				"$Position":	{
					"$x":	-2881,
					"$y":	-2790
				}
			},
			"SpaceAndDepthMaterialProvider-256d7733-54f8-47a3-9973-6b954615534f":	{
				"$Position":	{
					"$x":	-2271,
					"$y":	-2776
				}
			},
			"ConstantThicknessLayerSADMP-2f8b5db5-e80a-4e54-a4d2-3f17bd85a634":	{
				"$Position":	{
					"$x":	-1648,
					"$y":	-2709
				}
			},
			"FieldFunctionMaterialProvider-7ecd5817-1e96-4653-b9ef-3a0c7e83cf5c":	{
				"$Position":	{
					"$x":	-1203,
					"$y":	-2717
				}
			},
			"Gradient.Density-7d4b033d-081f-49d1-ac62-5290d662fcd5":	{
				"$Position":	{
					"$x":	-540,
					"$y":	-2731
				}
			},
			"Point3D-8b3236fa-e4b4-461e-9f6d-45e4d209b91a":	{
				"$Position":	{
					"$x":	64,
					"$y":	-2597
				}
			},
			"ImportedDensityNode-0c5c3521-c98a-491b-97b2-dfbb0bd3d19e":	{
				"$Position":	{
					"$x":	77,
					"$y":	-2787
				}
			},
			"DelimiterFieldFunctionMP-ca0e383b-fa0c-4115-9488-5d7641d295ae":	{
				"$Position":	{
					"$x":	-564,
					"$y":	-2351
				}
			},
			"ConstantMaterialProvider-589c6fcb-80cb-4b35-9ab2-9d97f77d5fb3":	{
				"$Position":	{
					"$x":	-162,
					"$y":	-2334
				}
			},
			"Material-58200975-e139-4243-bd60-67f6f6a85db6":	{
				"$Position":	{
					"$x":	468,
					"$y":	-2327
				}
			},
			"ConstantMaterialProvider-fa014f39-f377-4d13-9bca-b72c11d3e8ba":	{
				"$Position":	{
					"$x":	-2815,
					"$y":	-2440
				}
			},
			"Material-f58460ce-541e-49e7-b21b-307fc0c41aa6":	{
				"$Position":	{
					"$x":	-2187,
					"$y":	-2442
				}
			},
			"QueueMaterialProvider-a1d4a8f6-02bc-45f3-8800-94cfcf87ad65":	{
				"$Position":	{
					"$x":	-3468,
					"$y":	-1588
				}
			},
			"SimpleHorizontalMaterialProvider-193bdce3-b4d2-45aa-9550-6b0045534d48":	{
				"$Position":	{
					"$x":	-2745,
					"$y":	-1595
				}
			},
			"ConstantMaterialProvider-08d8380d-efeb-483a-9455-27c675e9d72d":	{
				"$Position":	{
					"$x":	-2118,
					"$y":	-1603
				}
			},
			"Material-a91e16dc-b3a7-450e-88e6-25363d723bcb":	{
				"$Position":	{
					"$x":	-1488,
					"$y":	-1612
				}
			},
			"ConstantMaterialProvider-4b9d476c-ed60-464f-9237-cd50327f18f4":	{
				"$Position":	{
					"$x":	-2762,
					"$y":	-1299
				}
			},
			"Material-398c7f9d-8d7f-4ebb-98db-f88aa4aac646":	{
				"$Position":	{
					"$x":	-2122,
					"$y":	-1291
				}
			},
			"SimpleHorizontalMaterialProvider-24f10754-9fa7-4b54-8c42-788da1d355ac":	{
				"$Position":	{
					"$x":	-2844,
					"$y":	-3301
				}
			},
			"ConstantMaterialProvider-ba507075-ab6e-4846-8a10-a6aebd19cf47":	{
				"$Position":	{
					"$x":	-2192,
					"$y":	-3300
				}
			},
			"Material-02c7728d-5ca4-4181-b2d4-8d9b4d28cd50":	{
				"$Position":	{
					"$x":	-1512,
					"$y":	-3301
				}
			}
		},
		"$FloatingNodes":	[],
		"$Links":	{
		},
		"$Groups":	[{
				"$Position":	{
					"$x":	-1644.1875,
					"$y":	-24301.8125
				},
				"$width":	6836.0625,
				"$height":	8446.875,
				"$name":	"Terrain"
			}, {
				"$Position":	{
					"$x":	-2398.5625,
					"$y":	-8620.375
				},
				"$width":	6691.8125,
				"$height":	2815.5,
				"$name":	"Angled Cut texture"
			}, {
				"$Position":	{
					"$x":	-1569.25,
					"$y":	-5008
				},
				"$width":	2230.125,
				"$height":	1236.3125,
				"$name":	"Valleys & Peaks"
			}, {
				"$Position":	{
					"$x":	-4204.9375,
					"$y":	-5162.625
				},
				"$width":	2518.1875,
				"$height":	1299.6875,
				"$name":	"Optimize"
			}, {
				"$Position":	{
					"$x":	-2931.4375,
					"$y":	-3404.0625
				},
				"$width":	2166.5,
				"$height":	422.6875,
				"$name":	"Bedrock"
			}],
		"$Comments":	[],
		"$WorkspaceID":	"HytaleGenerator - Biome"
	}
}