{
	"$Title":	"[ROOT] Biome",
	"$Position":	{
		"$x":	-4228,
		"$y":	-4226
	},
	"Name":	"Basic",
	"Terrain":	{
		"$Position":	{
			"$x":	-3394,
			"$y":	-4947
		},
		"Type":	"DAOTerrain",
		"Density":	{
			"$Position":	{
				"$x":	-2295,
				"$y":	-6121
			},
			"Type":	"Max",
			"Skip":	false,
			"Inputs":	[{
					"$Position":	{
						"$x":	-2986,
						"$y":	-10346
					},
					"Type":	"Min",
					"Skip":	false,
					"Inputs":	[{
							"$Position":	{
								"$x":	-2008,
								"$y":	-12262
							},
							"Type":	"Sum",
							"Skip":	false,
							"Inputs":	[{
									"$Position":	{
										"$x":	-1351,
										"$y":	-12353
									},
									"Type":	"SimplexNoise2D",
									"Skip":	false,
									"Lacunarity":	2,
									"Persistence":	0.5,
									"Octaves":	1,
									"Scale":	400,
									"Seed":	"D"
								}, {
									"$Position":	{
										"$x":	-1310,
										"$y":	-12030
									},
									"Type":	"CurveMapper",
									"Skip":	false,
									"Curve":	{
										"$Position":	{
											"$x":	-679,
											"$y":	-11895
										},
										"Type":	"Manual",
										"Points":	[{
												"$Position":	{
													"$x":	-50,
													"$y":	-11888
												},
												"In":	75,
												"Out":	1
											}, {
												"$Position":	{
													"$x":	-43,
													"$y":	-11739
												},
												"In":	100,
												"Out":	-1
											}]
									},
									"Inputs":	[{
											"$Position":	{
												"$x":	-674,
												"$y":	-12132
											},
											"Type":	"BaseHeight",
											"Skip":	false,
											"BaseHeightName":	"Base",
											"Distance":	true
										}]
								}]
						}, {
							"$Position":	{
								"$x":	-1869,
								"$y":	-8712
							},
							"Type":	"Max",
							"Skip":	false,
							"Inputs":	[{
									"$Position":	{
										"$x":	-1203,
										"$y":	-9678
									},
									"Type":	"SmoothMin",
									"Skip":	false,
									"Range":	0.5,
									"Inputs":	[{
											"$Position":	{
												"$x":	-288,
												"$y":	-11118
											},
											"Type":	"Sum",
											"Skip":	false,
											"Inputs":	[{
													"$Position":	{
														"$x":	442,
														"$y":	-11097
													},
													"Type":	"Imported",
													"Skip":	false,
													"Name":	"956073542348"
												}, {
													"$Position":	{
														"$x":	445,
														"$y":	-10814
													},
													"Type":	"CurveMapper",
													"Skip":	false,
													"Curve":	{
														"$Position":	{
															"$x":	1076,
															"$y":	-10679
														},
														"Type":	"Manual",
														"Points":	[{
																"$Position":	{
																	"$x":	1705,
																	"$y":	-10672
																},
																"In":	25,
																"Out":	-1
															}, {
																"$Position":	{
																	"$x":	1712,
																	"$y":	-10523
																},
																"In":	75,
																"Out":	0
															}]
													},
													"Inputs":	[{
															"$Position":	{
																"$x":	1081,
																"$y":	-10916
															},
															"Type":	"BaseHeight",
															"Skip":	false,
															"BaseHeightName":	"Base",
															"Distance":	true
														}]
												}]
										}, {
											"$Position":	{
												"$x":	263,
												"$y":	-9685
											},
											"Type":	"Sum",
											"Skip":	false,
											"Inputs":	[{
													"$Position":	{
														"$x":	1011,
														"$y":	-10110
													},
													"Type":	"Normalizer",
													"Skip":	false,
													"FromMin":	-1,
													"FromMax":	1,
													"ToMin":	-0.05,
													"ToMax":	0.05,
													"Inputs":	[{
															"$Position":	{
																"$x":	1633,
																"$y":	-10110
															},
															"Type":	"Imported",
															"Skip":	false,
															"Name":	"956073542348"
														}]
												}, {
													"$Position":	{
														"$x":	1013,
														"$y":	-9788
													},
													"Type":	"Normalizer",
													"Skip":	false,
													"FromMin":	-1,
													"FromMax":	1,
													"ToMin":	-0.95,
													"ToMax":	0.95,
													"Inputs":	[{
															"$Position":	{
																"$x":	1650,
																"$y":	-9783
															},
															"Type":	"Imported",
															"Skip":	false,
															"Name":	"134ty123434567"
														}]
												}, {
													"$Position":	{
														"$x":	963,
														"$y":	-9453
													},
													"Type":	"CurveMapper",
													"Skip":	false,
													"Curve":	{
														"$Position":	{
															"$x":	1594,
															"$y":	-9318
														},
														"Type":	"Manual",
														"Points":	[{
																"$Position":	{
																	"$x":	2223,
																	"$y":	-9311
																},
																"In":	0,
																"Out":	-0.4
															}, {
																"$Position":	{
																	"$x":	2230,
																	"$y":	-9162
																},
																"In":	150,
																"Out":	-0.3
															}]
													},
													"Inputs":	[{
															"$Position":	{
																"$x":	1599,
																"$y":	-9556
															},
															"Type":	"BaseHeight",
															"Skip":	false,
															"BaseHeightName":	"Base",
															"Distance":	true
														}]
												}]
										}]
								}, {
									"$Position":	{
										"$x":	-1163,
										"$y":	-7643
									},
									"Type":	"Sum",
									"Skip":	false,
									"Inputs":	[{
											"$Position":	{
												"$x":	-477,
												"$y":	-7926
											},
											"Type":	"CurveMapper",
											"Skip":	false,
											"Curve":	{
												"$Position":	{
													"$x":	144,
													"$y":	-7791
												},
												"Type":	"Manual",
												"Points":	[{
														"$Position":	{
															"$x":	766,
															"$y":	-7795
														},
														"In":	-0.05,
														"Out":	-1
													}, {
														"$Position":	{
															"$x":	768,
															"$y":	-7641
														},
														"In":	-0.025,
														"Out":	1
													}, {
														"$Position":	{
															"$x":	763,
															"$y":	-7479
														},
														"In":	0.025,
														"Out":	1
													}, {
														"$Position":	{
															"$x":	778,
															"$y":	-7330
														},
														"In":	0.05,
														"Out":	-1
													}]
											},
											"Inputs":	[{
													"$Position":	{
														"$x":	504,
														"$y":	-7940
													},
													"Type":	"Sum",
													"Skip":	false,
													"Inputs":	[{
															"$Position":	{
																"$x":	1258,
																"$y":	-8140
															},
															"Type":	"Normalizer",
															"Skip":	false,
															"FromMin":	-1,
															"FromMax":	1,
															"ToMin":	-1,
															"ToMax":	1,
															"Inputs":	[{
																	"$Position":	{
																		"$x":	1886,
																		"$y":	-8124
																	},
																	"Type":	"Pow",
																	"Skip":	false,
																	"Exponent":	0.75,
																	"Inputs":	[{
																			"$Position":	{
																				"$x":	2528,
																				"$y":	-8129
																			},
																			"Type":	"SimplexNoise2D",
																			"ExportAs":	"134ty123434567",
																			"Skip":	false,
																			"Lacunarity":	4,
																			"Persistence":	0.5,
																			"Octaves":	2,
																			"Scale":	300,
																			"Seed":	"B"
																		}]
																}]
														}, {
															"$Position":	{
																"$x":	1300,
																"$y":	-7675
															},
															"Type":	"CurveMapper",
															"Skip":	false,
															"Curve":	{
																"$Position":	{
																	"$x":	1931,
																	"$y":	-7540
																},
																"Type":	"Manual",
																"Points":	[{
																		"$Position":	{
																			"$x":	2562,
																			"$y":	-7533
																		},
																		"In":	-100,
																		"Out":	1.5
																	}, {
																		"$Position":	{
																			"$x":	2569,
																			"$y":	-7384
																		},
																		"In":	150,
																		"Out":	-1.5
																	}]
															},
															"Inputs":	[{
																	"$Position":	{
																		"$x":	1930,
																		"$y":	-7773
																	},
																	"Type":	"BaseHeight",
																	"Skip":	false,
																	"BaseHeightName":	"Base",
																	"Distance":	true
																}]
														}]
												}]
										}, {
											"$Position":	{
												"$x":	-499,
												"$y":	-7082
											},
											"Type":	"Inverter",
											"Skip":	false,
											"Inputs":	[{
													"$Position":	{
														"$x":	137,
														"$y":	-7089
													},
													"Type":	"Normalizer",
													"Skip":	false,
													"FromMin":	0,
													"FromMax":	0.005,
													"ToMin":	-1,
													"ToMax":	1,
													"Inputs":	[{
															"$Position":	{
																"$x":	752,
																"$y":	-7087
															},
															"Type":	"Pow",
															"Skip":	false,
															"Exponent":	3,
															"Inputs":	[{
																	"$Position":	{
																		"$x":	1370,
																		"$y":	-7084
																	},
																	"Type":	"Abs",
																	"Skip":	false,
																	"Inputs":	[{
																			"$Position":	{
																				"$x":	1978,
																				"$y":	-7090
																			},
																			"Type":	"SimplexNoise2D",
																			"ExportAs":	"956073542348",
																			"Skip":	false,
																			"Lacunarity":	3,
																			"Persistence":	0.2,
																			"Octaves":	2,
																			"Scale":	40,
																			"Seed":	"A"
																		}]
																}]
														}]
												}]
										}]
								}]
						}]
				}, {
					"$Position":	{
						"$x":	-668,
						"$y":	-5349
					},
					"Type":	"Sum",
					"Skip":	false,
					"Inputs":	[{
							"$Position":	{
								"$x":	-15,
								"$y":	-5533
							},
							"Type":	"SimplexNoise2D",
							"Skip":	false,
							"Lacunarity":	5,
							"Persistence":	0.2,
							"Octaves":	2,
							"Scale":	300,
							"Seed":	"A"
						}, {
							"$Position":	{
								"$x":	-14,
								"$y":	-5174
							},
							"Type":	"CurveMapper",
							"Skip":	false,
							"Curve":	{
								"$Position":	{
									"$x":	605,
									"$y":	-4938
								},
								"Type":	"Manual",
								"Points":	[{
										"$Position":	{
											"$x":	1258,
											"$y":	-5080
										},
										"In":	0,
										"Out":	1
									}, {
										"$Position":	{
											"$x":	1265,
											"$y":	-4928
										},
										"In":	25,
										"Out":	-1
									}]
							},
							"Inputs":	[{
									"$Position":	{
										"$x":	622,
										"$y":	-5184
									},
									"Type":	"BaseHeight",
									"Skip":	false,
									"BaseHeightName":	"Base",
									"Distance":	true
								}]
						}]
				}]
		}
	},
	"MaterialProvider":	{
		"$Position":	{
			"$x":	-3016,
			"$y":	-2846
		},
		"Type":	"Solidity",
		"Solid":	{
			"$Position":	{
				"$x":	-2279,
				"$y":	-2606
			},
			"Type":	"Queue",
			"Queue":	[{
					"$Position":	{
						"$x":	-1662,
						"$y":	-2174
					},
					"Type":	"Constant",
					"Material":	{
						"$Position":	{
							"$x":	-1019,
							"$y":	-2182
						},
						"Solid":	"Rock_Stone"
					}
				}]
		},
		"Empty":	{
			"$Comment":	"REQUIRED",
			"$Position":	{
				"$x":	-2289,
				"$y":	-1871
			},
			"Type":	"Constant",
			"Material":	{
				"$Position":	{
					"$x":	-1593,
					"$y":	-1842
				},
				"Solid":	"Empty"
			}
		}
	},
	"EnvironmentProvider":	{
		"$Position":	{
			"$x":	-3315,
			"$y":	-3714
		},
		"Type":	"Constant",
		"Environment":	"Zone1_Overground"
	},
	"TintProvider":	{
		"$Position":	{
			"$x":	-3283,
			"$y":	-3483
		},
		"Type":	"Constant",
		"Color":	"#5b9e28"
	},
	"$WorkspaceID":	"HytaleGenerator - Biome",
	"$Groups":	[{
			"$Position":	{
				"$x":	-770.4375,
				"$y":	-5676.1875
			},
			"$width":	2520.5625,
			"$height":	1025.375,
			"$name":	"Base Terrain"
		}, {
			"$Position":	{
				"$x":	207.4375,
				"$y":	-10274.5625
			},
			"$width":	2452.75,
			"$height":	1310.1875,
			"$name":	"Sides"
		}, {
			"$Position":	{
				"$x":	-1237,
				"$y":	-8320.875
			},
			"$width":	4776.1875,
			"$height":	1658.125,
			"$name":	"Roots"
		}, {
			"$Position":	{
				"$x":	-309.6875,
				"$y":	-11237.4375
			},
			"$width":	2452.75,
			"$height":	911.5625,
			"$name":	"Bottom"
		}, {
			"$Position":	{
				"$x":	-2065.5,
				"$y":	-12453.75
			},
			"$width":	2452.75,
			"$height":	911.5625,
			"$name":	"Top"
		}]
}