{
	"$Title":	"[ROOT] Biome",
	"$Position":	{
		"$x":	-4228,
		"$y":	-4226
	},
	"Name":	"Basic",
	"Terrain":	{
		"$Position":	{
			"$x":	-3394,
			"$y":	-4947
		},
		"Type":	"DAOTerrain",
		"Density":	{
			"$Position":	{
				"$x":	-1471,
				"$y":	-7402
			},
			"Type":	"Max",
			"Skip":	false,
			"Inputs":	[{
					"$Position":	{
						"$x":	-608,
						"$y":	-7407
					},
					"Type":	"Sum",
					"Skip":	false,
					"Inputs":	[{
							"$Position":	{
								"$x":	70,
								"$y":	-8044
							},
							"Type":	"Normalizer",
							"Skip":	false,
							"FromMin":	-1,
							"FromMax":	1,
							"ToMin":	-0.5,
							"ToMax":	0.5,
							"Inputs":	[{
									"$Position":	{
										"$x":	674,
										"$y":	-8026
									},
									"Type":	"CurveMapper",
									"ExportAs":	"Volcanic1_Sphere_Layers",
									"Skip":	false,
									"Curve":	{
										"$Position":	{
											"$x":	1297,
											"$y":	-7820
										},
										"Type":	"Manual",
										"Points":	[{
												"$Position":	{
													"$x":	1913,
													"$y":	-7740
												},
												"In":	0,
												"Out":	-1
											}, {
												"$Position":	{
													"$x":	1915,
													"$y":	-7590
												},
												"In":	0.05,
												"Out":	1
											}, {
												"$Position":	{
													"$x":	1911,
													"$y":	-7431
												},
												"In":	0.2,
												"Out":	1
											}, {
												"$Position":	{
													"$x":	1912,
													"$y":	-7279
												},
												"In":	0.21,
												"Out":	0.5
											}, {
												"$Position":	{
													"$x":	1897,
													"$y":	-7123
												},
												"In":	0.44,
												"Out":	0.5
											}, {
												"$Position":	{
													"$x":	1892,
													"$y":	-6981
												},
												"In":	0.45,
												"Out":	0.6
											}, {
												"$Position":	{
													"$x":	1906,
													"$y":	-6823
												},
												"In":	0.6,
												"Out":	0.6
											}, {
												"$Position":	{
													"$x":	1907,
													"$y":	-6673
												},
												"In":	0.61,
												"Out":	0.25
											}, {
												"$Position":	{
													"$x":	1903,
													"$y":	-6513
												},
												"In":	0.84,
												"Out":	0.25
											}, {
												"$Position":	{
													"$x":	1904,
													"$y":	-6361
												},
												"In":	0.85,
												"Out":	0.35
											}, {
												"$Position":	{
													"$x":	1889,
													"$y":	-6206
												},
												"In":	0.99,
												"Out":	0.35
											}, {
												"$Position":	{
													"$x":	1895,
													"$y":	-6055
												},
												"In":	1,
												"Out":	-1
											}]
									},
									"Inputs":	[{
											"$Position":	{
												"$x":	1309,
												"$y":	-8079
											},
											"Type":	"Sum",
											"Skip":	false,
											"Inputs":	[{
													"$Position":	{
														"$x":	1934,
														"$y":	-8475
													},
													"Type":	"Normalizer",
													"Skip":	false,
													"FromMin":	-1,
													"FromMax":	1,
													"ToMin":	0,
													"ToMax":	0.05,
													"Inputs":	[{
															"$Position":	{
																"$x":	3238,
																"$y":	-8461
															},
															"Type":	"SimplexNoise2D",
															"Skip":	false,
															"Lacunarity":	2,
															"Persistence":	0.5,
															"Octaves":	1,
															"Scale":	15,
															"Seed":	"A"
														}]
												}, {
													"$Position":	{
														"$x":	1932,
														"$y":	-8074
													},
													"Type":	"Normalizer",
													"Skip":	false,
													"FromMin":	-1,
													"FromMax":	1,
													"ToMin":	-0.95,
													"ToMax":	1,
													"Inputs":	[{
															"$Position":	{
																"$x":	2569,
																"$y":	-8074
															},
															"Type":	"PositionsCellNoise",
															"Skip":	false,
															"MaxDistance":	150,
															"Positions":	{
																"$Position":	{
																	"$x":	3307,
																	"$y":	-8023
																},
																"Type":	"Mesh2D",
																"Skip":	false,
																"PointsY":	125,
																"PointGenerator":	{
																	"$Position":	{
																		"$x":	3984,
																		"$y":	-8019
																	},
																	"Type":	"Mesh",
																	"Jitter":	0.4,
																	"ScaleX":	400,
																	"ScaleY":	400,
																	"ScaleZ":	400,
																	"Seed":	"A"
																}
															},
															"ReturnType":	{
																"$Position":	{
																	"$x":	3289,
																	"$y":	-7658
																},
																"Type":	"Curve",
																"Curve":	{
																	"$Position":	{
																		"$x":	3544,
																		"$y":	-7664
																	},
																	"Type":	"Manual",
																	"Points":	[{
																			"$Position":	{
																				"$x":	4160,
																				"$y":	-7654
																			},
																			"In":	50,
																			"Out":	-1
																		}, {
																			"$Position":	{
																				"$x":	4165,
																				"$y":	-7496
																			},
																			"In":	125,
																			"Out":	1
																		}]
																}
															},
															"DistanceFunction":	{
																"$Position":	{
																	"$x":	3309,
																	"$y":	-7815
																},
																"Type":	"Euclidean"
															}
														}]
												}]
										}]
								}]
						}, {
							"$Position":	{
								"$x":	26,
								"$y":	-7626
							},
							"Type":	"Normalizer",
							"Skip":	false,
							"FromMin":	-1,
							"FromMax":	1,
							"ToMin":	-0.45,
							"ToMax":	0.45,
							"Inputs":	[{
									"$Position":	{
										"$x":	656,
										"$y":	-7624
									},
									"Type":	"SimplexNoise2D",
									"Skip":	false,
									"Lacunarity":	6,
									"Persistence":	0.05,
									"Octaves":	2,
									"Scale":	200,
									"Seed":	"A"
								}]
						}, {
							"$Position":	{
								"$x":	45,
								"$y":	-7232
							},
							"Type":	"CurveMapper",
							"Skip":	false,
							"Curve":	{
								"$Position":	{
									"$x":	666,
									"$y":	-6996
								},
								"Type":	"Manual",
								"Points":	[{
										"$Position":	{
											"$x":	1319,
											"$y":	-7138
										},
										"In":	-100,
										"Out":	0
									}, {
										"$Position":	{
											"$x":	1326,
											"$y":	-6986
										},
										"In":	175,
										"Out":	-1
									}]
							},
							"Inputs":	[{
									"$Position":	{
										"$x":	683,
										"$y":	-7242
									},
									"Type":	"BaseHeight",
									"Skip":	false,
									"BaseHeightName":	"Base",
									"Distance":	true
								}]
						}]
				}, {
					"$Position":	{
						"$x":	-668,
						"$y":	-5349
					},
					"Type":	"Sum",
					"ExportAs":	"Volcanic1_Sphere_Terrain",
					"Skip":	false,
					"Inputs":	[{
							"$Position":	{
								"$x":	-15,
								"$y":	-5533
							},
							"Type":	"SimplexNoise2D",
							"Skip":	false,
							"Lacunarity":	5,
							"Persistence":	0.2,
							"Octaves":	2,
							"Scale":	300,
							"Seed":	"A"
						}, {
							"$Position":	{
								"$x":	-14,
								"$y":	-5174
							},
							"Type":	"CurveMapper",
							"Skip":	false,
							"Curve":	{
								"$Position":	{
									"$x":	605,
									"$y":	-4938
								},
								"Type":	"Manual",
								"Points":	[{
										"$Position":	{
											"$x":	1258,
											"$y":	-5080
										},
										"In":	-25,
										"Out":	1
									}, {
										"$Position":	{
											"$x":	1265,
											"$y":	-4928
										},
										"In":	0,
										"Out":	-1
									}]
							},
							"Inputs":	[{
									"$Position":	{
										"$x":	622,
										"$y":	-5184
									},
									"Type":	"BaseHeight",
									"Skip":	false,
									"BaseHeightName":	"Base",
									"Distance":	true
								}]
						}]
				}]
		}
	},
	"MaterialProvider":	{
		"$Position":	{
			"$x":	-3016,
			"$y":	-2846
		},
		"Type":	"Solidity",
		"Solid":	{
			"$Position":	{
				"$x":	-2279,
				"$y":	-2606
			},
			"Type":	"Queue",
			"Queue":	[{
					"$Position":	{
						"$x":	-883,
						"$y":	-2991
					},
					"Type":	"Queue",
					"Queue":	[{
							"$Position":	{
								"$x":	-225,
								"$y":	-3013
							},
							"Type":	"FieldFunction",
							"FieldFunction":	{
								"$Position":	{
									"$x":	485,
									"$y":	-3040
								},
								"Type":	"Imported",
								"Skip":	false,
								"Name":	"Volcanic1_Sphere_Terrain"
							},
							"Delimiters":	[{
									"$Position":	{
										"$x":	446,
										"$y":	-2826
									},
									"From":	-2,
									"To":	0,
									"Material":	{
										"$Position":	{
											"$x":	924,
											"$y":	-2790
										},
										"Type":	"Queue",
										"Queue":	[{
												"$Position":	{
													"$x":	1687,
													"$y":	-3320
												},
												"Type":	"FieldFunction",
												"FieldFunction":	{
													"$Position":	{
														"$x":	2378,
														"$y":	-3503
													},
													"Type":	"Imported",
													"Skip":	false,
													"Name":	"Volcanic1_Sphere_Layers"
												},
												"Delimiters":	[{
														"$Position":	{
															"$x":	2386,
															"$y":	-3313
														},
														"From":	0.499,
														"To":	0.501,
														"Material":	{
															"$Position":	{
																"$x":	2816,
																"$y":	-3310
															},
															"Type":	"Constant",
															"Material":	{
																"$Position":	{
																	"$x":	3431,
																	"$y":	-3316
																},
																"Solid":	"Rock_Volcanic"
															}
														}
													}, {
														"$Position":	{
															"$x":	2380,
															"$y":	-3054
														},
														"From":	0.249,
														"To":	0.251,
														"Material":	{
															"$Position":	{
																"$x":	2803,
																"$y":	-3050
															},
															"Type":	"Constant",
															"Material":	{
																"$Position":	{
																	"$x":	3418,
																	"$y":	-3056
																},
																"Solid":	"Rock_Volcanic"
															}
														}
													}]
											}, {
												"$Position":	{
													"$x":	1608,
													"$y":	-2797
												},
												"Type":	"Constant",
												"Material":	{
													"$Position":	{
														"$x":	2223,
														"$y":	-2803
													},
													"Solid":	"Rock_Magma_Cooled"
												}
											}]
									}
								}]
						}, {
							"$Position":	{
								"$x":	-243,
								"$y":	-2581
							},
							"Type":	"SpaceAndDepth",
							"LayerContext":	"DEPTH_INTO_FLOOR",
							"MaxExpectedDepth":	3,
							"Layers":	[{
									"$Position":	{
										"$x":	389,
										"$y":	-2587
									},
									"Type":	"ConstantThickness",
									"Thickness":	1,
									"Material":	{
										"$Position":	{
											"$x":	817,
											"$y":	-2600
										},
										"Type":	"Constant",
										"Material":	{
											"$Position":	{
												"$x":	1439,
												"$y":	-2611
											},
											"Solid":	"Soil_Grass_Deep"
										}
									}
								}, {
									"$Position":	{
										"$x":	406,
										"$y":	-2474
									},
									"Type":	"ConstantThickness",
									"Thickness":	2,
									"Material":	{
										"$Position":	{
											"$x":	828,
											"$y":	-2462
										},
										"Type":	"Constant",
										"Material":	{
											"$Position":	{
												"$x":	1442,
												"$y":	-2468
											},
											"Solid":	"Soil_Dirt"
										}
									}
								}]
						}]
				}, {
					"$Position":	{
						"$x":	-1662,
						"$y":	-2174
					},
					"Type":	"Constant",
					"Material":	{
						"$Position":	{
							"$x":	-1019,
							"$y":	-2182
						},
						"Solid":	"Rock_Magma_Cooled"
					}
				}]
		},
		"Empty":	{
			"$Comment":	"REQUIRED",
			"$Position":	{
				"$x":	-2289,
				"$y":	-1871
			},
			"Type":	"Constant",
			"Material":	{
				"$Position":	{
					"$x":	-1593,
					"$y":	-1842
				},
				"Solid":	"Empty"
			}
		}
	},
	"EnvironmentProvider":	{
		"$Position":	{
			"$x":	-3315,
			"$y":	-3714
		},
		"Type":	"Constant",
		"Environment":	"Zone1_Overground"
	},
	"TintProvider":	{
		"$Position":	{
			"$x":	-3283,
			"$y":	-3483
		},
		"Type":	"Constant",
		"Color":	"#5b9e28"
	},
	"$WorkspaceID":	"HytaleGenerator - Biome",
	"$Groups":	[{
			"$Position":	{
				"$x":	-770.4375,
				"$y":	-5676.1875
			},
			"$width":	2520.5625,
			"$height":	1025.375,
			"$name":	"Base Terrain"
		}, {
			"$Position":	{
				"$x":	-698.0625,
				"$y":	-8653
			},
			"$width":	5415.625,
			"$height":	2883.25,
			"$name":	"Rotten Pumpkin"
		}]
}