{
	"$Title":	"[ROOT] Biome",
	"$Position":	{
		"$x":	-4228,
		"$y":	-4226
	},
	"Name":	"ScifiBlockLandscape",
	"Terrain":	{
		"$Position":	{
			"$x":	-1875,
			"$y":	-6994
		},
		"Type":	"DAOTerrain",
		"Density":	{
			"$Position":	{
				"$x":	-1628,
				"$y":	-6936
			},
			"Type":	"Max",
			"Skip":	false,
			"Inputs":	[{
					"$Position":	{
						"$x":	-1148,
						"$y":	-7019
					},
					"Type":	"Slider",
					"Skip":	false,
					"SlideX":	0,
					"SlideY":	75,
					"SlideZ":	0,
					"Inputs":	[{
							"$Position":	{
								"$x":	-593,
								"$y":	-7021
							},
							"Type":	"Max",
							"Skip":	false,
							"Inputs":	[{
									"$Position":	{
										"$x":	107,
										"$y":	-7025
									},
									"Type":	"Scale",
									"Skip":	false,
									"ScaleX":	2,
									"ScaleY":	0.35,
									"ScaleZ":	1,
									"Inputs":	[{
											"$Position":	{
												"$x":	773,
												"$y":	-7044
											},
											"Type":	"Exported",
											"ExportAs":	"SciFiBlocks",
											"SingleInstance":	true,
											"Skip":	false,
											"Inputs":	[{
													"$Position":	{
														"$x":	1444,
														"$y":	-7024
													},
													"Type":	"Sum",
													"Skip":	false,
													"Inputs":	[{
															"$Position":	{
																"$x":	2108,
																"$y":	-7003
															},
															"Type":	"YOverride",
															"Skip":	false,
															"Value":	0,
															"Inputs":	[{
																	"$Position":	{
																		"$x":	2626,
																		"$y":	-7018
																	},
																	"Type":	"Cache",
																	"Skip":	false,
																	"Capacity":	3,
																	"Inputs":	[{
																			"$Position":	{
																				"$x":	3263,
																				"$y":	-7024
																			},
																			"Type":	"PositionsCellNoise",
																			"Skip":	false,
																			"MaxDistance":	40,
																			"Positions":	{
																				"$Position":	{
																					"$x":	3912,
																					"$y":	-7338
																				},
																				"Type":	"Mesh2D",
																				"Skip":	false,
																				"PointsY":	0,
																				"PointGenerator":	{
																					"$Position":	{
																						"$x":	4811,
																						"$y":	-7321
																					},
																					"Type":	"Mesh",
																					"Jitter":	0.2,
																					"ScaleX":	50,
																					"ScaleY":	50,
																					"ScaleZ":	50,
																					"Seed":	"A"
																				}
																			},
																			"ReturnType":	{
																				"$Position":	{
																					"$x":	3994,
																					"$y":	-6791
																				},
																				"Type":	"CellValue",
																				"Density":	{
																					"$Position":	{
																						"$x":	4756,
																						"$y":	-6863
																					},
																					"Type":	"SimplexNoise2D",
																					"Skip":	false,
																					"Lacunarity":	2,
																					"Persistence":	0.5,
																					"Octaves":	1,
																					"Scale":	5,
																					"Seed":	"A"
																				},
																				"DefaultValue":	0
																			},
																			"DistanceFunction":	{
																				"$Position":	{
																					"$x":	4023,
																					"$y":	-6958
																				},
																				"Type":	"Manhattan"
																			}
																		}]
																}]
														}, {
															"$Position":	{
																"$x":	2244,
																"$y":	-6457
															},
															"Type":	"Sum",
															"Skip":	false,
															"Inputs":	[{
																	"$Position":	{
																		"$x":	2947,
																		"$y":	-6348
																	},
																	"Type":	"CurveMapper",
																	"Skip":	false,
																	"Curve":	{
																		"$Position":	{
																			"$x":	3439,
																			"$y":	-6081
																		},
																		"Type":	"Manual",
																		"Points":	[{
																				"$Position":	{
																					"$x":	4187,
																					"$y":	-6010
																				},
																				"In":	0,
																				"Out":	0
																			}, {
																				"$Position":	{
																					"$x":	4189,
																					"$y":	-5859
																				},
																				"In":	50,
																				"Out":	-1
																			}]
																	},
																	"Inputs":	[{
																			"$Position":	{
																				"$x":	3713,
																				"$y":	-6340
																			},
																			"Type":	"BaseHeight",
																			"Skip":	false,
																			"BaseHeightName":	"Base",
																			"Distance":	true
																		}]
																}]
														}]
												}]
										}]
								}, {
									"$Position":	{
										"$x":	90,
										"$y":	-6637
									},
									"Type":	"Scale",
									"Skip":	false,
									"ScaleX":	0.5,
									"ScaleY":	0.25,
									"ScaleZ":	0.5,
									"Inputs":	[{
											"$Position":	{
												"$x":	865,
												"$y":	-6641
											},
											"Type":	"Imported",
											"Skip":	false,
											"Name":	"SciFiBlocks"
										}]
								}, {
									"$Position":	{
										"$x":	95,
										"$y":	-6265
									},
									"Type":	"Scale",
									"Skip":	false,
									"ScaleX":	0.75,
									"ScaleY":	0.4,
									"ScaleZ":	0.75,
									"Inputs":	[{
											"$Position":	{
												"$x":	741,
												"$y":	-6268
											},
											"Type":	"Imported",
											"Skip":	false,
											"Name":	"SciFiBlocks"
										}]
								}]
						}]
				}, {
					"$Position":	{
						"$x":	127,
						"$y":	-5761
					},
					"Type":	"Sum",
					"Skip":	false,
					"Inputs":	[{
							"$Position":	{
								"$x":	1089,
								"$y":	-5916
							},
							"Type":	"SimplexNoise2D",
							"Skip":	false,
							"Lacunarity":	5,
							"Persistence":	1,
							"Octaves":	2,
							"Scale":	400,
							"Seed":	"A"
						}, {
							"$Position":	{
								"$x":	689,
								"$y":	-5514
							},
							"Type":	"CurveMapper",
							"Skip":	false,
							"Curve":	{
								"$Position":	{
									"$x":	1181,
									"$y":	-5247
								},
								"Type":	"Manual",
								"Points":	[{
										"$Position":	{
											"$x":	1929,
											"$y":	-5176
										},
										"In":	-10,
										"Out":	1
									}, {
										"$Position":	{
											"$x":	1931,
											"$y":	-5025
										},
										"In":	15,
										"Out":	-1
									}]
							},
							"Inputs":	[{
									"$Position":	{
										"$x":	1455,
										"$y":	-5506
									},
									"Type":	"BaseHeight",
									"Skip":	false,
									"BaseHeightName":	"Base",
									"Distance":	true
								}]
						}]
				}]
		}
	},
	"MaterialProvider":	{
		"$Position":	{
			"$x":	-3132,
			"$y":	-4137
		},
		"Type":	"Solidity",
		"Solid":	{
			"$Position":	{
				"$x":	-2333,
				"$y":	-4105
			},
			"Type":	"Queue",
			"Queue":	[{
					"$Position":	{
						"$x":	-1703,
						"$y":	-4115
					},
					"Type":	"Constant",
					"Material":	{
						"$Position":	{
							"$x":	-1060,
							"$y":	-4123
						},
						"Solid":	"Rock_Stone"
					}
				}]
		},
		"Empty":	{
			"$Comment":	"REQUIRED",
			"$Position":	{
				"$x":	-2330,
				"$y":	-3812
			},
			"Type":	"Constant",
			"Material":	{
				"$Position":	{
					"$x":	-1634,
					"$y":	-3783
				},
				"Solid":	"Empty"
			}
		}
	},
	"EnvironmentProvider":	{
		"$Position":	{
			"$x":	-3315,
			"$y":	-3714
		},
		"Type":	"Constant",
		"Environment":	"Zone1_Overground"
	},
	"TintProvider":	{
		"$Position":	{
			"$x":	-3310,
			"$y":	-3557
		},
		"Type":	"Constant",
		"Color":	"#5b9e28"
	},
	"$WorkspaceID":	"HytaleGenerator - Biome",
	"$Groups":	[]
}