{
	"$Title":	"[ROOT] Weighted Assignments",
	"$Position":	{
		"$x":	-1356,
		"$y":	4649
	},
	"Type":	"FieldFunction",
	"ExportAs":	"Forest1_River_Trees_Birch",
	"FieldFunction":	{
		"$Position":	{
			"$x":	-653,
			"$y":	4645
		},
		"Type":	"SimplexNoise2D",
		"Skip":	false,
		"Lacunarity":	2,
		"Persistence":	0.5,
		"Octaves":	1,
		"Scale":	40,
		"Seed":	"1235"
	},
	"Delimiters":	[{
			"$Position":	{
				"$x":	-623,
				"$y":	5113
			},
			"Max":	1,
			"Min":	0,
			"Assignments":	{
				"$Position":	{
					"$x":	-144,
					"$y":	5109
				},
				"Type":	"Weighted",
				"SkipChance":	0,
				"Seed":	"A",
				"WeightedAssignments":	[{
						"$Position":	{
							"$x":	892,
							"$y":	5019
						},
						"Weight":	70,
						"Assignments":	{
							"$Position":	{
								"$x":	1384,
								"$y":	5004
							},
							"Type":	"Constant",
							"Prop":	{
								"$Position":	{
									"$x":	2029,
									"$y":	5051
								},
								"Type":	"Union",
								"Skip":	false,
								"Props":	[{
										"$Position":	{
											"$x":	2630,
											"$y":	4941
										},
										"Type":	"Prefab",
										"Skip":	false,
										"WeightedPrefabPaths":	[{
												"$Position":	{
													"$x":	3402,
													"$y":	4745
												},
												"Path":	"Trees/Birch/Stage_0",
												"Weight":	40
											}, {
												"$Position":	{
													"$x":	3400,
													"$y":	4920
												},
												"Path":	"Trees/Birch/Stage_1",
												"Weight":	60
											}],
										"LegacyPath":	false,
										"LoadEntities":	true,
										"Directionality":	{
											"$Position":	{
												"$x":	3390,
												"$y":	5111
											},
											"Type":	"Random",
											"Seed":	"A",
											"Pattern":	{
												"$Position":	{
													"$x":	4036,
													"$y":	5100
												},
												"Type":	"Floor",
												"ExportAs":	"Forest1_River_Trees_Birch_Pattern",
												"Skip":	false,
												"Origin":	{
													"$Position":	{
														"$x":	4684,
														"$y":	4932
													},
													"Type":	"BlockSet",
													"Skip":	false,
													"BlockSet":	{
														"$Position":	{
															"$x":	5316,
															"$y":	4937
														},
														"Inclusive":	true,
														"Materials":	[{
																"$Position":	{
																	"$x":	5818,
																	"$y":	4901
																},
																"Solid":	"Empty"
															}]
													}
												},
												"Floor":	{
													"$Position":	{
														"$x":	4629,
														"$y":	5285
													},
													"Type":	"BlockSet",
													"Skip":	false,
													"BlockSet":	{
														"$Position":	{
															"$x":	5288,
															"$y":	5295
														},
														"Inclusive":	true,
														"Materials":	[{
																"$Position":	{
																	"$x":	5810,
																	"$y":	5293
																},
																"Solid":	"Soil_Mud"
															}, {
																"$Position":	{
																	"$x":	5799,
																	"$y":	5441
																},
																"Solid":	"Soil_Pathway"
															}, {
																"$Position":	{
																	"$x":	5799,
																	"$y":	5591
																},
																"Solid":	"Soil_Gravel"
															}]
													}
												}
											}
										},
										"Scanner":	{
											"$Position":	{
												"$x":	3386,
												"$y":	5280
											},
											"Type":	"ColumnLinear",
											"Skip":	false,
											"MaxY":	40,
											"MinY":	0,
											"RelativeToPosition":	false,
											"BaseHeightName":	"Water",
											"TopDownOrder":	false,
											"ResultCap":	1
										},
										"MoldingDirection":	"None",
										"MoldingChildren":	false
									}, {
										"$Position":	{
											"$x":	2639,
											"$y":	5859
										},
										"Type":	"Cluster",
										"Skip":	false,
										"Range":	10,
										"Seed":	"A",
										"DistanceCurve":	{
											"$Position":	{
												"$x":	3336,
												"$y":	5833
											},
											"Type":	"Manual",
											"Points":	[{
													"$Position":	{
														"$x":	3981,
														"$y":	5692
													},
													"In":	9,
													"Out":	0.005
												}, {
													"$Position":	{
														"$x":	3964,
														"$y":	5842
													},
													"In":	10,
													"Out":	0
												}]
										},
										"WeightedProps":	[{
												"$Position":	{
													"$x":	3382,
													"$y":	6036
												},
												"Weight":	1,
												"ColumnProp":	{
													"$Position":	{
														"$x":	3952,
														"$y":	6003
													},
													"Type":	"Column",
													"Skip":	false,
													"ColumnBlocks":	[{
															"$Position":	{
																"$x":	4667,
																"$y":	6015
															},
															"Y":	0,
															"Material":	{
																"$Position":	{
																	"$x":	5106,
																	"$y":	5992
																},
																"Solid":	"Wood_Sticks"
															}
														}],
													"Directionality":	{
														"$Position":	{
															"$x":	4666,
															"$y":	6163
														},
														"Type":	"Static",
														"Rotation":	0,
														"Pattern":	{
															"$Position":	{
																"$x":	5274,
																"$y":	6172
															},
															"Type":	"Imported",
															"Skip":	false,
															"Name":	"Forest1_River_Trees_Birch_Pattern"
														}
													},
													"Scanner":	{
														"$Position":	{
															"$x":	4670,
															"$y":	6305
														},
														"Type":	"ColumnLinear",
														"Skip":	false,
														"MaxY":	5,
														"MinY":	-5,
														"RelativeToPosition":	true,
														"BaseHeightName":	"Base",
														"TopDownOrder":	true,
														"ResultCap":	1
													}
												}
											}],
										"Pattern":	{
											"$Position":	{
												"$x":	3384,
												"$y":	6218
											},
											"Type":	"Imported",
											"Skip":	false,
											"Name":	"Plains1_OakPattern_Floor"
										},
										"Scanner":	{
											"$Position":	{
												"$x":	3361,
												"$y":	6476
											},
											"Type":	"ColumnLinear",
											"Skip":	false,
											"MaxY":	40,
											"MinY":	0,
											"RelativeToPosition":	false,
											"BaseHeightName":	"Water",
											"TopDownOrder":	false,
											"ResultCap":	1
										}
									}]
							}
						}
					}]
			}
		}],
	"$WorkspaceID":	"HytaleGenerator - Assignments",
	"$Groups":	[{
			"$Position":	{
				"$x":	730.875,
				"$y":	4531.3125
			},
			"$width":	5976.1875,
			"$height":	2427,
			"$name":	"Small Trees"
		}]
}