{
	"$Title":	"[ROOT] Weighted Assignments",
	"$Position":	{
		"$x":	8921,
		"$y":	181
	},
	"Type":	"Weighted",
	"ExportAs":	"Desert1_Oasis_Bushes_Cliffs",
	"SkipChance":	0,
	"Seed":	"A",
	"WeightedAssignments":	[{
			"$Position":	{
				"$x":	9672,
				"$y":	184
			},
			"Weight":	0.9,
			"Assignments":	{
				"$Position":	{
					"$x":	10219,
					"$y":	170
				},
				"Type":	"Constant",
				"Prop":	{
					"$Position":	{
						"$x":	10870,
						"$y":	152
					},
					"Type":	"Column",
					"Skip":	false,
					"ColumnBlocks":	[{
							"$Position":	{
								"$x":	11572,
								"$y":	151
							},
							"Y":	0,
							"Material":	{
								"$Position":	{
									"$x":	12060,
									"$y":	108
								},
								"Solid":	"Plant_Bush_Jungle"
							}
						}],
					"Directionality":	{
						"$Position":	{
							"$x":	11559,
							"$y":	310
						},
						"Type":	"Static",
						"Rotation":	0,
						"Pattern":	{
							"$Position":	{
								"$x":	12194,
								"$y":	342
							},
							"Type":	"Floor",
							"Skip":	false,
							"Origin":	{
								"$Position":	{
									"$x":	12842,
									"$y":	174
								},
								"Type":	"BlockSet",
								"Skip":	false,
								"BlockSet":	{
									"$Position":	{
										"$x":	13474,
										"$y":	179
									},
									"Inclusive":	true,
									"Materials":	[{
											"$Position":	{
												"$x":	13989,
												"$y":	174
											},
											"Solid":	"Empty"
										}]
								}
							},
							"Floor":	{
								"$Position":	{
									"$x":	12787,
									"$y":	527
								},
								"Type":	"BlockSet",
								"Skip":	false,
								"BlockSet":	{
									"$Position":	{
										"$x":	13446,
										"$y":	537
									},
									"Inclusive":	true,
									"Materials":	[{
											"$Position":	{
												"$x":	14000,
												"$y":	556
											},
											"Solid":	"Soil_Grass"
										}, {
											"$Position":	{
												"$x":	14006,
												"$y":	752
											},
											"Solid":	"Soil_Grass_Full"
										}, {
											"$Position":	{
												"$x":	14013,
												"$y":	946
											},
											"Solid":	"Soil_Grass_Sunny"
										}, {
											"$Position":	{
												"$x":	14016,
												"$y":	1160
											},
											"Solid":	"Soil_Grass_Deep"
										}, {
											"$Position":	{
												"$x":	14015,
												"$y":	1352
											},
											"Solid":	"Soil_Grass_Dry"
										}]
								}
							}
						}
					},
					"Scanner":	{
						"$Position":	{
							"$x":	11577,
							"$y":	502
						},
						"Type":	"ColumnLinear",
						"Skip":	false,
						"MaxY":	20,
						"MinY":	-25,
						"RelativeToPosition":	false,
						"BaseHeightName":	"Base",
						"TopDownOrder":	true,
						"ResultCap":	1
					}
				}
			}
		}],
	"$WorkspaceID":	"HytaleGenerator - Assignments",
	"$Groups":	[]
}