{
	"$NodeId":	"Constant.Assignments-da27894d-e90d-4c55-b1aa-eecba630e898",
	"Type":	"Constant",
	"ExportAs":	"Desert1_River_Grasses",
	"Prop":	{
		"$NodeId":	"Union.Prop-430d5195-ddd5-43c3-8de5-c722601f161c",
		"Type":	"Union",
		"Skip":	false,
		"Props":	[{
				"$NodeId":	"Column.Prop-c42d1ce5-4256-4f39-86cf-aa73abcf4e13",
				"Type":	"Column",
				"Skip":	false,
				"ColumnBlocks":	[{
						"$NodeId":	"Block.Column.Prop-b8314987-383e-4d33-b96e-8586ef1962eb",
						"Y":	0,
						"Material":	{
							"$NodeId":	"Material-1b69a76e-19a4-45b5-85c3-06e57f2af602",
							"Solid":	"Plant_Grass_Arid_Tall"
						}
					}],
				"Directionality":	{
					"$NodeId":	"Static.Directionality-a2a245f7-5537-4bd6-9bd2-c47729b28c0e",
					"Type":	"Static",
					"Rotation":	0,
					"Pattern":	{
						"$NodeId":	"Floor.Pattern-773009c2-b986-47a1-822e-7f232ed2e83d",
						"Type":	"Floor",
						"Skip":	false,
						"Origin":	{
							"$NodeId":	"BlockType.Pattern-6d6c76fa-d67a-4395-9b1c-699314a1c3ce",
							"Type":	"BlockType",
							"Skip":	false,
							"Material":	{
								"$NodeId":	"Material-513a937a-532a-43c5-b4cf-cd2dba410df2",
								"Solid":	"Empty"
							}
						},
						"Floor":	{
							"$NodeId":	"BlockSet.Pattern-b66003c4-dd75-44ca-8581-9c2ddf8efb81",
							"Type":	"BlockSet",
							"Skip":	false,
							"BlockSet":	{
								"$NodeId":	"BlockSet.BlockMask-dbf219c4-3c7a-472a-b4dc-8d31e2d17403",
								"Inclusive":	true,
								"Materials":	[{
										"$NodeId":	"Material-e4869444-c526-4fb1-85e7-4f19bda12012",
										"Solid":	"Soil_Gravel_Sand"
									}]
							}
						}
					}
				},
				"Scanner":	{
					"$NodeId":	"ColumnLinear.Scanner-22429702-4b58-48b4-80c0-2c53de3a27d1",
					"Type":	"ColumnLinear",
					"Skip":	false,
					"MaxY":	2,
					"MinY":	0,
					"RelativeToPosition":	false,
					"BaseHeightName":	"Water",
					"TopDownOrder":	false,
					"ResultCap":	1
				}
			}, {
				"$NodeId":	"Column.Prop-d9438c01-75f2-4801-a58c-68e3ec826930",
				"Type":	"Column",
				"Skip":	false,
				"ColumnBlocks":	[{
						"$NodeId":	"Block.Column.Prop-452a5bf0-aae3-4eaa-b35b-c75ad8919373",
						"Y":	0,
						"Material":	{
							"$NodeId":	"Material-cfabde52-113c-4d05-906c-4731c2714c5b",
							"Solid":	"Plant_Reeds_Arid",
							"Fluid":	"Water_Source"
						}
					}],
				"Directionality":	{
					"$NodeId":	"Static.Directionality-6307f867-61d7-4ca0-aeca-b47f7a24b42b",
					"Type":	"Static",
					"Rotation":	0,
					"Pattern":	{
						"$NodeId":	"And.Pattern-4f71b555-2451-44ba-8ff3-27228af18b79",
						"Type":	"And",
						"Skip":	false,
						"Patterns":	[{
								"$NodeId":	"Offset.Pattern-ef882a17-82b3-491e-8e45-1d23fda1b082",
								"Type":	"Offset",
								"Skip":	false,
								"Pattern":	{
									"$NodeId":	"BlockSet.Pattern-395a0d88-80a2-4e43-b279-d513dbc765d8",
									"Type":	"BlockSet",
									"Skip":	false,
									"BlockSet":	{
										"$NodeId":	"BlockSet.BlockMask-7708d836-8e63-4233-b687-f6d282cf02e9",
										"Inclusive":	true,
										"Materials":	[{
												"$NodeId":	"Material-e19bc857-f1c8-40da-b15b-11de84ef2c0f",
												"Solid":	"Empty"
											}]
									}
								},
								"Offset":	{
									"$NodeId":	"Point3D-c8c93f7b-91a2-4fa4-a0b1-3f519dd92870",
									"X":	0,
									"Y":	1,
									"Z":	0
								}
							}, {
								"$NodeId":	"BlockSet.Pattern-83505ba9-8242-4a9a-aadc-78237cb8f4ed",
								"Type":	"BlockSet",
								"Skip":	false,
								"BlockSet":	{
									"$NodeId":	"BlockSet.BlockMask-80ab2c64-3f76-478f-80af-6a5e0dd7423a",
									"Inclusive":	true,
									"Materials":	[{
											"$NodeId":	"Material-e76842d4-2bc8-45f0-bcef-c0b6baa83afe",
											"Fluid":	"Water_Source"
										}]
								}
							}, {
								"$NodeId":	"Offset.Pattern-c78c93e7-d9ba-4647-8e72-23e014dabccf",
								"Type":	"Offset",
								"Skip":	false,
								"Pattern":	{
									"$NodeId":	"BlockSet.Pattern-2f1b86b9-e763-4fab-988c-a97467416489",
									"Type":	"BlockSet",
									"Skip":	false,
									"BlockSet":	{
										"$NodeId":	"BlockSet.BlockMask-fa238aff-6c68-4f34-bb92-176c82842993",
										"Inclusive":	true,
										"Materials":	[{
												"$NodeId":	"Material-10811e9e-1f9e-4792-a1ed-ccb1f10cadf9",
												"Solid":	"Soil_Clay_Orange"
											}]
									}
								},
								"Offset":	{
									"$NodeId":	"Point3D-f07d8b1d-b073-47e2-8083-5bc14ded0f71",
									"X":	0,
									"Y":	-1,
									"Z":	0
								}
							}]
					}
				},
				"Scanner":	{
					"$NodeId":	"ColumnLinear.Scanner-ba298d24-8cb2-4553-96b1-de5d08812d99",
					"Type":	"ColumnLinear",
					"Skip":	false,
					"MaxY":	0,
					"MinY":	-5,
					"RelativeToPosition":	false,
					"BaseHeightName":	"Water",
					"TopDownOrder":	false,
					"ResultCap":	1
				}
			}]
	},
	"$NodeEditorMetadata":	{
		"$Nodes":	{
			"Constant.Assignments-da27894d-e90d-4c55-b1aa-eecba630e898":	{
				"$Position":	{
					"$x":	9352,
					"$y":	845
				},
				"$Title":	"[ROOT] Constant Assignments"
			},
			"Union.Prop-430d5195-ddd5-43c3-8de5-c722601f161c":	{
				"$Position":	{
					"$x":	10192,
					"$y":	819
				}
			},
			"Column.Prop-c42d1ce5-4256-4f39-86cf-aa73abcf4e13":	{
				"$Position":	{
					"$x":	10894,
					"$y":	816
				}
			},
			"Block.Column.Prop-b8314987-383e-4d33-b96e-8586ef1962eb":	{
				"$Position":	{
					"$x":	11596,
					"$y":	810
				}
			},
			"Material-1b69a76e-19a4-45b5-85c3-06e57f2af602":	{
				"$Position":	{
					"$x":	12045,
					"$y":	796
				}
			},
			"Static.Directionality-a2a245f7-5537-4bd6-9bd2-c47729b28c0e":	{
				"$Position":	{
					"$x":	11583,
					"$y":	969
				}
			},
			"Floor.Pattern-773009c2-b986-47a1-822e-7f232ed2e83d":	{
				"$Position":	{
					"$x":	12206,
					"$y":	972
				}
			},
			"BlockType.Pattern-6d6c76fa-d67a-4395-9b1c-699314a1c3ce":	{
				"$Position":	{
					"$x":	12824,
					"$y":	980
				}
			},
			"Material-513a937a-532a-43c5-b4cf-cd2dba410df2":	{
				"$Position":	{
					"$x":	13443,
					"$y":	986
				}
			},
			"BlockSet.Pattern-b66003c4-dd75-44ca-8581-9c2ddf8efb81":	{
				"$Position":	{
					"$x":	12826,
					"$y":	1143
				}
			},
			"BlockSet.BlockMask-dbf219c4-3c7a-472a-b4dc-8d31e2d17403":	{
				"$Position":	{
					"$x":	13459,
					"$y":	1184
				}
			},
			"Material-e4869444-c526-4fb1-85e7-4f19bda12012":	{
				"$Position":	{
					"$x":	13931,
					"$y":	1173
				}
			},
			"ColumnLinear.Scanner-22429702-4b58-48b4-80c0-2c53de3a27d1":	{
				"$Position":	{
					"$x":	11601,
					"$y":	1161
				}
			},
			"Column.Prop-d9438c01-75f2-4801-a58c-68e3ec826930":	{
				"$Position":	{
					"$x":	10903,
					"$y":	1661
				}
			},
			"Block.Column.Prop-452a5bf0-aae3-4eaa-b35b-c75ad8919373":	{
				"$Position":	{
					"$x":	11605,
					"$y":	1655
				}
			},
			"Material-cfabde52-113c-4d05-906c-4731c2714c5b":	{
				"$Position":	{
					"$x":	12032,
					"$y":	1654
				}
			},
			"Static.Directionality-6307f867-61d7-4ca0-aeca-b47f7a24b42b":	{
				"$Position":	{
					"$x":	11592,
					"$y":	1814
				}
			},
			"And.Pattern-4f71b555-2451-44ba-8ff3-27228af18b79":	{
				"$Position":	{
					"$x":	12201,
					"$y":	1820
				}
			},
			"Offset.Pattern-ef882a17-82b3-491e-8e45-1d23fda1b082":	{
				"$Position":	{
					"$x":	12932,
					"$y":	1474
				}
			},
			"BlockSet.Pattern-395a0d88-80a2-4e43-b279-d513dbc765d8":	{
				"$Position":	{
					"$x":	13577,
					"$y":	1467
				}
			},
			"BlockSet.BlockMask-7708d836-8e63-4233-b687-f6d282cf02e9":	{
				"$Position":	{
					"$x":	14194,
					"$y":	1473
				}
			},
			"Material-e19bc857-f1c8-40da-b15b-11de84ef2c0f":	{
				"$Position":	{
					"$x":	14664,
					"$y":	1470
				}
			},
			"Point3D-c8c93f7b-91a2-4fa4-a0b1-3f519dd92870":	{
				"$Position":	{
					"$x":	13571,
					"$y":	1652
				}
			},
			"BlockSet.Pattern-83505ba9-8242-4a9a-aadc-78237cb8f4ed":	{
				"$Position":	{
					"$x":	13561,
					"$y":	1840
				}
			},
			"BlockSet.BlockMask-80ab2c64-3f76-478f-80af-6a5e0dd7423a":	{
				"$Position":	{
					"$x":	14175,
					"$y":	1840
				}
			},
			"Material-e76842d4-2bc8-45f0-bcef-c0b6baa83afe":	{
				"$Position":	{
					"$x":	14643,
					"$y":	1841
				}
			},
			"Offset.Pattern-c78c93e7-d9ba-4647-8e72-23e014dabccf":	{
				"$Position":	{
					"$x":	12943,
					"$y":	1994
				}
			},
			"BlockSet.Pattern-2f1b86b9-e763-4fab-988c-a97467416489":	{
				"$Position":	{
					"$x":	13559,
					"$y":	1992
				}
			},
			"BlockSet.BlockMask-fa238aff-6c68-4f34-bb92-176c82842993":	{
				"$Position":	{
					"$x":	14176,
					"$y":	1998
				}
			},
			"Material-10811e9e-1f9e-4792-a1ed-ccb1f10cadf9":	{
				"$Position":	{
					"$x":	14643,
					"$y":	2001
				}
			},
			"Point3D-f07d8b1d-b073-47e2-8083-5bc14ded0f71":	{
				"$Position":	{
					"$x":	13561,
					"$y":	2147
				}
			},
			"ColumnLinear.Scanner-ba298d24-8cb2-4553-96b1-de5d08812d99":	{
				"$Position":	{
					"$x":	11600,
					"$y":	1989
				}
			}
		},
		"$FloatingNodes":	[],
		"$Links":	{
		},
		"$Groups":	[],
		"$Comments":	[],
		"$WorkspaceID":	"HytaleGenerator - Assignments"
	}
}