{
	"$Title":	"[ROOT] Constant Assignments",
	"$Position":	{
		"$x":	4706,
		"$y":	4998
	},
	"Type":	"Constant",
	"ExportAs":	"Desert1_Oasis_Bushes_High",
	"Prop":	{
		"$Position":	{
			"$x":	5482,
			"$y":	5007
		},
		"Type":	"Column",
		"Skip":	false,
		"ColumnBlocks":	[{
				"$Position":	{
					"$x":	6205,
					"$y":	4652
				},
				"Y":	0,
				"Material":	{
					"$Position":	{
						"$x":	6682,
						"$y":	4650
					},
					"Solid":	"Plant_Bush_Jungle"
				}
			}],
		"Directionality":	{
			"$Position":	{
				"$x":	6163,
				"$y":	5121
			},
			"Type":	"Static",
			"Rotation":	0,
			"Pattern":	{
				"$Position":	{
					"$x":	6809,
					"$y":	5133
				},
				"Type":	"Floor",
				"Skip":	false,
				"Origin":	{
					"$Position":	{
						"$x":	7441,
						"$y":	4977
					},
					"Type":	"BlockType",
					"Skip":	false,
					"Material":	{
						"$Position":	{
							"$x":	8154,
							"$y":	4976
						},
						"Solid":	"Empty"
					}
				},
				"Floor":	{
					"$Position":	{
						"$x":	7432,
						"$y":	5183
					},
					"Type":	"BlockSet",
					"Skip":	false,
					"BlockSet":	{
						"$Position":	{
							"$x":	8064,
							"$y":	5205
						},
						"Inclusive":	true,
						"Materials":	[{
								"$Position":	{
									"$x":	8589,
									"$y":	5200
								},
								"Solid":	"Soil_Grass_Dry"
							}, {
								"$Position":	{
									"$x":	8594,
									"$y":	5360
								},
								"Solid":	"Soil_Grass"
							}]
					}
				}
			}
		},
		"Scanner":	{
			"$Position":	{
				"$x":	6158,
				"$y":	5336
			},
			"Type":	"ColumnLinear",
			"Skip":	false,
			"MaxY":	-25,
			"MinY":	-42,
			"RelativeToPosition":	false,
			"BaseHeightName":	"Base",
			"TopDownOrder":	true,
			"ResultCap":	1
		}
	},
	"$WorkspaceID":	"HytaleGenerator - Assignments",
	"$Groups":	[]
}