{
	"$NodeId":	"Weighted.Assignments-b30c7e8a-81a1-4edd-95a6-cf128f4439d6",
	"Type":	"Weighted",
	"ExportAs":	"Desert1_Stacks_Rubble",
	"SkipChance":	0,
	"Seed":	"A",
	"WeightedAssignments":	[{
			"$NodeId":	"Weight.Weighted.Assignments-d6935719-7f0d-4558-9e16-a93918afb016",
			"Weight":	100,
			"Assignments":	{
				"$NodeId":	"Constant.Assignments-58a5ea59-f52f-4083-84ba-31c9ae7b1baa",
				"Type":	"Constant",
				"Prop":	{
					"$NodeId":	"Cluster.Prop-b47014eb-44b8-4b0f-b3b4-008870041af1",
					"Type":	"Cluster",
					"Skip":	false,
					"Range":	25,
					"Seed":	"A",
					"DistanceCurve":	{
						"$NodeId":	"ManualCurve-a105ac5f-0940-4ebf-b117-20ce3c13e79c",
						"Type":	"Manual",
						"Points":	[{
								"$NodeId":	"CurvePoint-2a9c11c6-73e0-4351-8720-20ffadb904e2",
								"In":	5,
								"Out":	0.1
							}, {
								"$NodeId":	"CurvePoint-42583ef0-01fc-4316-b263-d0a2ccfe0892",
								"In":	15,
								"Out":	0
							}]
					},
					"WeightedProps":	[{
							"$NodeId":	"Weighted.Cluster.Prop-1a5f3432-6239-41a4-a13b-0563708c2767",
							"Weight":	1,
							"ColumnProp":	{
								"$NodeId":	"Column.Prop-801d612a-a6e1-4877-a904-2a18180350db",
								"Type":	"Column",
								"Skip":	false,
								"ColumnBlocks":	[{
										"$NodeId":	"Block.Column.Prop-4fdce70e-2c15-4612-a4a4-be0826a4dd76",
										"Y":	0,
										"Material":	{
											"$NodeId":	"Material-4132ea80-92cd-4f63-ae00-c49fa5e809c8",
											"Solid":	"Rubble_Sandstone"
										}
									}],
								"Directionality":	{
									"$NodeId":	"Static.Directionality-51a7a0a6-39cc-4611-9400-6617d311b5eb",
									"Type":	"Static",
									"Rotation":	0,
									"Pattern":	{
										"$NodeId":	"Floor.Pattern-673e8d18-44ed-463f-aced-70abd7b25302",
										"Type":	"Floor",
										"Skip":	false,
										"Origin":	{
											"$NodeId":	"BlockSet.Pattern-a809888e-8f95-4349-818f-eaa553bd500d",
											"Type":	"BlockSet",
											"Skip":	false,
											"BlockSet":	{
												"$NodeId":	"BlockSet.BlockMask-199e16fc-42f8-4b9d-b131-246b1e742a8f",
												"Inclusive":	true,
												"Materials":	[{
														"$NodeId":	"Material-70b66dc7-3ab2-4a9a-868b-669ce7548967",
														"Solid":	"Empty"
													}]
											}
										},
										"Floor":	{
											"$NodeId":	"BlockSet.Pattern-8fae22a9-d24a-4576-9533-c1586dee185b",
											"Type":	"BlockSet",
											"Skip":	false,
											"BlockSet":	{
												"$NodeId":	"BlockSet.BlockMask-7ae373ab-e40c-4f6c-9eb3-18ad58d848b0",
												"Inclusive":	true,
												"Materials":	[{
														"$NodeId":	"Material-241f46cc-9404-437c-8110-bea4690bc600",
														"Solid":	"Rock_Sandstone"
													}, {
														"$NodeId":	"Material-f0a8f598-bd9e-4947-b247-f2251a308f25",
														"Solid":	"Soil_Gravel_Sand_White"
													}]
											}
										}
									}
								},
								"Scanner":	{
									"$NodeId":	"ColumnLinear.Scanner-ac9713ff-d6d2-493a-ab11-5e0f5b70d182",
									"Type":	"ColumnLinear",
									"Skip":	false,
									"MaxY":	100,
									"MinY":	0,
									"RelativeToPosition":	false,
									"BaseHeightName":	"Base",
									"TopDownOrder":	false,
									"ResultCap":	1
								}
							}
						}],
					"Pattern":	{
						"$NodeId":	"Floor.Pattern-ddeffd48-8dba-4b4b-a884-725f42d82797",
						"Type":	"Floor",
						"Skip":	false,
						"Origin":	{
							"$NodeId":	"BlockSet.Pattern-4bece2cb-45c5-4e20-a3eb-5e321abf2f2d",
							"Type":	"BlockSet",
							"Skip":	false,
							"BlockSet":	{
								"$NodeId":	"BlockSet.BlockMask-0030f735-e4b3-47c5-a808-a7a3208e8458",
								"Inclusive":	true,
								"Materials":	[{
										"$NodeId":	"Material-e1e25deb-d582-40ab-88fb-999e6c025d70",
										"Solid":	"Empty"
									}]
							}
						},
						"Floor":	{
							"$NodeId":	"BlockSet.Pattern-9dfa94aa-88f8-4f5c-abc4-70b713c8582f",
							"Type":	"BlockSet",
							"Skip":	false,
							"BlockSet":	{
								"$NodeId":	"BlockSet.BlockMask-8a6dc433-3e25-4fbf-bb14-98ab71f66388",
								"Inclusive":	false,
								"Materials":	[{
										"$NodeId":	"Material-7890111a-e072-4bdf-b141-d7d142b268de",
										"Solid":	"Empty"
									}]
							}
						}
					},
					"Scanner":	{
						"$NodeId":	"ColumnLinear.Scanner-6554897d-bb30-49a9-a955-4c3bc81ea4b3",
						"Type":	"ColumnLinear",
						"Skip":	false,
						"MaxY":	100,
						"MinY":	0,
						"RelativeToPosition":	false,
						"BaseHeightName":	"Base",
						"TopDownOrder":	false,
						"ResultCap":	1
					}
				}
			}
		}],
	"$NodeEditorMetadata":	{
		"$Nodes":	{
			"Weighted.Assignments-b30c7e8a-81a1-4edd-95a6-cf128f4439d6":	{
				"$Position":	{
					"$x":	9657,
					"$y":	-330
				},
				"$Title":	"[ROOT] Weighted Assignments"
			},
			"Weight.Weighted.Assignments-d6935719-7f0d-4558-9e16-a93918afb016":	{
				"$Position":	{
					"$x":	10381,
					"$y":	-330
				}
			},
			"Constant.Assignments-58a5ea59-f52f-4083-84ba-31c9ae7b1baa":	{
				"$Position":	{
					"$x":	10900,
					"$y":	-330
				}
			},
			"Cluster.Prop-b47014eb-44b8-4b0f-b3b4-008870041af1":	{
				"$Position":	{
					"$x":	11615,
					"$y":	-336
				}
			},
			"ManualCurve-a105ac5f-0940-4ebf-b117-20ce3c13e79c":	{
				"$Position":	{
					"$x":	12446,
					"$y":	-1443
				}
			},
			"CurvePoint-2a9c11c6-73e0-4351-8720-20ffadb904e2":	{
				"$Position":	{
					"$x":	13054,
					"$y":	-1443
				}
			},
			"CurvePoint-42583ef0-01fc-4316-b263-d0a2ccfe0892":	{
				"$Position":	{
					"$x":	13053,
					"$y":	-1270
				}
			},
			"Weighted.Cluster.Prop-1a5f3432-6239-41a4-a13b-0563708c2767":	{
				"$Position":	{
					"$x":	12425,
					"$y":	-1023
				}
			},
			"Column.Prop-801d612a-a6e1-4877-a904-2a18180350db":	{
				"$Position":	{
					"$x":	12898,
					"$y":	-1032
				}
			},
			"Block.Column.Prop-4fdce70e-2c15-4612-a4a4-be0826a4dd76":	{
				"$Position":	{
					"$x":	13600,
					"$y":	-1038
				}
			},
			"Material-4132ea80-92cd-4f63-ae00-c49fa5e809c8":	{
				"$Position":	{
					"$x":	14084,
					"$y":	-1054
				}
			},
			"Static.Directionality-51a7a0a6-39cc-4611-9400-6617d311b5eb":	{
				"$Position":	{
					"$x":	13597,
					"$y":	-887
				}
			},
			"Floor.Pattern-673e8d18-44ed-463f-aced-70abd7b25302":	{
				"$Position":	{
					"$x":	14217,
					"$y":	-880
				}
			},
			"BlockSet.Pattern-a809888e-8f95-4349-818f-eaa553bd500d":	{
				"$Position":	{
					"$x":	14865,
					"$y":	-1048
				}
			},
			"BlockSet.BlockMask-199e16fc-42f8-4b9d-b131-246b1e742a8f":	{
				"$Position":	{
					"$x":	15497,
					"$y":	-1043
				}
			},
			"Material-70b66dc7-3ab2-4a9a-868b-669ce7548967":	{
				"$Position":	{
					"$x":	15998,
					"$y":	-1053
				}
			},
			"BlockSet.Pattern-8fae22a9-d24a-4576-9533-c1586dee185b":	{
				"$Position":	{
					"$x":	14866,
					"$y":	-669
				}
			},
			"BlockSet.BlockMask-7ae373ab-e40c-4f6c-9eb3-18ad58d848b0":	{
				"$Position":	{
					"$x":	15505,
					"$y":	-659
				}
			},
			"Material-241f46cc-9404-437c-8110-bea4690bc600":	{
				"$Position":	{
					"$x":	15990,
					"$y":	-651
				}
			},
			"ColumnLinear.Scanner-ac9713ff-d6d2-493a-ab11-5e0f5b70d182":	{
				"$Position":	{
					"$x":	13605,
					"$y":	-688
				}
			},
			"Floor.Pattern-ddeffd48-8dba-4b4b-a884-725f42d82797":	{
				"$Position":	{
					"$x":	12348,
					"$y":	-172
				}
			},
			"BlockSet.Pattern-4bece2cb-45c5-4e20-a3eb-5e321abf2f2d":	{
				"$Position":	{
					"$x":	12996,
					"$y":	-225
				}
			},
			"BlockSet.BlockMask-0030f735-e4b3-47c5-a808-a7a3208e8458":	{
				"$Position":	{
					"$x":	13628,
					"$y":	-220
				}
			},
			"Material-e1e25deb-d582-40ab-88fb-999e6c025d70":	{
				"$Position":	{
					"$x":	14145,
					"$y":	-227
				}
			},
			"BlockSet.Pattern-9dfa94aa-88f8-4f5c-abc4-70b713c8582f":	{
				"$Position":	{
					"$x":	13007,
					"$y":	118
				}
			},
			"BlockSet.BlockMask-8a6dc433-3e25-4fbf-bb14-98ab71f66388":	{
				"$Position":	{
					"$x":	13643,
					"$y":	127
				}
			},
			"Material-7890111a-e072-4bdf-b141-d7d142b268de":	{
				"$Position":	{
					"$x":	14141,
					"$y":	121
				}
			},
			"ColumnLinear.Scanner-6554897d-bb30-49a9-a955-4c3bc81ea4b3":	{
				"$Position":	{
					"$x":	12350,
					"$y":	154
				}
			},
			"Material-f0a8f598-bd9e-4947-b247-f2251a308f25":	{
				"$Position":	{
					"$x":	16002,
					"$y":	-488
				}
			}
		},
		"$FloatingNodes":	[],
		"$Links":	{
		},
		"$Groups":	[{
				"$Position":	{
					"$x":	10848,
					"$y":	-1568.5
				},
				"$width":	6502.9375,
				"$height":	2340.5,
				"$name":	"Rubbles"
			}],
		"$Comments":	[],
		"$WorkspaceID":	"HytaleGenerator - Assignments"
	}
}