{
	"$NodeId":	"Weighted.Assignments-2213da5f-32c3-46cd-9635-b2af16523eb5",
	"Type":	"Weighted",
	"ExportAs":	"Desert1_Stacks_Boulders",
	"SkipChance":	0,
	"Seed":	"A",
	"WeightedAssignments":	[{
			"$NodeId":	"Weight.Weighted.Assignments-1708b96b-75f5-46ca-be22-935eb92be100",
			"Weight":	70,
			"Assignments":	{
				"$NodeId":	"Constant.Assignments-5e9a3c3b-0364-47b7-96af-b5f431325030",
				"Type":	"Constant",
				"Prop":	{
					"$NodeId":	"Prefab.Prop-d1c6cf5e-915d-4a99-93b4-3637505508aa",
					"Type":	"Prefab",
					"Skip":	false,
					"WeightedPrefabPaths":	[{
							"$NodeId":	"WeightedPath.Prefab.Prop-364e244a-7387-4fab-965a-227bc4be2b35",
							"Path":	"Rock_Formations/Rocks/Sandstone/Large/",
							"Weight":	20
						}],
					"LegacyPath":	false,
					"LoadEntities":	true,
					"Directionality":	{
						"$NodeId":	"Random.Directionality-4fdf2ed9-a1e9-4026-b451-8e5ac073fb00",
						"Type":	"Random",
						"Seed":	"A",
						"Pattern":	{
							"$NodeId":	"And.Pattern-6662f474-4898-4a27-8b63-8cf9fc0f0fa2",
							"Type":	"And",
							"Skip":	false,
							"Patterns":	[{
									"$NodeId":	"Floor.Pattern-e113b6af-4d00-4b5a-82bf-3c6a30bd209f",
									"Type":	"Floor",
									"Skip":	false,
									"Origin":	{
										"$NodeId":	"BlockType.Pattern-aae0fd76-adbd-4868-8e61-6782a64ba006",
										"Type":	"BlockType",
										"Skip":	false,
										"Material":	{
											"$NodeId":	"Material-eb43df7b-a5d4-4ca0-a59b-cae9e7d8063d",
											"Solid":	"Empty"
										}
									},
									"Floor":	{
										"$NodeId":	"BlockSet.Pattern-5c261e73-d548-4105-a7ac-7d52276424e6",
										"Type":	"BlockSet",
										"Skip":	false,
										"BlockSet":	{
											"$NodeId":	"BlockSet.BlockMask-0c11662e-91db-4a26-afb3-d959b5eec2c5",
											"Inclusive":	true,
											"Materials":	[{
													"$NodeId":	"Material-02d936c0-23f8-401a-bef3-a46f2e7c9158",
													"Solid":	"Soil_Gravel_Sand_White"
												}]
										}
									}
								}]
						}
					},
					"Scanner":	{
						"$NodeId":	"ColumnLinear.Scanner-ad7f4021-d7f7-4b97-821d-ca405d0a6951",
						"Type":	"ColumnLinear",
						"Skip":	false,
						"MaxY":	40,
						"MinY":	0,
						"RelativeToPosition":	false,
						"BaseHeightName":	"Base",
						"TopDownOrder":	true,
						"ResultCap":	1
					},
					"MoldingDirection":	"None",
					"MoldingChildren":	false
				}
			}
		}, {
			"$NodeId":	"Weight.Weighted.Assignments-c9013438-2d99-4580-b8fe-3a24337ac6f1",
			"Weight":	30,
			"Assignments":	{
				"$NodeId":	"Constant.Assignments-f2f15e79-4fa2-42cc-a22f-ab2b3b891c6d",
				"Type":	"Constant",
				"Prop":	{
					"$NodeId":	"Cluster.Prop-906cedab-2a76-445d-b076-dc600e48415d",
					"Type":	"Cluster",
					"Skip":	false,
					"Range":	10,
					"Seed":	"A",
					"DistanceCurve":	{
						"$NodeId":	"ManualCurve-b548db26-c78f-49ec-9c0d-e82586c24b24",
						"Type":	"Manual",
						"Points":	[{
								"$NodeId":	"CurvePoint-c409830e-31b8-47d8-a696-25b09870fb4b",
								"In":	2,
								"Out":	0.5
							}, {
								"$NodeId":	"CurvePoint-11d15a4c-fce4-4727-b30b-e03443cdeae2",
								"In":	5,
								"Out":	0
							}]
					},
					"WeightedProps":	[{
							"$NodeId":	"Weighted.Cluster.Prop-a64baffb-0466-4ae1-ab10-dd90618112ab",
							"Weight":	1,
							"ColumnProp":	{
								"$NodeId":	"Column.Prop-c0e6f775-802f-498b-bb2d-60135b7dc1c3",
								"Type":	"Column",
								"Skip":	false,
								"ColumnBlocks":	[{
										"$NodeId":	"Block.Column.Prop-229f6e06-aaad-4f30-8fce-67c62c0ef0a4",
										"Y":	0,
										"Material":	{
											"$NodeId":	"Material-38445128-8c64-4a7b-a8f6-a69ef895a3fd",
											"Solid":	"Plant_Bush_Arid"
										}
									}],
								"Directionality":	{
									"$NodeId":	"Static.Directionality-273efa13-ff6f-412f-be80-f5d1163c5a33",
									"Type":	"Static",
									"Rotation":	0,
									"Pattern":	{
										"$NodeId":	"Floor.Pattern-8e31c865-cc86-4232-9295-c047e575b21e",
										"Type":	"Floor",
										"Skip":	false,
										"Origin":	{
											"$NodeId":	"BlockType.Pattern-72281ee0-d22c-49ac-99d1-38c51a7de2d2",
											"Type":	"BlockType",
											"Skip":	false,
											"Material":	{
												"$NodeId":	"Material-9f99dd01-279b-4fbf-9cf0-fcb4b8b71567",
												"Solid":	"Empty"
											}
										},
										"Floor":	{
											"$NodeId":	"BlockSet.Pattern-ba8bbe39-339a-487d-b863-1fee44ee8859",
											"Type":	"BlockSet",
											"Skip":	false,
											"BlockSet":	{
												"$NodeId":	"BlockSet.BlockMask-9e2a6f7b-672a-4f81-ac6e-fe026481cebd",
												"Inclusive":	true,
												"Materials":	[{
														"$NodeId":	"Material-28774448-b8cb-49ce-89cf-43bad9875bfc",
														"Solid":	"Soil_Gravel_Sand_White"
													}]
											}
										}
									}
								},
								"Scanner":	{
									"$NodeId":	"ColumnLinear.Scanner-e128c1c8-1e12-46a0-860e-04a8ba030554",
									"Type":	"ColumnLinear",
									"Skip":	false,
									"MaxY":	5,
									"MinY":	-5,
									"RelativeToPosition":	true,
									"BaseHeightName":	"Base",
									"TopDownOrder":	true,
									"ResultCap":	1
								}
							}
						}],
					"Pattern":	{
						"$NodeId":	"Floor.Pattern-10c41e0c-5807-4b40-bc92-f55c2c88ca07",
						"Type":	"Floor",
						"Skip":	false,
						"Origin":	{
							"$NodeId":	"BlockType.Pattern-0c3d0a7f-45ab-42fc-8b53-67d64b54fb76",
							"Type":	"BlockType",
							"Skip":	false,
							"Material":	{
								"$NodeId":	"Material-3757b037-ffce-4d89-8d54-56a2787a95eb",
								"Solid":	"Empty"
							}
						},
						"Floor":	{
							"$NodeId":	"BlockSet.Pattern-48be8e9e-8711-4ef8-9fb1-28306f14c488",
							"Type":	"BlockSet",
							"Skip":	false,
							"BlockSet":	{
								"$NodeId":	"BlockSet.BlockMask-b53716f6-90ef-4197-9677-a25f59d3f040",
								"Inclusive":	true,
								"Materials":	[{
										"$NodeId":	"Material-4a52fa9b-9273-42a2-97e8-b4b7622fd65e",
										"Solid":	"Soil_Gravel_Sand_White"
									}]
							}
						}
					},
					"Scanner":	{
						"$NodeId":	"ColumnLinear.Scanner-a7a2aa14-0f24-4599-903d-b03d29e6743f",
						"Type":	"ColumnLinear",
						"Skip":	false,
						"MaxY":	40,
						"MinY":	0,
						"RelativeToPosition":	false,
						"BaseHeightName":	"Base",
						"TopDownOrder":	true,
						"ResultCap":	1
					}
				}
			}
		}],
	"$NodeEditorMetadata":	{
		"$Nodes":	{
			"Weighted.Assignments-2213da5f-32c3-46cd-9635-b2af16523eb5":	{
				"$Position":	{
					"$x":	1706,
					"$y":	12418
				},
				"$Title":	"[ROOT] Weighted Assignments"
			},
			"Weight.Weighted.Assignments-1708b96b-75f5-46ca-be22-935eb92be100":	{
				"$Position":	{
					"$x":	2446,
					"$y":	12422
				}
			},
			"Constant.Assignments-5e9a3c3b-0364-47b7-96af-b5f431325030":	{
				"$Position":	{
					"$x":	2942,
					"$y":	12427
				}
			},
			"Prefab.Prop-d1c6cf5e-915d-4a99-93b4-3637505508aa":	{
				"$Position":	{
					"$x":	3544,
					"$y":	12421
				}
			},
			"WeightedPath.Prefab.Prop-364e244a-7387-4fab-965a-227bc4be2b35":	{
				"$Position":	{
					"$x":	4340,
					"$y":	12410
				}
			},
			"Random.Directionality-4fdf2ed9-a1e9-4026-b451-8e5ac073fb00":	{
				"$Position":	{
					"$x":	4336,
					"$y":	12694
				}
			},
			"And.Pattern-6662f474-4898-4a27-8b63-8cf9fc0f0fa2":	{
				"$Position":	{
					"$x":	5052,
					"$y":	12713
				}
			},
			"Floor.Pattern-e113b6af-4d00-4b5a-82bf-3c6a30bd209f":	{
				"$Position":	{
					"$x":	5787,
					"$y":	12732
				}
			},
			"BlockType.Pattern-aae0fd76-adbd-4868-8e61-6782a64ba006":	{
				"$Position":	{
					"$x":	6422,
					"$y":	12640
				}
			},
			"Material-eb43df7b-a5d4-4ca0-a59b-cae9e7d8063d":	{
				"$Position":	{
					"$x":	7124,
					"$y":	12639
				}
			},
			"BlockSet.Pattern-5c261e73-d548-4105-a7ac-7d52276424e6":	{
				"$Position":	{
					"$x":	6410,
					"$y":	12850
				}
			},
			"BlockSet.BlockMask-0c11662e-91db-4a26-afb3-d959b5eec2c5":	{
				"$Position":	{
					"$x":	7059,
					"$y":	12866
				}
			},
			"Material-02d936c0-23f8-401a-bef3-a46f2e7c9158":	{
				"$Position":	{
					"$x":	7537,
					"$y":	12865
				}
			},
			"ColumnLinear.Scanner-ad7f4021-d7f7-4b97-821d-ca405d0a6951":	{
				"$Position":	{
					"$x":	4331,
					"$y":	12879
				}
			},
			"Weight.Weighted.Assignments-c9013438-2d99-4580-b8fe-3a24337ac6f1":	{
				"$Position":	{
					"$x":	2488,
					"$y":	13801
				}
			},
			"Constant.Assignments-f2f15e79-4fa2-42cc-a22f-ab2b3b891c6d":	{
				"$Position":	{
					"$x":	2984,
					"$y":	13806
				}
			},
			"Cluster.Prop-906cedab-2a76-445d-b076-dc600e48415d":	{
				"$Position":	{
					"$x":	3605,
					"$y":	13808
				}
			},
			"ManualCurve-b548db26-c78f-49ec-9c0d-e82586c24b24":	{
				"$Position":	{
					"$x":	4302,
					"$y":	13782
				}
			},
			"CurvePoint-c409830e-31b8-47d8-a696-25b09870fb4b":	{
				"$Position":	{
					"$x":	4947,
					"$y":	13641
				}
			},
			"CurvePoint-11d15a4c-fce4-4727-b30b-e03443cdeae2":	{
				"$Position":	{
					"$x":	4930,
					"$y":	13791
				}
			},
			"Weighted.Cluster.Prop-a64baffb-0466-4ae1-ab10-dd90618112ab":	{
				"$Position":	{
					"$x":	4348,
					"$y":	13985
				}
			},
			"Column.Prop-c0e6f775-802f-498b-bb2d-60135b7dc1c3":	{
				"$Position":	{
					"$x":	4918,
					"$y":	13952
				}
			},
			"Block.Column.Prop-229f6e06-aaad-4f30-8fce-67c62c0ef0a4":	{
				"$Position":	{
					"$x":	5633,
					"$y":	13964
				}
			},
			"Material-38445128-8c64-4a7b-a8f6-a69ef895a3fd":	{
				"$Position":	{
					"$x":	6053,
					"$y":	13935
				}
			},
			"Static.Directionality-273efa13-ff6f-412f-be80-f5d1163c5a33":	{
				"$Position":	{
					"$x":	5632,
					"$y":	14112
				}
			},
			"Floor.Pattern-8e31c865-cc86-4232-9295-c047e575b21e":	{
				"$Position":	{
					"$x":	6272,
					"$y":	14109
				}
			},
			"BlockType.Pattern-72281ee0-d22c-49ac-99d1-38c51a7de2d2":	{
				"$Position":	{
					"$x":	6907,
					"$y":	14017
				}
			},
			"Material-9f99dd01-279b-4fbf-9cf0-fcb4b8b71567":	{
				"$Position":	{
					"$x":	7609,
					"$y":	14016
				}
			},
			"BlockSet.Pattern-ba8bbe39-339a-487d-b863-1fee44ee8859":	{
				"$Position":	{
					"$x":	6895,
					"$y":	14227
				}
			},
			"BlockSet.BlockMask-9e2a6f7b-672a-4f81-ac6e-fe026481cebd":	{
				"$Position":	{
					"$x":	7568,
					"$y":	14240
				}
			},
			"Material-28774448-b8cb-49ce-89cf-43bad9875bfc":	{
				"$Position":	{
					"$x":	8053,
					"$y":	14231
				}
			},
			"ColumnLinear.Scanner-e128c1c8-1e12-46a0-860e-04a8ba030554":	{
				"$Position":	{
					"$x":	5636,
					"$y":	14254
				}
			},
			"Floor.Pattern-10c41e0c-5807-4b40-bc92-f55c2c88ca07":	{
				"$Position":	{
					"$x":	4943,
					"$y":	14771
				}
			},
			"BlockType.Pattern-0c3d0a7f-45ab-42fc-8b53-67d64b54fb76":	{
				"$Position":	{
					"$x":	5578,
					"$y":	14679
				}
			},
			"Material-3757b037-ffce-4d89-8d54-56a2787a95eb":	{
				"$Position":	{
					"$x":	6280,
					"$y":	14678
				}
			},
			"BlockSet.Pattern-48be8e9e-8711-4ef8-9fb1-28306f14c488":	{
				"$Position":	{
					"$x":	5566,
					"$y":	14889
				}
			},
			"BlockSet.BlockMask-b53716f6-90ef-4197-9677-a25f59d3f040":	{
				"$Position":	{
					"$x":	6239,
					"$y":	14902
				}
			},
			"Material-4a52fa9b-9273-42a2-97e8-b4b7622fd65e":	{
				"$Position":	{
					"$x":	6724,
					"$y":	14893
				}
			},
			"ColumnLinear.Scanner-a7a2aa14-0f24-4599-903d-b03d29e6743f":	{
				"$Position":	{
					"$x":	4327,
					"$y":	14425
				}
			},
			"WeightedPath.Prefab.Prop-96d3cb68-4259-4212-aa29-c8fde0ec3328":	{
				"$Position":	{
					"$x":	752178,
					"$y":	752767
				}
			},
			"Prefab.Prop-5c4c4f1a-8edc-42d9-8cc9-7ced41e2569a":	{
				"$Position":	{
					"$x":	751427,
					"$y":	752872
				}
			},
			"Material-89fb910d-70c2-45ae-92a4-5fb2455b347b":	{
				"$Position":	{
					"$x":	754534,
					"$y":	752957
				}
			},
			"BlockSet.BlockMask-86353bbc-c111-4e57-a4cd-7ccf202549e7":	{
				"$Position":	{
					"$x":	754070,
					"$y":	753105
				}
			},
			"BlockSet.Pattern-27003ea0-dbef-483a-b4ec-970fb7a3d05e":	{
				"$Position":	{
					"$x":	753426,
					"$y":	752934
				}
			},
			"BlockSet.BlockMask-536b961f-4f58-44d0-95a5-baac913eebb5":	{
				"$Position":	{
					"$x":	754055,
					"$y":	752946
				}
			},
			"BlockSet.Pattern-c97d2532-1fbb-485e-9a4d-7f1e5b60f41d":	{
				"$Position":	{
					"$x":	753442,
					"$y":	753093
				}
			},
			"Material-ffc8429e-afbb-45f8-af5e-59eee6b32b2e":	{
				"$Position":	{
					"$x":	754550,
					"$y":	753115
				}
			},
			"ColumnLinear.Scanner-91ff3860-ee22-4619-a99c-eb2b337fcd77":	{
				"$Position":	{
					"$x":	752168,
					"$y":	753089
				}
			},
			"Floor.Pattern-ed9e40b5-88e9-42c5-89cf-3d8d6f2b1e9a":	{
				"$Position":	{
					"$x":	752789,
					"$y":	752933
				}
			},
			"Random.Directionality-e1b40160-5519-45a5-8064-91271a3f1777":	{
				"$Position":	{
					"$x":	752177,
					"$y":	752935
				}
			},
			"Weight.Weighted.Assignments-1f125ec7-edfe-4425-b099-d8de0856d801":	{
				"$Position":	{
					"$x":	0,
					"$y":	0
				}
			},
			"Constant.Assignments-acc3e1fc-e7de-4b0f-b2bf-9cf3501614d7":	{
				"$Position":	{
					"$x":	0,
					"$y":	0
				}
			},
			"Prefab.Prop-2ee48a13-27e1-41c0-ab2b-c71245a87913":	{
				"$Position":	{
					"$x":	0,
					"$y":	0
				}
			},
			"WeightedPath.Prefab.Prop-8f78800b-7d10-49ef-bf9e-788a01350c65":	{
				"$Position":	{
					"$x":	0,
					"$y":	0
				}
			},
			"Random.Directionality-a79a52ab-22d6-4f1f-9380-be515dcad3e7":	{
				"$Position":	{
					"$x":	0,
					"$y":	0
				}
			},
			"And.Pattern-4f2d264d-baba-4063-b8f3-8fe0e23e858d":	{
				"$Position":	{
					"$x":	0,
					"$y":	0
				}
			},
			"Floor.Pattern-1edf834b-e596-49ba-a73f-b3fab3945acf":	{
				"$Position":	{
					"$x":	0,
					"$y":	0
				}
			},
			"BlockType.Pattern-c306acbe-21e7-4aa1-8570-ea9d8f42d8a4":	{
				"$Position":	{
					"$x":	0,
					"$y":	0
				}
			},
			"Material-82d6b5fb-ad34-44c6-9c60-334152a72767":	{
				"$Position":	{
					"$x":	0,
					"$y":	0
				}
			},
			"BlockSet.Pattern-67528dcf-03ce-48bb-9111-f2949be8bbdb":	{
				"$Position":	{
					"$x":	0,
					"$y":	0
				}
			},
			"BlockSet.BlockMask-784dd8fa-dd76-427a-b960-85992e6f30e3":	{
				"$Position":	{
					"$x":	0,
					"$y":	0
				}
			},
			"Material-707e53d6-1bbf-409c-8d71-9425f93222a0":	{
				"$Position":	{
					"$x":	0,
					"$y":	0
				}
			},
			"ColumnLinear.Scanner-3a932774-1fe2-451d-85d5-1bea799a4f39":	{
				"$Position":	{
					"$x":	0,
					"$y":	0
				}
			},
			"BlockSet.BlockMask-960ab480-582e-4336-8aed-c4d5b8dc62f5":	{
				"$Position":	{
					"$x":	757146,
					"$y":	762619
				}
			},
			"Prefab.Prop-49a48ab8-3f7a-47f5-ab27-37768fdf2d20":	{
				"$Position":	{
					"$x":	753631,
					"$y":	762174
				}
			},
			"WeightedPath.Prefab.Prop-26128c98-2475-4d7c-994f-f2df3060ef86":	{
				"$Position":	{
					"$x":	754427,
					"$y":	762163
				}
			},
			"And.Pattern-d4255a61-0b7d-483a-8608-42813ff99df6":	{
				"$Position":	{
					"$x":	755139,
					"$y":	762466
				}
			},
			"Floor.Pattern-d1d39326-293d-44d3-8d23-324a96a8600a":	{
				"$Position":	{
					"$x":	755874,
					"$y":	762485
				}
			},
			"BlockSet.Pattern-922e328a-b63f-4c9e-b0f7-b5329643e67d":	{
				"$Position":	{
					"$x":	756497,
					"$y":	762603
				}
			},
			"Random.Directionality-79e719e5-c285-4874-ad7a-93a8ebf34921":	{
				"$Position":	{
					"$x":	754423,
					"$y":	762447
				}
			},
			"Material-39f3fed9-a70b-498f-9be5-302971729053":	{
				"$Position":	{
					"$x":	757211,
					"$y":	762392
				}
			},
			"BlockType.Pattern-4b323e34-e456-4d99-b441-c39e41cc07d0":	{
				"$Position":	{
					"$x":	756509,
					"$y":	762393
				}
			},
			"ColumnLinear.Scanner-79860400-0c4c-4c78-9728-85e748168490":	{
				"$Position":	{
					"$x":	754418,
					"$y":	762632
				}
			},
			"Material-dc560b66-21cf-4bb1-90f8-578afd6befd7":	{
				"$Position":	{
					"$x":	757624,
					"$y":	762618
				}
			},
			"Constant.Assignments-20d1d6d7-41e3-4618-bb0d-08bcf7285c6a":	{
				"$Position":	{
					"$x":	753029,
					"$y":	762180
				}
			},
			"Weight.Weighted.Assignments-679d22a0-7045-4c9a-96c4-e891061deae7":	{
				"$Position":	{
					"$x":	752533,
					"$y":	762175
				}
			},
			"BlockSet.BlockMask-2e7d9465-c74e-4307-8405-0e03ef151c4c":	{
				"$Position":	{
					"$x":	757112,
					"$y":	764245
				}
			},
			"Prefab.Prop-c630df5e-4569-4dda-bb3e-bc1bdf665e70":	{
				"$Position":	{
					"$x":	753597,
					"$y":	763800
				}
			},
			"WeightedPath.Prefab.Prop-a67ba786-5778-4a93-ab96-80b4471df0df":	{
				"$Position":	{
					"$x":	754393,
					"$y":	763789
				}
			},
			"And.Pattern-1a1f241a-e2f8-4778-9928-4b09a80fd3b9":	{
				"$Position":	{
					"$x":	755105,
					"$y":	764092
				}
			},
			"Floor.Pattern-83d5cee0-e4ab-4c5f-89d5-402239329d8d":	{
				"$Position":	{
					"$x":	755840,
					"$y":	764111
				}
			},
			"BlockSet.Pattern-768ea149-0605-43d1-800d-cba01ed74427":	{
				"$Position":	{
					"$x":	756463,
					"$y":	764229
				}
			},
			"Random.Directionality-bf5901b3-0fb1-4bb4-ba14-fcef1999ef7b":	{
				"$Position":	{
					"$x":	754389,
					"$y":	764073
				}
			},
			"Material-44473f09-d0bc-4986-8d0c-8e09b8e3d565":	{
				"$Position":	{
					"$x":	757177,
					"$y":	764018
				}
			},
			"BlockType.Pattern-0a983daa-5572-4c8a-beb1-bbb377013711":	{
				"$Position":	{
					"$x":	756475,
					"$y":	764019
				}
			},
			"ColumnLinear.Scanner-b4b36357-6216-42fc-a9bd-027e0b214c36":	{
				"$Position":	{
					"$x":	754384,
					"$y":	764258
				}
			},
			"Material-393fb589-91b6-4166-a91b-f10a8af49236":	{
				"$Position":	{
					"$x":	757590,
					"$y":	764244
				}
			},
			"Constant.Assignments-755ee88e-1019-4e42-ba04-6f98be55e590":	{
				"$Position":	{
					"$x":	752995,
					"$y":	763806
				}
			},
			"Weight.Weighted.Assignments-d2ca471b-aeff-491e-adc9-bdee79068234":	{
				"$Position":	{
					"$x":	752499,
					"$y":	763801
				}
			},
			"CurvePoint-a9676499-12d7-44bf-a7d2-811076838eb6":	{
				"$Position":	{
					"$x":	754913,
					"$y":	765267
				}
			},
			"ColumnLinear.Scanner-6b3860f4-5057-4c77-8561-6fa66af4e0f6":	{
				"$Position":	{
					"$x":	755602,
					"$y":	765880
				}
			},
			"BlockSet.Pattern-b93f126c-f045-41ee-b470-775b50049c3c":	{
				"$Position":	{
					"$x":	756861,
					"$y":	765853
				}
			},
			"Cluster.Prop-a769df3c-30ee-45e0-a535-5c4df25cc25f":	{
				"$Position":	{
					"$x":	753571,
					"$y":	765434
				}
			},
			"ManualCurve-9bd90195-d54e-4ce6-b53e-55d3faee4417":	{
				"$Position":	{
					"$x":	754268,
					"$y":	765408
				}
			},
			"CurvePoint-5169bedb-4fb0-4e9f-91d0-b76580d8b6ac":	{
				"$Position":	{
					"$x":	754896,
					"$y":	765417
				}
			},
			"Block.Column.Prop-10f6a1ab-380e-4fd9-a616-228439c0389e":	{
				"$Position":	{
					"$x":	755599,
					"$y":	765590
				}
			},
			"Floor.Pattern-641901d9-d241-45c3-8e91-b2d338fb66dd":	{
				"$Position":	{
					"$x":	756238,
					"$y":	765735
				}
			},
			"Column.Prop-46243929-7756-44b1-a81c-347d4560255e":	{
				"$Position":	{
					"$x":	754884,
					"$y":	765578
				}
			},
			"BlockType.Pattern-b1afedec-46b2-4e1a-af12-606a52c97fcc":	{
				"$Position":	{
					"$x":	756873,
					"$y":	765643
				}
			},
			"BlockSet.BlockMask-f33f1034-24a5-4be9-9c9e-8d7e4f424cdf":	{
				"$Position":	{
					"$x":	757534,
					"$y":	765866
				}
			},
			"Material-216ed688-5d8b-4f5c-85ed-23055fbb5784":	{
				"$Position":	{
					"$x":	758019,
					"$y":	765857
				}
			},
			"Static.Directionality-0d66d203-f4b1-44cd-a0b0-6f2d87c53054":	{
				"$Position":	{
					"$x":	755598,
					"$y":	765738
				}
			},
			"Material-5c84fb3b-855d-47d7-a1c1-26fa4f7c476d":	{
				"$Position":	{
					"$x":	757575,
					"$y":	765642
				}
			},
			"Weighted.Cluster.Prop-a844a198-4fab-413b-94ea-d23ff2fe8367":	{
				"$Position":	{
					"$x":	754314,
					"$y":	765611
				}
			},
			"Material-34d0d326-bb60-49a1-8296-8fd724609b06":	{
				"$Position":	{
					"$x":	756019,
					"$y":	765561
				}
			},
			"BlockSet.Pattern-e6b15b5b-ce13-4025-ad6e-a2b62113cc12":	{
				"$Position":	{
					"$x":	755532,
					"$y":	766515
				}
			},
			"BlockType.Pattern-c2a57272-6b8b-4b0a-9449-9f39444980c1":	{
				"$Position":	{
					"$x":	755544,
					"$y":	766305
				}
			},
			"Material-68556402-fa99-40db-aa2a-9eb365791378":	{
				"$Position":	{
					"$x":	756246,
					"$y":	766304
				}
			},
			"BlockSet.BlockMask-aeeb4b93-7973-45c4-a4e6-6632e884decd":	{
				"$Position":	{
					"$x":	756205,
					"$y":	766528
				}
			},
			"Material-f59dbae7-90e7-4f35-b936-edb78d02c13a":	{
				"$Position":	{
					"$x":	756690,
					"$y":	766519
				}
			},
			"ColumnLinear.Scanner-c2a03acf-d5b3-477b-bea6-de21ef501e16":	{
				"$Position":	{
					"$x":	754293,
					"$y":	766051
				}
			},
			"Floor.Pattern-b7ce17f6-8778-4b59-9c09-d4174df41943":	{
				"$Position":	{
					"$x":	754909,
					"$y":	766397
				}
			}
		},
		"$FloatingNodes":	[{
				"$NodeId":	"WeightedPath.Prefab.Prop-96d3cb68-4259-4212-aa29-c8fde0ec3328",
				"Path":	"Trees/Petrified_Dead/Stage_5",
				"Weight":	1
			}, {
				"$NodeId":	"Prefab.Prop-5c4c4f1a-8edc-42d9-8cc9-7ced41e2569a",
				"Type":	"Prefab",
				"Skip":	false,
				"LegacyPath":	false,
				"LoadEntities":	true,
				"MoldingDirection":	"NONE",
				"MoldingChildren":	false
			}, {
				"$NodeId":	"Material-89fb910d-70c2-45ae-92a4-5fb2455b347b",
				"Solid":	"Empty"
			}, {
				"$NodeId":	"BlockSet.BlockMask-86353bbc-c111-4e57-a4cd-7ccf202549e7",
				"Inclusive":	false
			}, {
				"$NodeId":	"BlockSet.Pattern-27003ea0-dbef-483a-b4ec-970fb7a3d05e",
				"Type":	"BlockSet",
				"Skip":	false
			}, {
				"$NodeId":	"BlockSet.BlockMask-536b961f-4f58-44d0-95a5-baac913eebb5",
				"Inclusive":	true
			}, {
				"$NodeId":	"BlockSet.Pattern-c97d2532-1fbb-485e-9a4d-7f1e5b60f41d",
				"Type":	"BlockSet",
				"Skip":	false
			}, {
				"$NodeId":	"Material-ffc8429e-afbb-45f8-af5e-59eee6b32b2e",
				"Solid":	"Empty"
			}, {
				"$NodeId":	"ColumnLinear.Scanner-91ff3860-ee22-4619-a99c-eb2b337fcd77",
				"Type":	"ColumnLinear",
				"Skip":	false,
				"MaxY":	10,
				"MinY":	-5,
				"RelativeToPosition":	false,
				"BaseHeightName":	"Base",
				"TopDownOrder":	true,
				"ResultCap":	1
			}, {
				"$NodeId":	"Floor.Pattern-ed9e40b5-88e9-42c5-89cf-3d8d6f2b1e9a",
				"Type":	"Floor",
				"Skip":	false
			}, {
				"$NodeId":	"Random.Directionality-e1b40160-5519-45a5-8064-91271a3f1777",
				"Type":	"Random",
				"Seed":	"A"
			}, {
				"$NodeId":	"Weight.Weighted.Assignments-1f125ec7-edfe-4425-b099-d8de0856d801",
				"Weight":	1,
				"Assignments":	{
					"$NodeId":	"Constant.Assignments-acc3e1fc-e7de-4b0f-b2bf-9cf3501614d7",
					"Type":	"Constant",
					"Prop":	{
						"$NodeId":	"Prefab.Prop-2ee48a13-27e1-41c0-ab2b-c71245a87913",
						"Type":	"Prefab",
						"Skip":	false,
						"WeightedPrefabPaths":	[{
								"$NodeId":	"WeightedPath.Prefab.Prop-8f78800b-7d10-49ef-bf9e-788a01350c65",
								"Path":	"Rock_Formations/Rocks/Sandstone/Large/",
								"Weight":	20
							}],
						"LegacyPath":	false,
						"LoadEntities":	true,
						"Directionality":	{
							"$NodeId":	"Random.Directionality-a79a52ab-22d6-4f1f-9380-be515dcad3e7",
							"Type":	"Random",
							"Seed":	"A",
							"Pattern":	{
								"$NodeId":	"And.Pattern-4f2d264d-baba-4063-b8f3-8fe0e23e858d",
								"Type":	"And",
								"Skip":	false,
								"Patterns":	[{
										"$NodeId":	"Floor.Pattern-1edf834b-e596-49ba-a73f-b3fab3945acf",
										"Type":	"Floor",
										"Skip":	false,
										"Origin":	{
											"$NodeId":	"BlockType.Pattern-c306acbe-21e7-4aa1-8570-ea9d8f42d8a4",
											"Type":	"BlockType",
											"Skip":	false,
											"Material":	{
												"$NodeId":	"Material-82d6b5fb-ad34-44c6-9c60-334152a72767",
												"Solid":	"Empty"
											}
										},
										"Floor":	{
											"$NodeId":	"BlockSet.Pattern-67528dcf-03ce-48bb-9111-f2949be8bbdb",
											"Type":	"BlockSet",
											"Skip":	false,
											"BlockSet":	{
												"$NodeId":	"BlockSet.BlockMask-784dd8fa-dd76-427a-b960-85992e6f30e3",
												"Inclusive":	true,
												"Materials":	[{
														"$NodeId":	"Material-707e53d6-1bbf-409c-8d71-9425f93222a0",
														"Solid":	"Soil_Gravel_Sand_White"
													}]
											}
										}
									}]
							}
						},
						"Scanner":	{
							"$NodeId":	"ColumnLinear.Scanner-3a932774-1fe2-451d-85d5-1bea799a4f39",
							"Type":	"ColumnLinear",
							"Skip":	false,
							"MaxY":	40,
							"MinY":	0,
							"RelativeToPosition":	false,
							"BaseHeightName":	"Water",
							"TopDownOrder":	true,
							"ResultCap":	1
						},
						"MoldingDirection":	"None",
						"MoldingChildren":	false
					}
				}
			}, {
				"$NodeId":	"BlockSet.BlockMask-960ab480-582e-4336-8aed-c4d5b8dc62f5",
				"Inclusive":	true,
				"Materials":	[]
			}, {
				"$NodeId":	"Prefab.Prop-49a48ab8-3f7a-47f5-ab27-37768fdf2d20",
				"Type":	"Prefab",
				"Skip":	false,
				"WeightedPrefabPaths":	[],
				"LegacyPath":	false,
				"LoadEntities":	true,
				"MoldingDirection":	"None",
				"MoldingChildren":	false
			}, {
				"$NodeId":	"WeightedPath.Prefab.Prop-26128c98-2475-4d7c-994f-f2df3060ef86",
				"Path":	"Rock_Formations/Rocks/Sandstone/Large/",
				"Weight":	20
			}, {
				"$NodeId":	"And.Pattern-d4255a61-0b7d-483a-8608-42813ff99df6",
				"Type":	"And",
				"Skip":	false,
				"Patterns":	[]
			}, {
				"$NodeId":	"Floor.Pattern-d1d39326-293d-44d3-8d23-324a96a8600a",
				"Type":	"Floor",
				"Skip":	false
			}, {
				"$NodeId":	"BlockSet.Pattern-922e328a-b63f-4c9e-b0f7-b5329643e67d",
				"Type":	"BlockSet",
				"Skip":	false
			}, {
				"$NodeId":	"Random.Directionality-79e719e5-c285-4874-ad7a-93a8ebf34921",
				"Type":	"Random",
				"Seed":	"A"
			}, {
				"$NodeId":	"Material-39f3fed9-a70b-498f-9be5-302971729053",
				"Solid":	"Empty"
			}, {
				"$NodeId":	"BlockType.Pattern-4b323e34-e456-4d99-b441-c39e41cc07d0",
				"Type":	"BlockType",
				"Skip":	false
			}, {
				"$NodeId":	"ColumnLinear.Scanner-79860400-0c4c-4c78-9728-85e748168490",
				"Type":	"ColumnLinear",
				"Skip":	false,
				"MaxY":	40,
				"MinY":	0,
				"RelativeToPosition":	false,
				"BaseHeightName":	"Water",
				"TopDownOrder":	true,
				"ResultCap":	1
			}, {
				"$NodeId":	"Material-dc560b66-21cf-4bb1-90f8-578afd6befd7",
				"Solid":	"Soil_Gravel_Sand_White"
			}, {
				"$NodeId":	"Constant.Assignments-20d1d6d7-41e3-4618-bb0d-08bcf7285c6a",
				"Type":	"Constant"
			}, {
				"$NodeId":	"Weight.Weighted.Assignments-679d22a0-7045-4c9a-96c4-e891061deae7",
				"Weight":	1
			}, {
				"$NodeId":	"BlockSet.BlockMask-2e7d9465-c74e-4307-8405-0e03ef151c4c",
				"Inclusive":	true,
				"Materials":	[]
			}, {
				"$NodeId":	"Prefab.Prop-c630df5e-4569-4dda-bb3e-bc1bdf665e70",
				"Type":	"Prefab",
				"Skip":	false,
				"WeightedPrefabPaths":	[],
				"LegacyPath":	false,
				"LoadEntities":	true,
				"MoldingDirection":	"None",
				"MoldingChildren":	false
			}, {
				"$NodeId":	"WeightedPath.Prefab.Prop-a67ba786-5778-4a93-ab96-80b4471df0df",
				"Path":	"Rock_Formations/Rocks/Sandstone/Large/",
				"Weight":	20
			}, {
				"$NodeId":	"And.Pattern-1a1f241a-e2f8-4778-9928-4b09a80fd3b9",
				"Type":	"And",
				"Skip":	false,
				"Patterns":	[]
			}, {
				"$NodeId":	"Floor.Pattern-83d5cee0-e4ab-4c5f-89d5-402239329d8d",
				"Type":	"Floor",
				"Skip":	false
			}, {
				"$NodeId":	"BlockSet.Pattern-768ea149-0605-43d1-800d-cba01ed74427",
				"Type":	"BlockSet",
				"Skip":	false
			}, {
				"$NodeId":	"Random.Directionality-bf5901b3-0fb1-4bb4-ba14-fcef1999ef7b",
				"Type":	"Random",
				"Seed":	"A"
			}, {
				"$NodeId":	"Material-44473f09-d0bc-4986-8d0c-8e09b8e3d565",
				"Solid":	"Empty"
			}, {
				"$NodeId":	"BlockType.Pattern-0a983daa-5572-4c8a-beb1-bbb377013711",
				"Type":	"BlockType",
				"Skip":	false
			}, {
				"$NodeId":	"ColumnLinear.Scanner-b4b36357-6216-42fc-a9bd-027e0b214c36",
				"Type":	"ColumnLinear",
				"Skip":	false,
				"MaxY":	40,
				"MinY":	0,
				"RelativeToPosition":	false,
				"BaseHeightName":	"Water",
				"TopDownOrder":	true,
				"ResultCap":	1
			}, {
				"$NodeId":	"Material-393fb589-91b6-4166-a91b-f10a8af49236",
				"Solid":	"Soil_Gravel_Sand_White"
			}, {
				"$NodeId":	"Constant.Assignments-755ee88e-1019-4e42-ba04-6f98be55e590",
				"Type":	"Constant"
			}, {
				"$NodeId":	"Weight.Weighted.Assignments-d2ca471b-aeff-491e-adc9-bdee79068234",
				"Weight":	1
			}, {
				"$NodeId":	"CurvePoint-a9676499-12d7-44bf-a7d2-811076838eb6",
				"In":	2,
				"Out":	0.1
			}, {
				"$NodeId":	"ColumnLinear.Scanner-6b3860f4-5057-4c77-8561-6fa66af4e0f6",
				"Type":	"ColumnLinear",
				"Skip":	false,
				"MaxY":	5,
				"MinY":	-5,
				"RelativeToPosition":	true,
				"BaseHeightName":	"Base",
				"TopDownOrder":	true,
				"ResultCap":	1
			}, {
				"$NodeId":	"BlockSet.Pattern-b93f126c-f045-41ee-b470-775b50049c3c",
				"Type":	"BlockSet",
				"Skip":	false
			}, {
				"$NodeId":	"Cluster.Prop-a769df3c-30ee-45e0-a535-5c4df25cc25f",
				"Type":	"Cluster",
				"Skip":	false,
				"Range":	10,
				"Seed":	"A",
				"WeightedProps":	[]
			}, {
				"$NodeId":	"ManualCurve-9bd90195-d54e-4ce6-b53e-55d3faee4417",
				"Type":	"Manual",
				"Points":	[]
			}, {
				"$NodeId":	"CurvePoint-5169bedb-4fb0-4e9f-91d0-b76580d8b6ac",
				"In":	7,
				"Out":	0
			}, {
				"$NodeId":	"Block.Column.Prop-10f6a1ab-380e-4fd9-a616-228439c0389e",
				"Y":	0
			}, {
				"$NodeId":	"Floor.Pattern-641901d9-d241-45c3-8e91-b2d338fb66dd",
				"Type":	"Floor",
				"Skip":	false
			}, {
				"$NodeId":	"Column.Prop-46243929-7756-44b1-a81c-347d4560255e",
				"Type":	"Column",
				"Skip":	false,
				"ColumnBlocks":	[]
			}, {
				"$NodeId":	"BlockType.Pattern-b1afedec-46b2-4e1a-af12-606a52c97fcc",
				"Type":	"BlockType",
				"Skip":	false
			}, {
				"$NodeId":	"BlockSet.BlockMask-f33f1034-24a5-4be9-9c9e-8d7e4f424cdf",
				"Inclusive":	true,
				"Materials":	[]
			}, {
				"$NodeId":	"Material-216ed688-5d8b-4f5c-85ed-23055fbb5784",
				"Solid":	"Soil_Gravel_Sand"
			}, {
				"$NodeId":	"Static.Directionality-0d66d203-f4b1-44cd-a0b0-6f2d87c53054",
				"Type":	"Static",
				"Rotation":	0
			}, {
				"$NodeId":	"Material-5c84fb3b-855d-47d7-a1c1-26fa4f7c476d",
				"Solid":	"Empty"
			}, {
				"$NodeId":	"Weighted.Cluster.Prop-a844a198-4fab-413b-94ea-d23ff2fe8367",
				"Weight":	1
			}, {
				"$NodeId":	"Material-34d0d326-bb60-49a1-8296-8fd724609b06",
				"Solid":	"Wood_Sticks"
			}, {
				"$NodeId":	"BlockSet.Pattern-e6b15b5b-ce13-4025-ad6e-a2b62113cc12",
				"Type":	"BlockSet",
				"Skip":	false
			}, {
				"$NodeId":	"BlockType.Pattern-c2a57272-6b8b-4b0a-9449-9f39444980c1",
				"Type":	"BlockType",
				"Skip":	false
			}, {
				"$NodeId":	"Material-68556402-fa99-40db-aa2a-9eb365791378",
				"Solid":	"Empty"
			}, {
				"$NodeId":	"BlockSet.BlockMask-aeeb4b93-7973-45c4-a4e6-6632e884decd",
				"Inclusive":	true,
				"Materials":	[]
			}, {
				"$NodeId":	"Material-f59dbae7-90e7-4f35-b936-edb78d02c13a",
				"Solid":	"Soil_Gravel_Sand"
			}, {
				"$NodeId":	"ColumnLinear.Scanner-c2a03acf-d5b3-477b-bea6-de21ef501e16",
				"Type":	"ColumnLinear",
				"Skip":	false,
				"MaxY":	5,
				"MinY":	0,
				"RelativeToPosition":	false,
				"BaseHeightName":	"Water",
				"TopDownOrder":	true,
				"ResultCap":	1
			}, {
				"$NodeId":	"Floor.Pattern-b7ce17f6-8778-4b59-9c09-d4174df41943",
				"Type":	"Floor",
				"Skip":	false
			}],
		"$Links":	{
		},
		"$Groups":	[{
				"$Position":	{
					"$x":	2429.875,
					"$y":	12332.6875
				},
				"$width":	5775,
				"$height":	1119.8125,
				"$name":	"Boulders"
			}, {
				"$Position":	{
					"$x":	2434.25,
					"$y":	13523.1875
				},
				"$width":	6391.4375,
				"$height":	2056.4375,
				"$name":	"Bushes"
			}],
		"$Comments":	[],
		"$WorkspaceID":	"HytaleGenerator - Assignments"
	}
}