{
  "TranslationProperties": {
    "Name": "Interdimensional Passage Key",
    "Description": "Interdimensional Passage Key"
  },
  "Icon": "Icons/ItemsGenerated/Key.png",
  "Categories": [
    "Blocks.Portals"
  ],
  "PortalKey": {
    "PortalType": "Backend_Portal",
    "TimeLimitSeconds": 360
  },
  "BlockType": {
    "DrawType": "Model",
    "Material": "Solid",
    "Opacity": "Transparent",
    "CustomModel": "Blocks/Miscellaneous/Portal_Shard.blockymodel",
    "CustomModelTexture": [
      {
        "Texture": "Resources/KeyTexture.png",
        "Weight": 1
      }
    ]
  },
  "Recipe": {
    "TimeSeconds": 1,
    "KnowledgeRequired": false,
    "Input": [
      {
        "ItemId": "Ingredient_Bar_Iron",
        "Quantity": 25
      }
    ],
    "BenchRequirement": [
      {
        "Id": "Arcanebench",
        "Type": "Crafting",
        "Categories": [
          "Arcane_Portals"
        ]
      }
    ],
    "RequiredMemoriesLevel": 5
  },
  "PlayerAnimationsId": "Item",
  "Tags": {
    "Type": [
      "Portal",
      "Temporary"
    ]
  },
  "Quality": "Backend",
  "ItemLevel": 51,
  "IconProperties": {
    "Scale": 1.4,
    "Rotation": [
      22.5,
      137.0,
      22.5
    ],
    "Translation": [
      0.0,
      1.0
    ]
  }
}
