{
  "Type": "Variant",
  "Reference": "Template_Spirit",
  "Modify": {
    "Appearance": "Backend_Model_Camera",
    "DropList": "Drop_Machine",
    "MaxHealth": 126,
    "_CombatConfig": {
      "EntityEffect": "Immunity_Fire"
    },
    "IsMemory": true,
    "MemoriesCategory": "Elemental",
    "NameTranslationKey": {
      "Compute": "NameTranslationKey"
    }
  },
  "Parameters": {
    "NameTranslationKey": {
      "Value": "server.npcRoles.Spirit_Ember.name",
      "Description": "Translation key for NPC name display"
    }
  }
}
