{
	"$Title":	"[ROOT] Biome",
	"$Position":	{
		"$x":	-9245,
		"$y":	-4658
	},
	"Name":	"Basic",
	"Terrain":	{
		"$Position":	{
			"$x":	-2703,
			"$y":	-5658
		},
		"Type":	"DAOTerrain",
		"Density":	{
			"$Position":	{
				"$x":	-2429,
				"$y":	-5669
			},
			"Type":	"Rotator",
			"ExportAs":	"generative_arches_Full",
			"Skip":	false,
			"SpinAngle":	0,
			"NewYAxis":	{
				"$Position":	{
					"$x":	-1768,
					"$y":	-5463
				},
				"X":	0.2,
				"Y":	1,
				"Z":	0
			},
			"Inputs":	[{
					"$Position":	{
						"$x":	-1759,
						"$y":	-5663
					},
					"Type":	"Sum",
					"Skip":	false,
					"Inputs":	[{
							"$Position":	{
								"$x":	433,
								"$y":	-7241
							},
							"Type":	"Sum",
							"Skip":	false,
							"Inputs":	[{
									"$Position":	{
										"$x":	1077,
										"$y":	-7656
									},
									"Type":	"Normalizer",
									"Skip":	false,
									"FromMin":	-1,
									"FromMax":	1,
									"ToMin":	-0.2,
									"ToMax":	0.2,
									"Inputs":	[{
											"$Position":	{
												"$x":	1715,
												"$y":	-7652
											},
											"Type":	"SimplexNoise3D",
											"Skip":	false,
											"Lacunarity":	2,
											"Persistence":	0.2,
											"Octaves":	2,
											"ScaleXZ":	12,
											"ScaleY":	25,
											"Seed":	"A"
										}]
								}, {
									"$Position":	{
										"$x":	1086,
										"$y":	-7239
									},
									"Type":	"Normalizer",
									"Skip":	false,
									"FromMin":	-1,
									"FromMax":	1,
									"ToMin":	-0.8,
									"ToMax":	0.8,
									"Inputs":	[{
											"$Position":	{
												"$x":	1741,
												"$y":	-7236
											},
											"Type":	"Scale",
											"Skip":	false,
											"ScaleX":	1,
											"ScaleY":	1.5,
											"ScaleZ":	2,
											"Inputs":	[{
													"$Position":	{
														"$x":	2404,
														"$y":	-7244
													},
													"Type":	"PositionsCellNoise",
													"Skip":	false,
													"MaxDistance":	20,
													"Positions":	{
														"$Position":	{
															"$x":	3084,
															"$y":	-7475
														},
														"Type":	"Mesh2D",
														"Skip":	false,
														"PointsY":	65,
														"PointGenerator":	{
															"$Position":	{
																"$x":	3780,
																"$y":	-7483
															},
															"Type":	"Mesh",
															"Jitter":	0.2,
															"ScaleX":	30,
															"ScaleY":	30,
															"ScaleZ":	30,
															"Seed":	"A"
														}
													},
													"ReturnType":	{
														"$Position":	{
															"$x":	3096,
															"$y":	-7087
														},
														"Type":	"Curve",
														"Curve":	{
															"$Position":	{
																"$x":	3374,
																"$y":	-7103
															},
															"Type":	"Manual",
															"Points":	[{
																	"$Position":	{
																		"$x":	3999,
																		"$y":	-7095
																	},
																	"In":	1,
																	"Out":	-4
																}, {
																	"$Position":	{
																		"$x":	3999,
																		"$y":	-6935
																	},
																	"In":	10,
																	"Out":	0
																}]
														}
													},
													"DistanceFunction":	{
														"$Position":	{
															"$x":	3134,
															"$y":	-7256
														},
														"Type":	"Euclidean"
													}
												}]
										}]
								}]
						}, {
							"$Position":	{
								"$x":	190,
								"$y":	-4491
							},
							"Type":	"SmoothMin",
							"Skip":	false,
							"Range":	0.2,
							"Inputs":	[{
									"$Position":	{
										"$x":	922,
										"$y":	-5133
									},
									"Type":	"SmoothMin",
									"Skip":	false,
									"Range":	0.2,
									"Inputs":	[{
											"$Position":	{
												"$x":	1666,
												"$y":	-6396
											},
											"Type":	"Sum",
											"Skip":	false,
											"Inputs":	[{
													"$Position":	{
														"$x":	2364,
														"$y":	-6436
													},
													"Type":	"SimplexNoise2D",
													"ExportAs":	"werstjrtydkm,",
													"Skip":	false,
													"Lacunarity":	2,
													"Persistence":	0.1,
													"Octaves":	2,
													"Scale":	30,
													"Seed":	"C"
												}, {
													"$Position":	{
														"$x":	2364,
														"$y":	-6028
													},
													"Type":	"CurveMapper",
													"Skip":	false,
													"Curve":	{
														"$Position":	{
															"$x":	3035,
															"$y":	-5791
														},
														"Type":	"Manual",
														"Points":	[{
																"$Position":	{
																	"$x":	3653,
																	"$y":	-5935
																},
																"In":	12,
																"Out":	1
															}, {
																"$Position":	{
																	"$x":	3654,
																	"$y":	-5778
																},
																"In":	19,
																"Out":	-1
															}]
													},
													"Inputs":	[{
															"$Position":	{
																"$x":	3022,
																"$y":	-6031
															},
															"Type":	"BaseHeight",
															"Skip":	false,
															"BaseHeightName":	"Base",
															"Distance":	true
														}]
												}]
										}, {
											"$Position":	{
												"$x":	3228,
												"$y":	-4825
											},
											"Type":	"Sum",
											"Skip":	false,
											"Inputs":	[{
													"$Position":	{
														"$x":	3951,
														"$y":	-5383
													},
													"Type":	"Normalizer",
													"Skip":	false,
													"FromMin":	-1,
													"FromMax":	1,
													"ToMin":	-0.4,
													"ToMax":	0.2,
													"Inputs":	[{
															"$Position":	{
																"$x":	4593,
																"$y":	-5385
															},
															"Type":	"SimplexNoise3D",
															"Skip":	false,
															"Lacunarity":	2,
															"Persistence":	0.2,
															"Octaves":	2,
															"ScaleXZ":	12,
															"ScaleY":	25,
															"Seed":	"A"
														}]
												}, {
													"$Position":	{
														"$x":	3930,
														"$y":	-5007
													},
													"Type":	"Normalizer",
													"Skip":	false,
													"FromMin":	-1,
													"FromMax":	1,
													"ToMin":	-0.6,
													"ToMax":	0.8,
													"Inputs":	[{
															"$Position":	{
																"$x":	4550,
																"$y":	-5012
															},
															"Type":	"YOverride",
															"Skip":	false,
															"Value":	0,
															"Inputs":	[{
																	"$Position":	{
																		"$x":	5164,
																		"$y":	-5006
																	},
																	"Type":	"Cache",
																	"Skip":	false,
																	"Capacity":	3,
																	"Inputs":	[{
																			"$Position":	{
																				"$x":	5783,
																				"$y":	-5004
																			},
																			"Type":	"Scale",
																			"Skip":	false,
																			"ScaleX":	2,
																			"ScaleY":	1,
																			"ScaleZ":	1,
																			"Inputs":	[{
																					"$Position":	{
																						"$x":	6421,
																						"$y":	-5000
																					},
																					"Type":	"Max",
																					"Skip":	false,
																					"Inputs":	[{
																							"$Position":	{
																								"$x":	7101,
																								"$y":	-5021
																							},
																							"Type":	"PositionsCellNoise",
																							"Skip":	false,
																							"MaxDistance":	60,
																							"Positions":	{
																								"$Position":	{
																									"$x":	7873,
																									"$y":	-5128
																								},
																								"Type":	"Mesh2D",
																								"ExportAs":	"wrstjsrty",
																								"Skip":	false,
																								"PointsY":	0,
																								"PointGenerator":	{
																									"$Position":	{
																										"$x":	8562,
																										"$y":	-5125
																									},
																									"Type":	"Mesh",
																									"Jitter":	0,
																									"ScaleX":	60,
																									"ScaleY":	60,
																									"ScaleZ":	60,
																									"Seed":	"A"
																								}
																							},
																							"ReturnType":	{
																								"$Position":	{
																									"$x":	7867,
																									"$y":	-4810
																								},
																								"Type":	"Curve",
																								"Curve":	{
																									"$Position":	{
																										"$x":	8085,
																										"$y":	-4772
																									},
																									"Type":	"Manual",
																									"Points":	[{
																											"$Position":	{
																												"$x":	8714,
																												"$y":	-4771
																											},
																											"In":	5,
																											"Out":	1
																										}, {
																											"$Position":	{
																												"$x":	8732,
																												"$y":	-4616
																											},
																											"In":	10,
																											"Out":	-1
																										}]
																								}
																							},
																							"DistanceFunction":	{
																								"$Position":	{
																									"$x":	7888,
																									"$y":	-4934
																								},
																								"Type":	"Euclidean"
																							}
																						}]
																				}]
																		}]
																}]
														}]
												}, {
													"$Position":	{
														"$x":	3932,
														"$y":	-4489
													},
													"Type":	"CurveMapper",
													"Skip":	false,
													"Curve":	{
														"$Position":	{
															"$x":	4603,
															"$y":	-4252
														},
														"Type":	"Manual",
														"Points":	[{
																"$Position":	{
																	"$x":	5221,
																	"$y":	-4396
																},
																"In":	-100,
																"Out":	0.5
															}, {
																"$Position":	{
																	"$x":	5222,
																	"$y":	-4239
																},
																"In":	100,
																"Out":	-0.5
															}]
													},
													"Inputs":	[{
															"$Position":	{
																"$x":	4590,
																"$y":	-4492
															},
															"Type":	"BaseHeight",
															"Skip":	false,
															"BaseHeightName":	"Base",
															"Distance":	true
														}]
												}]
										}]
								}, {
									"$Position":	{
										"$x":	916,
										"$y":	-3755
									},
									"Type":	"Sum",
									"Skip":	false,
									"Inputs":	[{
											"$Position":	{
												"$x":	1613,
												"$y":	-3792
											},
											"Type":	"SimplexNoise2D",
											"Skip":	false,
											"Lacunarity":	4.5,
											"Persistence":	0.2,
											"Octaves":	2,
											"Scale":	60,
											"Seed":	"A"
										}, {
											"$Position":	{
												"$x":	1613,
												"$y":	-3386
											},
											"Type":	"CurveMapper",
											"Skip":	false,
											"Curve":	{
												"$Position":	{
													"$x":	2284,
													"$y":	-3149
												},
												"Type":	"Manual",
												"Points":	[{
														"$Position":	{
															"$x":	2902,
															"$y":	-3293
														},
														"In":	-10,
														"Out":	1
													}, {
														"$Position":	{
															"$x":	2903,
															"$y":	-3136
														},
														"In":	-20,
														"Out":	-1
													}]
											},
											"Inputs":	[{
													"$Position":	{
														"$x":	2271,
														"$y":	-3389
													},
													"Type":	"BaseHeight",
													"Skip":	false,
													"BaseHeightName":	"Base",
													"Distance":	true
												}]
										}]
								}]
						}]
				}]
		}
	},
	"MaterialProvider":	{
		"$Position":	{
			"$x":	-6912,
			"$y":	-2188
		},
		"Type":	"Queue",
		"Queue":	[{
				"$Position":	{
					"$x":	-6311,
					"$y":	-2841
				},
				"Type":	"FieldFunction",
				"FieldFunction":	{
					"$Position":	{
						"$x":	-5559,
						"$y":	-3138
					},
					"Type":	"Slider",
					"Skip":	false,
					"SlideX":	-15,
					"SlideY":	40,
					"SlideZ":	0,
					"Inputs":	[{
							"$Position":	{
								"$x":	-4950,
								"$y":	-3143
							},
							"Type":	"PositionsCellNoise",
							"Skip":	false,
							"MaxDistance":	2,
							"Positions":	{
								"$Position":	{
									"$x":	-4196,
									"$y":	-3423
								},
								"Type":	"Mesh2D",
								"Skip":	false,
								"PointsY":	60,
								"PointGenerator":	{
									"$Position":	{
										"$x":	-3541,
										"$y":	-3431
									},
									"Type":	"Mesh",
									"Jitter":	0,
									"ScaleX":	60,
									"ScaleY":	60,
									"ScaleZ":	60,
									"Seed":	"A"
								}
							},
							"ReturnType":	{
								"$Position":	{
									"$x":	-4258,
									"$y":	-2986
								},
								"Type":	"Curve",
								"Curve":	{
									"$Position":	{
										"$x":	-4009,
										"$y":	-2950
									},
									"Type":	"Manual",
									"Points":	[{
											"$Position":	{
												"$x":	-3373,
												"$y":	-2949
											},
											"In":	0.5,
											"Out":	0.5
										}, {
											"$Position":	{
												"$x":	-3369,
												"$y":	-2800
											},
											"In":	0.6,
											"Out":	-1
										}]
								}
							},
							"DistanceFunction":	{
								"$Position":	{
									"$x":	-4220,
									"$y":	-3155
								},
								"Type":	"Euclidean"
							}
						}]
				},
				"Delimiters":	[{
						"$Position":	{
							"$x":	-5488,
							"$y":	-2606
						},
						"From":	0,
						"To":	1,
						"Material":	{
							"$Position":	{
								"$x":	-5051,
								"$y":	-2572
							},
							"Type":	"Constant",
							"Material":	{
								"$Position":	{
									"$x":	-4417,
									"$y":	-2561
								},
								"Solid":	"Editor_Anchor"
							}
						}
					}]
			}, {
				"$Position":	{
					"$x":	-6184,
					"$y":	-807
				},
				"Type":	"Solidity",
				"Solid":	{
					"$Position":	{
						"$x":	-5514,
						"$y":	-962
					},
					"Type":	"Queue",
					"Queue":	[{
							"$Position":	{
								"$x":	-5555,
								"$y":	-1640
							},
							"Type":	"SimpleHorizontal",
							"TopY":	100,
							"TopBaseHeight":	"Base",
							"BottomY":	-5,
							"BottomBaseHeight":	"Base",
							"Material":	{
								"$Position":	{
									"$x":	-4875,
									"$y":	-1642
								},
								"Type":	"FieldFunction",
								"FieldFunction":	{
									"$Position":	{
										"$x":	-4168,
										"$y":	-1807
									},
									"Type":	"Angle",
									"Skip":	false,
									"IsAxis":	true,
									"Vector":	{
										"$Position":	{
											"$x":	-3586,
											"$y":	-2116
										},
										"X":	0,
										"Y":	1,
										"Z":	0
									},
									"VectorProvider":	{
										"$Position":	{
											"$x":	-3570,
											"$y":	-1830
										},
										"Type":	"DensityGradient",
										"Density":	{
											"$Position":	{
												"$x":	-2925,
												"$y":	-1887
											},
											"Type":	"Imported",
											"Skip":	false,
											"Name":	"generative_arches_Full"
										}
									}
								},
								"Delimiters":	[{
										"$Position":	{
											"$x":	-4213,
											"$y":	-1519
										},
										"From":	0,
										"To":	65,
										"Material":	{
											"$Position":	{
												"$x":	-3779,
												"$y":	-1518
											},
											"Type":	"SpaceAndDepth",
											"LayerContext":	"DEPTH_INTO_FLOOR",
											"MaxExpectedDepth":	3,
											"Layers":	[{
													"$Position":	{
														"$x":	-3115,
														"$y":	-1640
													},
													"Type":	"ConstantThickness",
													"Thickness":	1,
													"Material":	{
														"$Position":	{
															"$x":	-2691,
															"$y":	-1637
														},
														"Type":	"Constant",
														"Material":	{
															"$Position":	{
																"$x":	-2079,
																"$y":	-1636
															},
															"Solid":	"Soil_Grass"
														}
													}
												}, {
													"$Position":	{
														"$x":	-3102,
														"$y":	-1429
													},
													"Type":	"ConstantThickness",
													"Thickness":	2,
													"Material":	{
														"$Position":	{
															"$x":	-2685,
															"$y":	-1420
														},
														"Type":	"Constant",
														"Material":	{
															"$Position":	{
																"$x":	-2073,
																"$y":	-1419
															},
															"Solid":	"Soil_Dirt"
														}
													}
												}]
										}
									}]
							}
						}, {
							"$Position":	{
								"$x":	-4816,
								"$y":	-955
							},
							"Type":	"Constant",
							"Material":	{
								"$Position":	{
									"$x":	-4204,
									"$y":	-954
								},
								"Solid":	"Rock_Stone"
							}
						}]
				},
				"Empty":	{
					"$Comment":	"REQUIRED",
					"$Position":	{
						"$x":	-5485,
						"$y":	-708
					},
					"Type":	"Constant",
					"Material":	{
						"$Position":	{
							"$x":	-4789,
							"$y":	-679
						},
						"Solid":	"Empty"
					}
				}
			}]
	},
	"Props":	[{
			"$Position":	{
				"$x":	-5724,
				"$y":	827
			},
			"Skip":	false,
			"Runtime":	0,
			"Positions":	{
				"$Position":	{
					"$x":	-5119,
					"$y":	814
				},
				"Type":	"Mesh2D",
				"Skip":	false,
				"PointsY":	0,
				"PointGenerator":	{
					"$Position":	{
						"$x":	-4419,
						"$y":	827
					},
					"Type":	"Mesh",
					"Jitter":	0,
					"ScaleX":	1,
					"ScaleY":	1,
					"ScaleZ":	1,
					"Seed":	"1"
				}
			},
			"Assignments":	{
				"$Position":	{
					"$x":	-5035,
					"$y":	1071
				},
				"Type":	"Imported",
				"Name":	"Plains1_Gorges_Grasses"
			}
		}, {
			"$Position":	{
				"$x":	-5966,
				"$y":	1924
			},
			"Skip":	false,
			"Runtime":	0,
			"Positions":	{
				"$Position":	{
					"$x":	-5441,
					"$y":	1707
				},
				"Type":	"Mesh2D",
				"Skip":	false,
				"PointsY":	0,
				"PointGenerator":	{
					"$Position":	{
						"$x":	-4723,
						"$y":	1698
					},
					"Type":	"Mesh",
					"Jitter":	0,
					"ScaleX":	1,
					"ScaleY":	1,
					"ScaleZ":	1,
					"Seed":	"A"
				}
			},
			"Assignments":	{
				"$Position":	{
					"$x":	-4971,
					"$y":	1985
				},
				"Type":	"FieldFunction",
				"FieldFunction":	{
					"$Position":	{
						"$x":	-4107,
						"$y":	1729
					},
					"Type":	"SimplexNoise2D",
					"Skip":	false,
					"Lacunarity":	2,
					"Persistence":	3,
					"Octaves":	2,
					"Scale":	20,
					"Seed":	"Bush"
				},
				"Delimiters":	[{
						"$Position":	{
							"$x":	-4099,
							"$y":	2241
						},
						"Max":	-0.65,
						"Min":	-1,
						"Assignments":	{
							"$Position":	{
								"$x":	-3593,
								"$y":	2250
							},
							"Type":	"Weighted",
							"SkipChance":	0.2,
							"Seed":	"A",
							"WeightedAssignments":	[{
									"$Position":	{
										"$x":	-2842,
										"$y":	2253
									},
									"Weight":	1,
									"Assignments":	{
										"$Position":	{
											"$x":	-2295,
											"$y":	2239
										},
										"Type":	"Constant",
										"Prop":	{
											"$Position":	{
												"$x":	-1644,
												"$y":	2221
											},
											"Type":	"Column",
											"Skip":	false,
											"ColumnBlocks":	[{
													"$Position":	{
														"$x":	-942,
														"$y":	2220
													},
													"Y":	0,
													"Material":	{
														"$Position":	{
															"$x":	-386,
															"$y":	2166
														},
														"Solid":	"Plant_Bush"
													}
												}],
											"Directionality":	{
												"$Position":	{
													"$x":	-955,
													"$y":	2379
												},
												"Type":	"Static",
												"Rotation":	0,
												"Pattern":	{
													"$Position":	{
														"$x":	-318,
														"$y":	2398
													},
													"Type":	"Imported",
													"Skip":	false,
													"Name":	"Floor_Grass_Pattern"
												}
											},
											"Scanner":	{
												"$Position":	{
													"$x":	-963,
													"$y":	2576
												},
												"Type":	"Imported",
												"Skip":	false,
												"Name":	"BasicForestTreeScanner"
											}
										}
									}
								}]
						}
					}]
			}
		}, {
			"$Position":	{
				"$x":	-5867,
				"$y":	7230
			},
			"Skip":	false,
			"Runtime":	0,
			"Positions":	{
				"$Position":	{
					"$x":	-5342,
					"$y":	7014
				},
				"Type":	"Mesh2D",
				"Skip":	false,
				"PointsY":	0,
				"PointGenerator":	{
					"$Position":	{
						"$x":	-4624,
						"$y":	7004
					},
					"Type":	"Mesh",
					"Jitter":	0,
					"ScaleX":	1,
					"ScaleY":	1,
					"ScaleZ":	1,
					"Seed":	"A"
				}
			},
			"Assignments":	{
				"$Position":	{
					"$x":	-4301,
					"$y":	7318
				},
				"Type":	"FieldFunction",
				"FieldFunction":	{
					"$Position":	{
						"$x":	-3516,
						"$y":	7174
					},
					"Type":	"Imported",
					"Skip":	false,
					"Name":	"BasicForestRiverMask"
				},
				"Delimiters":	[{
						"$Position":	{
							"$x":	-3553,
							"$y":	7392
						},
						"Max":	10,
						"Min":	1,
						"Assignments":	{
							"$Position":	{
								"$x":	-3018,
								"$y":	7358
							},
							"Type":	"FieldFunction",
							"FieldFunction":	{
								"$Position":	{
									"$x":	-2283,
									"$y":	7261
								},
								"Type":	"Imported",
								"Skip":	false,
								"Name":	"BasicForestTreeMask"
							},
							"Delimiters":	[{
									"$Position":	{
										"$x":	-2297,
										"$y":	7481
									},
									"Max":	0,
									"Min":	-1,
									"Assignments":	{
										"$Position":	{
											"$x":	-1731,
											"$y":	7482
										},
										"Type":	"FieldFunction",
										"FieldFunction":	{
											"$Position":	{
												"$x":	-1043,
												"$y":	7134
											},
											"Type":	"SimplexNoise2D",
											"Skip":	false,
											"Lacunarity":	2,
											"Persistence":	2,
											"Octaves":	2,
											"Scale":	35,
											"Seed":	"Ferns"
										},
										"Delimiters":	[{
												"$Position":	{
													"$x":	-1036,
													"$y":	7533
												},
												"Max":	-0.5,
												"Min":	-1,
												"Assignments":	{
													"$Position":	{
														"$x":	-530,
														"$y":	7542
													},
													"Type":	"Weighted",
													"SkipChance":	0.2,
													"Seed":	"A",
													"WeightedAssignments":	[{
															"$Position":	{
																"$x":	220,
																"$y":	7545
															},
															"Weight":	1,
															"Assignments":	{
																"$Position":	{
																	"$x":	815,
																	"$y":	7597
																},
																"Type":	"Weighted",
																"SkipChance":	0,
																"Seed":	"A",
																"WeightedAssignments":	[{
																		"$Position":	{
																			"$x":	1565,
																			"$y":	7173
																		},
																		"Weight":	25,
																		"Assignments":	{
																			"$Position":	{
																				"$x":	2101,
																				"$y":	7016
																			},
																			"Type":	"Constant",
																			"Prop":	{
																				"$Position":	{
																					"$x":	2694,
																					"$y":	6973
																				},
																				"Type":	"Column",
																				"Skip":	false,
																				"ColumnBlocks":	[{
																						"$Position":	{
																							"$x":	3396,
																							"$y":	6972
																						},
																						"Y":	0,
																						"Material":	{
																							"$Position":	{
																								"$x":	3851,
																								"$y":	6958
																							},
																							"Solid":	"Plant_Fern_Forest"
																						}
																					}],
																				"Directionality":	{
																					"$Position":	{
																						"$x":	3383,
																						"$y":	7131
																					},
																					"Type":	"Static",
																					"Rotation":	0,
																					"Pattern":	{
																						"$Position":	{
																							"$x":	4020,
																							"$y":	7150
																						},
																						"Type":	"Imported",
																						"Skip":	false,
																						"Name":	"Floor_Grass_Pattern"
																					}
																				},
																				"Scanner":	{
																					"$Position":	{
																						"$x":	3374,
																						"$y":	7328
																					},
																					"Type":	"Imported",
																					"Skip":	false,
																					"Name":	"BasicForestTreeScanner"
																				}
																			}
																		}
																	}, {
																		"$Position":	{
																			"$x":	1534,
																			"$y":	7595
																		},
																		"Weight":	100,
																		"Assignments":	{
																			"$Position":	{
																				"$x":	2021,
																				"$y":	7611
																			},
																			"Type":	"Constant",
																			"Prop":	{
																				"$Position":	{
																					"$x":	2614,
																					"$y":	7567
																				},
																				"Type":	"Column",
																				"Skip":	false,
																				"ColumnBlocks":	[{
																						"$Position":	{
																							"$x":	3316,
																							"$y":	7566
																						},
																						"Y":	0,
																						"Material":	{
																							"$Position":	{
																								"$x":	3771,
																								"$y":	7553
																							},
																							"Solid":	"Plant_Fern_Winter"
																						}
																					}],
																				"Directionality":	{
																					"$Position":	{
																						"$x":	3303,
																						"$y":	7725
																					},
																					"Type":	"Static",
																					"Rotation":	0,
																					"Pattern":	{
																						"$Position":	{
																							"$x":	3940,
																							"$y":	7744
																						},
																						"Type":	"Imported",
																						"Skip":	false,
																						"Name":	"Floor_Grass_Pattern"
																					}
																				},
																				"Scanner":	{
																					"$Position":	{
																						"$x":	3294,
																						"$y":	7922
																					},
																					"Type":	"Imported",
																					"Skip":	false,
																					"Name":	"BasicForestTreeScanner"
																				}
																			}
																		}
																	}]
															}
														}]
												}
											}]
									}
								}]
						}
					}]
			}
		}, {
			"$Position":	{
				"$x":	-5950,
				"$y":	9043
			},
			"Skip":	false,
			"Runtime":	0,
			"Positions":	{
				"$Position":	{
					"$x":	-5425,
					"$y":	8827
				},
				"Type":	"Mesh2D",
				"Skip":	false,
				"PointsY":	0,
				"PointGenerator":	{
					"$Position":	{
						"$x":	-4707,
						"$y":	8817
					},
					"Type":	"Mesh",
					"Jitter":	0,
					"ScaleX":	1,
					"ScaleY":	1,
					"ScaleZ":	1,
					"Seed":	"A"
				}
			},
			"Assignments":	{
				"$Position":	{
					"$x":	-4384,
					"$y":	9130
				},
				"Type":	"FieldFunction",
				"FieldFunction":	{
					"$Position":	{
						"$x":	-3599,
						"$y":	8986
					},
					"Type":	"Imported",
					"Skip":	false,
					"Name":	"BasicForestRiverMask"
				},
				"Delimiters":	[{
						"$Position":	{
							"$x":	-3636,
							"$y":	9204
						},
						"Max":	10,
						"Min":	1,
						"Assignments":	{
							"$Position":	{
								"$x":	-3101,
								"$y":	9170
							},
							"Type":	"FieldFunction",
							"FieldFunction":	{
								"$Position":	{
									"$x":	-2366,
									"$y":	9073
								},
								"Type":	"Imported",
								"Skip":	false,
								"Name":	"BasicForestTreeMask"
							},
							"Delimiters":	[{
									"$Position":	{
										"$x":	-2380,
										"$y":	9293
									},
									"Max":	0,
									"Min":	-1,
									"Assignments":	{
										"$Position":	{
											"$x":	-1813,
											"$y":	9295
										},
										"Type":	"FieldFunction",
										"FieldFunction":	{
											"$Position":	{
												"$x":	-1126,
												"$y":	8947
											},
											"Type":	"SimplexNoise2D",
											"Skip":	false,
											"Lacunarity":	2,
											"Persistence":	3,
											"Octaves":	2,
											"Scale":	20,
											"Seed":	"Nettle"
										},
										"Delimiters":	[{
												"$Position":	{
													"$x":	-1119,
													"$y":	9345
												},
												"Max":	-0.7,
												"Min":	-1,
												"Assignments":	{
													"$Position":	{
														"$x":	-613,
														"$y":	9354
													},
													"Type":	"Weighted",
													"SkipChance":	0.2,
													"Seed":	"A",
													"WeightedAssignments":	[{
															"$Position":	{
																"$x":	137,
																"$y":	9357
															},
															"Weight":	1,
															"Assignments":	{
																"$Position":	{
																	"$x":	733,
																	"$y":	9409
																},
																"Type":	"Weighted",
																"SkipChance":	0,
																"Seed":	"A",
																"WeightedAssignments":	[{
																		"$Position":	{
																			"$x":	1451,
																			"$y":	9407
																		},
																		"Weight":	100,
																		"Assignments":	{
																			"$Position":	{
																				"$x":	1938,
																				"$y":	9424
																			},
																			"Type":	"Constant",
																			"Prop":	{
																				"$Position":	{
																					"$x":	2531,
																					"$y":	9380
																				},
																				"Type":	"Column",
																				"Skip":	false,
																				"ColumnBlocks":	[{
																						"$Position":	{
																							"$x":	3233,
																							"$y":	9379
																						},
																						"Y":	0,
																						"Material":	{
																							"$Position":	{
																								"$x":	3688,
																								"$y":	9366
																							},
																							"Solid":	"Plant_Flower_Bushy_Green"
																						}
																					}],
																				"Directionality":	{
																					"$Position":	{
																						"$x":	3220,
																						"$y":	9538
																					},
																					"Type":	"Static",
																					"Rotation":	0,
																					"Pattern":	{
																						"$Position":	{
																							"$x":	3857,
																							"$y":	9557
																						},
																						"Type":	"Imported",
																						"Skip":	false,
																						"Name":	"Floor_Grass_Pattern"
																					}
																				},
																				"Scanner":	{
																					"$Position":	{
																						"$x":	3211,
																						"$y":	9735
																					},
																					"Type":	"Imported",
																					"Skip":	false,
																					"Name":	"BasicForestTreeScanner"
																				}
																			}
																		}
																	}]
															}
														}]
												}
											}]
									}
								}]
						}
					}]
			}
		}, {
			"$Position":	{
				"$x":	-6213,
				"$y":	11070
			},
			"Skip":	false,
			"Runtime":	0,
			"Positions":	{
				"$Position":	{
					"$x":	-5598,
					"$y":	10707
				},
				"Type":	"Mesh2D",
				"Skip":	false,
				"PointsY":	0,
				"PointGenerator":	{
					"$Position":	{
						"$x":	-4891,
						"$y":	10694
					},
					"Type":	"Mesh",
					"Jitter":	0.4,
					"ScaleX":	8,
					"ScaleY":	8,
					"ScaleZ":	8,
					"Seed":	"Tree"
				}
			},
			"Assignments":	{
				"$Position":	{
					"$x":	-4239,
					"$y":	11305
				},
				"Type":	"FieldFunction",
				"FieldFunction":	{
					"$Position":	{
						"$x":	-3496,
						"$y":	11028
					},
					"Type":	"SimplexNoise2D",
					"Skip":	false,
					"Lacunarity":	2,
					"Persistence":	0.5,
					"Octaves":	1,
					"Scale":	50,
					"Seed":	"A"
				},
				"Delimiters":	[{
						"$Position":	{
							"$x":	-3518,
							"$y":	11428
						},
						"Max":	1,
						"Min":	0,
						"Assignments":	{
							"$Position":	{
								"$x":	-1217,
								"$y":	11433
							},
							"Type":	"Constant",
							"Prop":	{
								"$Position":	{
									"$x":	-580,
									"$y":	11428
								},
								"Type":	"Union",
								"Skip":	false,
								"Props":	[{
										"$Position":	{
											"$x":	204,
											"$y":	11376
										},
										"Type":	"Prefab",
										"Skip":	false,
										"WeightedPrefabPaths":	[{
												"$Position":	{
													"$x":	1158,
													"$y":	10651
												},
												"Path":	"Trees/Birch/Stage_3",
												"Weight":	5
											}, {
												"$Position":	{
													"$x":	1189,
													"$y":	10835
												},
												"Path":	"Trees/Birch/Stage_2",
												"Weight":	7
											}, {
												"$Position":	{
													"$x":	1051,
													"$y":	11079
												},
												"Path":	"Trees/Oak/Stage_4",
												"Weight":	10
											}, {
												"$Position":	{
													"$x":	1050,
													"$y":	11251
												},
												"Path":	"Trees/Oak/Stage_3",
												"Weight":	70
											}, {
												"$Position":	{
													"$x":	1048,
													"$y":	11402
												},
												"Path":	"Trees/Beech/Stage_2",
												"Weight":	30
											}],
										"LegacyPath":	false,
										"LoadEntities":	false,
										"Directionality":	{
											"$Position":	{
												"$x":	1039,
												"$y":	11558
											},
											"Type":	"Random",
											"Seed":	"A",
											"Pattern":	{
												"$Position":	{
													"$x":	1661,
													"$y":	11551
												},
												"Type":	"Imported",
												"Skip":	false,
												"Name":	"Floor_Grass_Pattern"
											}
										},
										"Scanner":	{
											"$Position":	{
												"$x":	1022,
												"$y":	11734
											},
											"Type":	"ColumnLinear",
											"ExportAs":	"BasicForestTreeScanner",
											"Skip":	false,
											"MaxY":	30,
											"MinY":	0,
											"RelativeToPosition":	false,
											"BaseHeightName":	"Base",
											"TopDownOrder":	true,
											"ResultCap":	1
										},
										"MoldingDirection":	"None",
										"MoldingChildren":	false
									}, {
										"$Position":	{
											"$x":	-160,
											"$y":	11942
										},
										"Type":	"Imported",
										"Name":	"BasicForestSticks",
										"Skip":	false
									}, {
										"$Position":	{
											"$x":	-297,
											"$y":	12327
										},
										"Type":	"Imported",
										"Name":	"BasicForestLeafPiles",
										"Skip":	false
									}]
							}
						}
					}]
			}
		}, {
			"$Position":	{
				"$x":	-6165,
				"$y":	13449
			},
			"Skip":	false,
			"Runtime":	0,
			"Positions":	{
				"$Position":	{
					"$x":	-5249,
					"$y":	13462
				},
				"Type":	"Mesh2D",
				"Skip":	false,
				"PointsY":	0,
				"PointGenerator":	{
					"$Position":	{
						"$x":	-4542,
						"$y":	13449
					},
					"Type":	"Mesh",
					"Jitter":	0.5,
					"ScaleX":	13,
					"ScaleY":	13,
					"ScaleZ":	13,
					"Seed":	"Tree3"
				}
			},
			"Assignments":	{
				"$Position":	{
					"$x":	-4008,
					"$y":	13990
				},
				"Type":	"FieldFunction",
				"FieldFunction":	{
					"$Position":	{
						"$x":	-3304,
						"$y":	13729
					},
					"Type":	"SimplexNoise2D",
					"Skip":	false,
					"Lacunarity":	2,
					"Persistence":	0.5,
					"Octaves":	1,
					"Scale":	50,
					"Seed":	"A"
				},
				"Delimiters":	[{
						"$Position":	{
							"$x":	-3287,
							"$y":	14113
						},
						"Max":	0,
						"Min":	-1,
						"Assignments":	{
							"$Position":	{
								"$x":	-2507,
								"$y":	14132
							},
							"Type":	"Constant",
							"Prop":	{
								"$Position":	{
									"$x":	-1870,
									"$y":	14127
								},
								"Type":	"Union",
								"Skip":	false,
								"Props":	[{
										"$Position":	{
											"$x":	-1085,
											"$y":	14075
										},
										"Type":	"Prefab",
										"Skip":	false,
										"WeightedPrefabPaths":	[{
												"$Position":	{
													"$x":	-253,
													"$y":	13549
												},
												"Path":	"Trees/Birch/Stage_1",
												"Weight":	10
											}, {
												"$Position":	{
													"$x":	-266,
													"$y":	13778
												},
												"Path":	"Trees/Oak/Stage_1",
												"Weight":	20
											}, {
												"$Position":	{
													"$x":	-251,
													"$y":	13972
												},
												"Path":	"Trees/Beech/Stage_1",
												"Weight":	20
											}],
										"LegacyPath":	false,
										"LoadEntities":	false,
										"Directionality":	{
											"$Position":	{
												"$x":	-250,
												"$y":	14257
											},
											"Type":	"Random",
											"Seed":	"A",
											"Pattern":	{
												"$Position":	{
													"$x":	372,
													"$y":	14250
												},
												"Type":	"Imported",
												"Skip":	false,
												"Name":	"Floor_Grass_Pattern"
											}
										},
										"Scanner":	{
											"$Position":	{
												"$x":	-304,
												"$y":	14517
											},
											"Type":	"Imported",
											"Skip":	false,
											"Name":	"BasicForestTreeScanner"
										},
										"MoldingDirection":	"None",
										"MoldingChildren":	false
									}]
							}
						}
					}]
			}
		}],
	"EnvironmentProvider":	{
		"$Position":	{
			"$x":	-9563,
			"$y":	-3127
		},
		"Type":	"DensityDelimited",
		"Density":	{
			"$Position":	{
				"$x":	-8898,
				"$y":	-3277
			},
			"Type":	"Constant",
			"Skip":	false,
			"Value":	0
		},
		"Delimiters":	[{
				"$Position":	{
					"$x":	-8892,
					"$y":	-3045
				},
				"Environment":	{
					"$Position":	{
						"$x":	-8654,
						"$y":	-3052
					},
					"Type":	"Constant",
					"Environment":	"Zone1_Overground"
				},
				"Range":	{
					"$Position":	{
						"$x":	-8645,
						"$y":	-2892
					},
					"MinInclusive":	-2,
					"MaxExclusive":	2
				}
			}]
	},
	"TintProvider":	{
		"$Position":	{
			"$x":	-9504,
			"$y":	-1772
		},
		"Type":	"DensityDelimited",
		"Density":	{
			"$Position":	{
				"$x":	-7849,
				"$y":	-1954
			},
			"Type":	"SimplexNoise2D",
			"Skip":	false,
			"Lacunarity":	5,
			"Persistence":	0.2,
			"Octaves":	2,
			"Scale":	100,
			"Seed":	"tints"
		},
		"Delimiters":	[{
				"$Position":	{
					"$x":	-8761,
					"$y":	-1667
				},
				"Tint":	{
					"$Position":	{
						"$x":	-8422,
						"$y":	-1757
					},
					"Type":	"Constant",
					"Color":	"#5b9e28"
				},
				"Range":	{
					"$Position":	{
						"$x":	-8428,
						"$y":	-1599
					},
					"MinInclusive":	-1,
					"MaxExclusive":	-0.33
				}
			}, {
				"$Position":	{
					"$x":	-8732,
					"$y":	-1294
				},
				"Tint":	{
					"$Position":	{
						"$x":	-8426,
						"$y":	-1357
					},
					"Type":	"Constant",
					"Color":	"#6ca229"
				},
				"Range":	{
					"$Position":	{
						"$x":	-8439,
						"$y":	-1211
					},
					"MinInclusive":	-0.33,
					"MaxExclusive":	0.33
				}
			}, {
				"$Position":	{
					"$x":	-8714,
					"$y":	-849
				},
				"Tint":	{
					"$Position":	{
						"$x":	-8454,
						"$y":	-922
					},
					"Type":	"Constant",
					"Color":	"#7ea629"
				},
				"Range":	{
					"$Position":	{
						"$x":	-8448,
						"$y":	-777
					},
					"MinInclusive":	0.33,
					"MaxExclusive":	1
				}
			}]
	},
	"$WorkspaceID":	"HytaleGenerator - Biome",
	"$Groups":	[{
			"$Position":	{
				"$x":	-9632.4375,
				"$y":	-3405.8125
			},
			"$width":	2483.875,
			"$height":	1251.4375,
			"$name":	"Environments"
		}, {
			"$Position":	{
				"$x":	-9677.375,
				"$y":	-2018.3125
			},
			"$width":	2394.5,
			"$height":	1432.875,
			"$name":	"Tint"
		}, {
			"$Position":	{
				"$x":	176.125,
				"$y":	-8001.625
			},
			"$width":	4587.0625,
			"$height":	1310.8125,
			"$name":	"Medium"
		}, {
			"$Position":	{
				"$x":	1622.875,
				"$y":	-6541.25
			},
			"$width":	2450.1875,
			"$height":	957.5625,
			"$name":	"Top"
		}, {
			"$Position":	{
				"$x":	873.5625,
				"$y":	-3856.375
			},
			"$width":	2467.125,
			"$height":	960.25,
			"$name":	"Bottom"
		}, {
			"$Position":	{
				"$x":	3180.625,
				"$y":	-5490.8125
			},
			"$width":	6059.8125,
			"$height":	1449.6875,
			"$name":	"Pillars"
		}, {
			"$Position":	{
				"$x":	-6250.125,
				"$y":	13242.5625
			},
			"$width":	7284,
			"$height":	1786.1875,
			"$name":	"Small Trees"
		}, {
			"$Position":	{
				"$x":	-6322.25,
				"$y":	10534.25
			},
			"$width":	8558.75,
			"$height":	2269.125,
			"$name":	"Medium Trees"
		}, {
			"$Position":	{
				"$x":	-6046.6875,
				"$y":	6607.1875
			},
			"$width":	10729.1875,
			"$height":	1714,
			"$name":	"Ferns"
		}, {
			"$Position":	{
				"$x":	-6129.5625,
				"$y":	8419.875
			},
			"$width":	10729.1875,
			"$height":	1714,
			"$name":	"Nettles"
		}, {
			"$Position":	{
				"$x":	-5892.9375,
				"$y":	732.375
			},
			"$width":	2005.6875,
			"$height":	592.8125,
			"$name":	"Grass patches"
		}, {
			"$Position":	{
				"$x":	-6013.0625,
				"$y":	1313.3125
			},
			"$width":	6620.5,
			"$height":	1714,
			"$name":	"Bushes"
		}]
}