{
	"$Title":	"[ROOT] Biome",
	"$Position":	{
		"$x":	-6430,
		"$y":	-4170
	},
	"Name":	"Basic",
	"Terrain":	{
		"$Position":	{
			"$x":	-5800,
			"$y":	-4874
		},
		"Type":	"DAOTerrain",
		"Density":	{
			"$Position":	{
				"$x":	-5562,
				"$y":	-4851
			},
			"Type":	"SmoothMin",
			"ExportAs":	"Plains1_Pillars_Small",
			"Skip":	false,
			"Range":	1,
			"Inputs":	[{
					"$Position":	{
						"$x":	-4000,
						"$y":	-4923
					},
					"Type":	"Max",
					"Skip":	false,
					"Inputs":	[{
							"$Position":	{
								"$x":	-3368,
								"$y":	-4934
							},
							"Type":	"SmoothMin",
							"Skip":	false,
							"Range":	0.1,
							"Inputs":	[{
									"$Position":	{
										"$x":	-2555,
										"$y":	-6533
									},
									"Type":	"Sum",
									"Skip":	false,
									"Inputs":	[{
											"$Position":	{
												"$x":	-1857,
												"$y":	-6573
											},
											"Type":	"SimplexNoise2D",
											"ExportAs":	"werstjrtydkm,",
											"Skip":	false,
											"Lacunarity":	2,
											"Persistence":	0.4,
											"Octaves":	2,
											"Scale":	60,
											"Seed":	"C"
										}, {
											"$Position":	{
												"$x":	-1857,
												"$y":	-6165
											},
											"Type":	"CurveMapper",
											"Skip":	false,
											"Curve":	{
												"$Position":	{
													"$x":	-1186,
													"$y":	-5928
												},
												"Type":	"Manual",
												"Points":	[{
														"$Position":	{
															"$x":	-568,
															"$y":	-6072
														},
														"In":	5,
														"Out":	1
													}, {
														"$Position":	{
															"$x":	-567,
															"$y":	-5915
														},
														"In":	15,
														"Out":	-1
													}]
											},
											"Inputs":	[{
													"$Position":	{
														"$x":	-1199,
														"$y":	-6168
													},
													"Type":	"BaseHeight",
													"Skip":	false,
													"BaseHeightName":	"Base",
													"Distance":	true
												}]
										}]
								}, {
									"$Position":	{
										"$x":	-2660,
										"$y":	-4923
									},
									"Type":	"Sum",
									"Skip":	false,
									"Inputs":	[{
											"$Position":	{
												"$x":	-1923,
												"$y":	-5523
											},
											"Type":	"Normalizer",
											"Skip":	false,
											"FromMin":	-1,
											"FromMax":	1,
											"ToMin":	-0.4,
											"ToMax":	0.2,
											"Inputs":	[{
													"$Position":	{
														"$x":	-1309,
														"$y":	-5524
													},
													"Type":	"Rotator",
													"Skip":	false,
													"SpinAngle":	0,
													"NewYAxis":	{
														"$Position":	{
															"$x":	-640,
															"$y":	-5160
														},
														"X":	0.1,
														"Y":	1,
														"Z":	0.1
													},
													"Inputs":	[{
															"$Position":	{
																"$x":	-587,
																"$y":	-5535
															},
															"Type":	"Scale",
															"Skip":	false,
															"ScaleX":	1,
															"ScaleY":	3,
															"ScaleZ":	1,
															"Inputs":	[{
																	"$Position":	{
																		"$x":	132,
																		"$y":	-5518
																	},
																	"Type":	"Inverter",
																	"Skip":	false,
																	"Inputs":	[{
																			"$Position":	{
																				"$x":	802,
																				"$y":	-5516
																			},
																			"Type":	"PositionsCellNoise",
																			"Skip":	false,
																			"MaxDistance":	30,
																			"Positions":	{
																				"$Position":	{
																					"$x":	1516,
																					"$y":	-5611
																				},
																				"Type":	"Mesh3D",
																				"Skip":	false,
																				"PointGenerator":	{
																					"$Position":	{
																						"$x":	2193,
																						"$y":	-5608
																					},
																					"Type":	"Mesh",
																					"Jitter":	0.5,
																					"ScaleX":	15,
																					"ScaleY":	15,
																					"ScaleZ":	15,
																					"Seed":	"A"
																				}
																			},
																			"ReturnType":	{
																				"$Position":	{
																					"$x":	1565,
																					"$y":	-5299
																				},
																				"Type":	"Distance2Div"
																			},
																			"DistanceFunction":	{
																				"$Position":	{
																					"$x":	1589,
																					"$y":	-5429
																				},
																				"Type":	"Manhattan"
																			}
																		}]
																}]
														}]
												}]
										}, {
											"$Position":	{
												"$x":	-1949,
												"$y":	-4932
											},
											"Type":	"YOverride",
											"Skip":	false,
											"Value":	0,
											"Inputs":	[{
													"$Position":	{
														"$x":	-1335,
														"$y":	-4935
													},
													"Type":	"Cache",
													"Skip":	false,
													"Capacity":	3,
													"Inputs":	[{
															"$Position":	{
																"$x":	-705,
																"$y":	-4935
															},
															"Type":	"PositionsCellNoise",
															"Skip":	false,
															"MaxDistance":	60,
															"Positions":	{
																"$Position":	{
																	"$x":	67,
																	"$y":	-5042
																},
																"Type":	"Mesh2D",
																"Skip":	false,
																"PointsY":	0,
																"PointGenerator":	{
																	"$Position":	{
																		"$x":	728,
																		"$y":	-5036
																	},
																	"Type":	"Mesh",
																	"Jitter":	0.075,
																	"ScaleX":	200,
																	"ScaleY":	200,
																	"ScaleZ":	200,
																	"Seed":	"A"
																}
															},
															"ReturnType":	{
																"$Position":	{
																	"$x":	61,
																	"$y":	-4724
																},
																"Type":	"Curve",
																"Curve":	{
																	"$Position":	{
																		"$x":	297,
																		"$y":	-4698
																	},
																	"Type":	"Manual",
																	"Points":	[{
																			"$Position":	{
																				"$x":	926,
																				"$y":	-4697
																			},
																			"In":	5,
																			"Out":	1
																		}, {
																			"$Position":	{
																				"$x":	944,
																				"$y":	-4542
																			},
																			"In":	20,
																			"Out":	-1
																		}]
																}
															},
															"DistanceFunction":	{
																"$Position":	{
																	"$x":	82,
																	"$y":	-4848
																},
																"Type":	"Euclidean"
															}
														}]
												}]
										}, {
											"$Position":	{
												"$x":	-1952,
												"$y":	-4694
											},
											"Type":	"CurveMapper",
											"Skip":	false,
											"Curve":	{
												"$Position":	{
													"$x":	-1281,
													"$y":	-4457
												},
												"Type":	"Manual",
												"Points":	[{
														"$Position":	{
															"$x":	-663,
															"$y":	-4601
														},
														"In":	0,
														"Out":	0.1
													}, {
														"$Position":	{
															"$x":	-662,
															"$y":	-4444
														},
														"In":	50,
														"Out":	-0.1
													}]
											},
											"Inputs":	[{
													"$Position":	{
														"$x":	-1294,
														"$y":	-4697
													},
													"Type":	"BaseHeight",
													"Skip":	false,
													"BaseHeightName":	"Base",
													"Distance":	true
												}]
										}]
								}]
						}]
				}, {
					"$Position":	{
						"$x":	-2672,
						"$y":	-3916
					},
					"Type":	"Sum",
					"Skip":	false,
					"Inputs":	[{
							"$Position":	{
								"$x":	-1975,
								"$y":	-3953
							},
							"Type":	"SimplexNoise2D",
							"Skip":	false,
							"Lacunarity":	4.5,
							"Persistence":	0.2,
							"Octaves":	2,
							"Scale":	60,
							"Seed":	"A"
						}, {
							"$Position":	{
								"$x":	-1975,
								"$y":	-3547
							},
							"Type":	"CurveMapper",
							"Skip":	false,
							"Curve":	{
								"$Position":	{
									"$x":	-1304,
									"$y":	-3310
								},
								"Type":	"Manual",
								"Points":	[{
										"$Position":	{
											"$x":	-686,
											"$y":	-3454
										},
										"In":	-10,
										"Out":	1
									}, {
										"$Position":	{
											"$x":	-685,
											"$y":	-3297
										},
										"In":	-20,
										"Out":	-1
									}]
							},
							"Inputs":	[{
									"$Position":	{
										"$x":	-1317,
										"$y":	-3550
									},
									"Type":	"BaseHeight",
									"Skip":	false,
									"BaseHeightName":	"Base",
									"Distance":	true
								}]
						}]
				}]
		}
	},
	"MaterialProvider":	{
		"$Position":	{
			"$x":	-3198,
			"$y":	-2650
		},
		"Type":	"Solidity",
		"Solid":	{
			"$Position":	{
				"$x":	-2369,
				"$y":	-2257
			},
			"Type":	"Queue",
			"Queue":	[{
					"$Position":	{
						"$x":	-1686,
						"$y":	-2575
					},
					"Type":	"SpaceAndDepth",
					"LayerContext":	"DEPTH_INTO_FLOOR",
					"MaxExpectedDepth":	3,
					"Layers":	[{
							"$Position":	{
								"$x":	-1028,
								"$y":	-2494
							},
							"Type":	"ConstantThickness",
							"Thickness":	3,
							"Material":	{
								"$Position":	{
									"$x":	-373,
									"$y":	-2531
								},
								"Type":	"FieldFunction",
								"FieldFunction":	{
									"$Position":	{
										"$x":	346,
										"$y":	-2491
									},
									"Type":	"Angle",
									"Skip":	false,
									"IsAxis":	true,
									"Vector":	{
										"$Position":	{
											"$x":	929,
											"$y":	-2645
										},
										"X":	0,
										"Y":	1,
										"Z":	0
									},
									"VectorProvider":	{
										"$Position":	{
											"$x":	926,
											"$y":	-2407
										},
										"Type":	"DensityGradient",
										"Density":	{
											"$Position":	{
												"$x":	1575,
												"$y":	-2389
											},
											"Type":	"Imported",
											"Skip":	false,
											"Name":	"Plains1_Pillars_Small"
										}
									}
								},
								"Delimiters":	[{
										"$Position":	{
											"$x":	348,
											"$y":	-2229
										},
										"From":	0,
										"To":	35,
										"Material":	{
											"$Position":	{
												"$x":	785,
												"$y":	-2218
											},
											"Type":	"SpaceAndDepth",
											"LayerContext":	"DEPTH_INTO_FLOOR",
											"MaxExpectedDepth":	3,
											"Layers":	[{
													"$Position":	{
														"$x":	1418,
														"$y":	-2208
													},
													"Type":	"ConstantThickness",
													"Thickness":	1,
													"Material":	{
														"$Position":	{
															"$x":	1842,
															"$y":	-2216
														},
														"Type":	"Constant",
														"Material":	{
															"$Position":	{
																"$x":	2455,
																"$y":	-2217
															},
															"Solid":	"Soil_Grass"
														}
													}
												}, {
													"$Position":	{
														"$x":	1410,
														"$y":	-2006
													},
													"Type":	"ConstantThickness",
													"Thickness":	2,
													"Material":	{
														"$Position":	{
															"$x":	1832,
															"$y":	-2004
														},
														"Type":	"Constant",
														"Material":	{
															"$Position":	{
																"$x":	2445,
																"$y":	-2005
															},
															"Solid":	"Soil_Dirt"
														}
													}
												}]
										}
									}]
							}
						}]
				}, {
					"$Position":	{
						"$x":	-1671,
						"$y":	-1959
					},
					"Type":	"FieldFunction",
					"FieldFunction":	{
						"$Position":	{
							"$x":	-818,
							"$y":	-2116
						},
						"Type":	"SimplexNoise3D",
						"Skip":	false,
						"Lacunarity":	2,
						"Persistence":	0.5,
						"Octaves":	1,
						"ScaleXZ":	20,
						"ScaleY":	50,
						"Seed":	"A"
					},
					"Delimiters":	[{
							"$Position":	{
								"$x":	-1017,
								"$y":	-1718
							},
							"From":	0.3,
							"To":	1,
							"Material":	{
								"$Position":	{
									"$x":	-597,
									"$y":	-1719
								},
								"Type":	"Constant",
								"Material":	{
									"$Position":	{
										"$x":	22,
										"$y":	-1726
									},
									"Solid":	"Rock_Chalk"
								}
							}
						}]
				}, {
					"$Position":	{
						"$x":	-1737,
						"$y":	-1059
					},
					"Type":	"Constant",
					"Material":	{
						"$Position":	{
							"$x":	-1113,
							"$y":	-1063
						},
						"Solid":	"Rock_Marble"
					}
				}]
		},
		"Empty":	{
			"$Comment":	"REQUIRED",
			"$Position":	{
				"$x":	-2364,
				"$y":	-756
			},
			"Type":	"Constant",
			"Material":	{
				"$Position":	{
					"$x":	-1668,
					"$y":	-727
				},
				"Solid":	"Empty"
			}
		}
	},
	"EnvironmentProvider":	{
		"$Position":	{
			"$x":	-6841,
			"$y":	-3176
		},
		"Type":	"DensityDelimited",
		"Density":	{
			"$Position":	{
				"$x":	-6176,
				"$y":	-3326
			},
			"Type":	"Constant",
			"Skip":	false,
			"Value":	0
		},
		"Delimiters":	[{
				"$Position":	{
					"$x":	-6170,
					"$y":	-3094
				},
				"Environment":	{
					"$Position":	{
						"$x":	-5932,
						"$y":	-3101
					},
					"Type":	"Constant",
					"Environment":	"Zone1_Overground"
				},
				"Range":	{
					"$Position":	{
						"$x":	-5923,
						"$y":	-2941
					},
					"MinInclusive":	-2,
					"MaxExclusive":	2
				}
			}]
	},
	"TintProvider":	{
		"$Position":	{
			"$x":	-6605,
			"$y":	-1785
		},
		"Type":	"DensityDelimited",
		"Density":	{
			"$Position":	{
				"$x":	-4950,
				"$y":	-1967
			},
			"Type":	"SimplexNoise2D",
			"Skip":	false,
			"Lacunarity":	5,
			"Persistence":	0.2,
			"Octaves":	2,
			"Scale":	100,
			"Seed":	"tints"
		},
		"Delimiters":	[{
				"$Position":	{
					"$x":	-5862,
					"$y":	-1680
				},
				"Tint":	{
					"$Position":	{
						"$x":	-5523,
						"$y":	-1770
					},
					"Type":	"Constant",
					"Color":	"#5b9e28"
				},
				"Range":	{
					"$Position":	{
						"$x":	-5529,
						"$y":	-1612
					},
					"MinInclusive":	-1,
					"MaxExclusive":	-0.33
				}
			}, {
				"$Position":	{
					"$x":	-5833,
					"$y":	-1307
				},
				"Tint":	{
					"$Position":	{
						"$x":	-5527,
						"$y":	-1370
					},
					"Type":	"Constant",
					"Color":	"#6ca229"
				},
				"Range":	{
					"$Position":	{
						"$x":	-5540,
						"$y":	-1224
					},
					"MinInclusive":	-0.33,
					"MaxExclusive":	0.33
				}
			}, {
				"$Position":	{
					"$x":	-5815,
					"$y":	-862
				},
				"Tint":	{
					"$Position":	{
						"$x":	-5555,
						"$y":	-935
					},
					"Type":	"Constant",
					"Color":	"#7ea629"
				},
				"Range":	{
					"$Position":	{
						"$x":	-5549,
						"$y":	-790
					},
					"MinInclusive":	0.33,
					"MaxExclusive":	1
				}
			}]
	},
	"$WorkspaceID":	"HytaleGenerator - Biome",
	"$Groups":	[{
			"$Position":	{
				"$x":	-6909.9375,
				"$y":	-3453.75
			},
			"$width":	2483.875,
			"$height":	1251.4375,
			"$name":	"Environments"
		}, {
			"$Position":	{
				"$x":	-6777.125,
				"$y":	-2030.125
			},
			"$width":	2394.5,
			"$height":	1432.875,
			"$name":	"Tint"
		}, {
			"$Position":	{
				"$x":	-2692.75,
				"$y":	-5635.25
			},
			"$width":	5314,
			"$height":	1464.8125,
			"$name":	"Pillar"
		}, {
			"$Position":	{
				"$x":	-2714.75,
				"$y":	-4016.875
			},
			"$width":	2467.125,
			"$height":	960.25,
			"$name":	"Bottom"
		}, {
			"$Position":	{
				"$x":	-2598.875,
				"$y":	-6678.25
			},
			"$width":	2450.1875,
			"$height":	957.5625,
			"$name":	"Top"
		}]
}