{
	"$Title":	"[ROOT] Biome",
	"$Position":	{
		"$x":	-6430,
		"$y":	-4170
	},
	"Name":	"Basic",
	"Terrain":	{
		"$Position":	{
			"$x":	-5800,
			"$y":	-4874
		},
		"Type":	"DAOTerrain",
		"Density":	{
			"$Position":	{
				"$x":	-5597,
				"$y":	-4829
			},
			"Type":	"Max",
			"Skip":	false,
			"Inputs":	[{
					"$Position":	{
						"$x":	-4921,
						"$y":	-6309
					},
					"Type":	"Sum",
					"Skip":	false,
					"Inputs":	[{
							"$Position":	{
								"$x":	-4260,
								"$y":	-6892
							},
							"Type":	"Normalizer",
							"Skip":	false,
							"FromMin":	-1,
							"FromMax":	1,
							"ToMin":	-0.6,
							"ToMax":	0.6,
							"Inputs":	[{
									"$Position":	{
										"$x":	-3629,
										"$y":	-6929
									},
									"Type":	"SimplexNoise3D",
									"Skip":	false,
									"Lacunarity":	2,
									"Persistence":	0.5,
									"Octaves":	2,
									"ScaleXZ":	15,
									"ScaleY":	21,
									"Seed":	"A"
								}]
						}, {
							"$Position":	{
								"$x":	-4259,
								"$y":	-6260
							},
							"Type":	"PositionsCellNoise",
							"Skip":	false,
							"MaxDistance":	20,
							"Positions":	{
								"$Position":	{
									"$x":	-3578,
									"$y":	-6491
								},
								"Type":	"Mesh2D",
								"Skip":	false,
								"PointsY":	125,
								"PointGenerator":	{
									"$Position":	{
										"$x":	-2883,
										"$y":	-6477
									},
									"Type":	"Mesh",
									"Jitter":	0.0001,
									"ScaleX":	60,
									"ScaleY":	60,
									"ScaleZ":	60,
									"Seed":	"A"
								}
							},
							"ReturnType":	{
								"$Position":	{
									"$x":	-3567,
									"$y":	-6103
								},
								"Type":	"Curve",
								"Curve":	{
									"$Position":	{
										"$x":	-3289,
										"$y":	-6096
									},
									"Type":	"Manual",
									"Points":	[{
											"$Position":	{
												"$x":	-2664,
												"$y":	-6088
											},
											"In":	1,
											"Out":	1
										}, {
											"$Position":	{
												"$x":	-2664,
												"$y":	-5928
											},
											"In":	5,
											"Out":	-1
										}]
								}
							},
							"DistanceFunction":	{
								"$Position":	{
									"$x":	-3529,
									"$y":	-6272
								},
								"Type":	"Euclidean"
							}
						}]
				}, {
					"$Position":	{
						"$x":	-4932,
						"$y":	-4898
					},
					"Type":	"Sum",
					"Skip":	false,
					"Inputs":	[{
							"$Position":	{
								"$x":	-4271,
								"$y":	-5482
							},
							"Type":	"Normalizer",
							"Skip":	false,
							"FromMin":	-1,
							"FromMax":	1,
							"ToMin":	-0.6,
							"ToMax":	0.6,
							"Inputs":	[{
									"$Position":	{
										"$x":	-3640,
										"$y":	-5518
									},
									"Type":	"SimplexNoise3D",
									"Skip":	false,
									"Lacunarity":	2,
									"Persistence":	0.5,
									"Octaves":	2,
									"ScaleXZ":	15,
									"ScaleY":	21,
									"Seed":	"A"
								}]
						}, {
							"$Position":	{
								"$x":	-4270,
								"$y":	-4850
							},
							"Type":	"PositionsCellNoise",
							"Skip":	false,
							"MaxDistance":	20,
							"Positions":	{
								"$Position":	{
									"$x":	-3590,
									"$y":	-5081
								},
								"Type":	"Mesh2D",
								"Skip":	false,
								"PointsY":	100,
								"PointGenerator":	{
									"$Position":	{
										"$x":	-2894,
										"$y":	-5066
									},
									"Type":	"Mesh",
									"Jitter":	0.0001,
									"ScaleX":	60,
									"ScaleY":	60,
									"ScaleZ":	60,
									"Seed":	"A"
								}
							},
							"ReturnType":	{
								"$Position":	{
									"$x":	-3578,
									"$y":	-4693
								},
								"Type":	"Curve",
								"Curve":	{
									"$Position":	{
										"$x":	-3300,
										"$y":	-4686
									},
									"Type":	"Manual",
									"Points":	[{
											"$Position":	{
												"$x":	-2675,
												"$y":	-4678
											},
											"In":	1,
											"Out":	1
										}, {
											"$Position":	{
												"$x":	-2675,
												"$y":	-4518
											},
											"In":	8,
											"Out":	-1
										}]
								}
							},
							"DistanceFunction":	{
								"$Position":	{
									"$x":	-3540,
									"$y":	-4862
								},
								"Type":	"Euclidean"
							}
						}]
				}, {
					"$Position":	{
						"$x":	-4967,
						"$y":	-3537
					},
					"Type":	"Sum",
					"Skip":	false,
					"Inputs":	[{
							"$Position":	{
								"$x":	-4306,
								"$y":	-4121
							},
							"Type":	"Normalizer",
							"Skip":	false,
							"FromMin":	-1,
							"FromMax":	1,
							"ToMin":	-0.6,
							"ToMax":	0.6,
							"Inputs":	[{
									"$Position":	{
										"$x":	-3675,
										"$y":	-4157
									},
									"Type":	"SimplexNoise3D",
									"Skip":	false,
									"Lacunarity":	2,
									"Persistence":	0.5,
									"Octaves":	2,
									"ScaleXZ":	15,
									"ScaleY":	21,
									"Seed":	"A"
								}]
						}, {
							"$Position":	{
								"$x":	-4305,
								"$y":	-3489
							},
							"Type":	"PositionsCellNoise",
							"Skip":	false,
							"MaxDistance":	20,
							"Positions":	{
								"$Position":	{
									"$x":	-3625,
									"$y":	-3720
								},
								"Type":	"Mesh2D",
								"Skip":	false,
								"PointsY":	75,
								"PointGenerator":	{
									"$Position":	{
										"$x":	-2929,
										"$y":	-3705
									},
									"Type":	"Mesh",
									"Jitter":	0.0001,
									"ScaleX":	60,
									"ScaleY":	60,
									"ScaleZ":	60,
									"Seed":	"A"
								}
							},
							"ReturnType":	{
								"$Position":	{
									"$x":	-3613,
									"$y":	-3332
								},
								"Type":	"Curve",
								"Curve":	{
									"$Position":	{
										"$x":	-3335,
										"$y":	-3325
									},
									"Type":	"Manual",
									"Points":	[{
											"$Position":	{
												"$x":	-2710,
												"$y":	-3317
											},
											"In":	1,
											"Out":	1
										}, {
											"$Position":	{
												"$x":	-2710,
												"$y":	-3157
											},
											"In":	12,
											"Out":	-1
										}]
								}
							},
							"DistanceFunction":	{
								"$Position":	{
									"$x":	-3575,
									"$y":	-3501
								},
								"Type":	"Euclidean"
							}
						}]
				}]
		}
	},
	"MaterialProvider":	{
		"$Position":	{
			"$x":	-3198,
			"$y":	-2650
		},
		"Type":	"Solidity",
		"Solid":	{
			"$Position":	{
				"$x":	-2369,
				"$y":	-2257
			},
			"Type":	"Queue",
			"Queue":	[{
					"$Position":	{
						"$x":	-1671,
						"$y":	-1959
					},
					"Type":	"FieldFunction",
					"FieldFunction":	{
						"$Position":	{
							"$x":	-818,
							"$y":	-2116
						},
						"Type":	"SimplexNoise3D",
						"Skip":	false,
						"Lacunarity":	2,
						"Persistence":	0.5,
						"Octaves":	1,
						"ScaleXZ":	20,
						"ScaleY":	50,
						"Seed":	"A"
					},
					"Delimiters":	[{
							"$Position":	{
								"$x":	-1017,
								"$y":	-1718
							},
							"From":	0.3,
							"To":	1,
							"Material":	{
								"$Position":	{
									"$x":	-597,
									"$y":	-1719
								},
								"Type":	"Constant",
								"Material":	{
									"$Position":	{
										"$x":	22,
										"$y":	-1726
									},
									"Solid":	"Rock_Chalk"
								}
							}
						}]
				}, {
					"$Position":	{
						"$x":	-1737,
						"$y":	-1059
					},
					"Type":	"Constant",
					"Material":	{
						"$Position":	{
							"$x":	-1113,
							"$y":	-1063
						},
						"Solid":	"Rock_Marble"
					}
				}]
		},
		"Empty":	{
			"$Comment":	"REQUIRED",
			"$Position":	{
				"$x":	-2364,
				"$y":	-756
			},
			"Type":	"Constant",
			"Material":	{
				"$Position":	{
					"$x":	-1668,
					"$y":	-727
				},
				"Solid":	"Empty"
			}
		}
	},
	"EnvironmentProvider":	{
		"$Position":	{
			"$x":	-7988,
			"$y":	-3157
		},
		"Type":	"DensityDelimited",
		"Density":	{
			"$Position":	{
				"$x":	-7323,
				"$y":	-3307
			},
			"Type":	"Constant",
			"Skip":	false,
			"Value":	0
		},
		"Delimiters":	[{
				"$Position":	{
					"$x":	-7317,
					"$y":	-3075
				},
				"Environment":	{
					"$Position":	{
						"$x":	-7079,
						"$y":	-3082
					},
					"Type":	"Constant",
					"Environment":	"Zone1_Overground"
				},
				"Range":	{
					"$Position":	{
						"$x":	-7070,
						"$y":	-2922
					},
					"MinInclusive":	-2,
					"MaxExclusive":	2
				}
			}]
	},
	"TintProvider":	{
		"$Position":	{
			"$x":	-7718,
			"$y":	-1751
		},
		"Type":	"DensityDelimited",
		"Density":	{
			"$Position":	{
				"$x":	-6063,
				"$y":	-1933
			},
			"Type":	"SimplexNoise2D",
			"Skip":	false,
			"Lacunarity":	5,
			"Persistence":	0.2,
			"Octaves":	2,
			"Scale":	100,
			"Seed":	"tints"
		},
		"Delimiters":	[{
				"$Position":	{
					"$x":	-6975,
					"$y":	-1646
				},
				"Tint":	{
					"$Position":	{
						"$x":	-6636,
						"$y":	-1736
					},
					"Type":	"Constant",
					"Color":	"#5b9e28"
				},
				"Range":	{
					"$Position":	{
						"$x":	-6642,
						"$y":	-1578
					},
					"MinInclusive":	-1,
					"MaxExclusive":	-0.33
				}
			}, {
				"$Position":	{
					"$x":	-6946,
					"$y":	-1273
				},
				"Tint":	{
					"$Position":	{
						"$x":	-6640,
						"$y":	-1336
					},
					"Type":	"Constant",
					"Color":	"#6ca229"
				},
				"Range":	{
					"$Position":	{
						"$x":	-6653,
						"$y":	-1190
					},
					"MinInclusive":	-0.33,
					"MaxExclusive":	0.33
				}
			}, {
				"$Position":	{
					"$x":	-6928,
					"$y":	-828
				},
				"Tint":	{
					"$Position":	{
						"$x":	-6668,
						"$y":	-901
					},
					"Type":	"Constant",
					"Color":	"#7ea629"
				},
				"Range":	{
					"$Position":	{
						"$x":	-6662,
						"$y":	-756
					},
					"MinInclusive":	0.33,
					"MaxExclusive":	1
				}
			}]
	},
	"$WorkspaceID":	"HytaleGenerator - Biome",
	"$Groups":	[{
			"$Position":	{
				"$x":	-8057.0625,
				"$y":	-3435
			},
			"$width":	2483.875,
			"$height":	1251.4375,
			"$name":	"Environments"
		}, {
			"$Position":	{
				"$x":	-7890.5625,
				"$y":	-1996.4375
			},
			"$width":	2394.5,
			"$height":	1432.875,
			"$name":	"Tint"
		}, {
			"$Position":	{
				"$x":	-4975.8125,
				"$y":	-5591.4375
			},
			"$width":	2761.0625,
			"$height":	1310.8125,
			"$name":	"Medium"
		}, {
			"$Position":	{
				"$x":	-4964.8125,
				"$y":	-7002.125
			},
			"$width":	2763.9375,
			"$height":	1310.8125,
			"$name":	"Small"
		}, {
			"$Position":	{
				"$x":	-5010.8125,
				"$y":	-4231.3125
			},
			"$width":	2761.0625,
			"$height":	1310.8125,
			"$name":	"Large"
		}]
}