{
  "Parent": "Spirit_Root",
  "Model": "NPC/Camera/Model.blockymodel",
  "Texture": "NPC/Camera/Texture.png",
  "EyeHeight": 0.7,
  "HitBox": {
    "Max": {
      "X": 0.5,
      "Y": 1,
      "Z": 0.5
    },
    "Min": {
      "X": -0.5,
      "Y": 0,
      "Z": -0.5
    }
  },
  "MinScale": 1.1,
  "MaxScale": 1.1,
  "Camera": {
    "Pitch": {
      "AngleRange": {
        "Max": 180,
        "Min": -180
      },
      "TargetNodes": [
        "Head"
      ]
    },
    "Yaw": {
      "AngleRange": {
        "Max": 180,
        "Min": -180
      },
      "TargetNodes": [
        "Head"
      ]
    }
  },
  "Particles": [
    {
      "RotationOffset": {
        "Pitch": -135
      },
      "SystemId": "ShadowParticle",
      "TargetNodeName": "Head"
    }
  ],
  "Light": {
    "Color": "#00b2ff"
  }
}
