{
  "TranslationProperties": {
    "Name": "Firewall Processor",
    "Description": "Firewall Processor"
  },
  "Categories": [
    "Blocks.Ores"
  ],
  "Icon": "Icons/ItemsGenerated/CPU.png",
  "Model": "Resources/FirewallCPU.blockymodel",
  "Texture": "Resources/FirewallCPU.png",
  "ItemLevel": 10,
  "PlayerAnimationsId": "Block",
  "IconProperties": {
    "Scale": 0.57323,
    "Translation": [
      -3.6,
      -16.2
    ],
    "Rotation": [
      22.5,
      45,
      22.5
    ]
  },
  "Tags": {
    "Type": [
      "Ore"
    ]
  },
  "ItemEntity": {
    "ParticleSystemId": null
  },
  "MaxStack": 100,
  "Quality": "Backend",
  "ItemSoundSetId": "ISS_Blocks_Stone",
  "DropOnDeath": true
}
