{
	"$NodeId":	"Cache.Density-0ee0ff5f-a0fb-4046-85b5-8fd25ae59a0b",
	"Type":	"Cache",
	"ExportAs":	"Plains1_Caves_Terrain",
	"Skip":	false,
	"Capacity":	3,
	"Inputs":	[{
			"$NodeId":	"Mix.Density-e453dcb9-9c92-4f96-98e8-23926a5bdfc0",
			"Type":	"Mix",
			"Skip":	false,
			"Inputs":	[{
					"$NodeId":	"MaxDensityNode-ce1eae08-16f8-4fca-af80-3c1f45741b1c",
					"Type":	"Max",
					"Skip":	false,
					"Inputs":	[{
							"$NodeId":	"SumDensityNode-5a1cc856-6d8d-4172-bdc1-939315298e29",
							"Type":	"Sum",
							"Skip":	false,
							"Inputs":	[{
									"$NodeId":	"InverterDensityNode-0244fba2-563a-4223-af14-8dd9bc376ee2",
									"Type":	"Inverter",
									"Skip":	false,
									"Inputs":	[{
											"$NodeId":	"ImportedDensityNode-efb98b1a-f1ac-4c73-a383-ce8bf35593e4",
											"Type":	"Imported",
											"Skip":	false,
											"Name":	"Plains1_Mountains_Cave_Snakes"
										}]
								}, {
									"$NodeId":	"CurveMapper.Density-69059d3c-54b7-4284-8136-9917aa63390a",
									"Type":	"CurveMapper",
									"Skip":	false,
									"Curve":	{
										"$NodeId":	"ManualCurve-0addf6bc-a071-4745-a4fc-dde0e6edd96e",
										"Type":	"Manual",
										"Points":	[{
												"$NodeId":	"CurvePoint-ccbb60c9-5576-4e97-889d-7a5382ccafae",
												"In":	-90,
												"Out":	1
											}, {
												"$NodeId":	"CurvePoint-978c5a2a-cb66-429e-9130-ad81f5907ff5",
												"In":	60,
												"Out":	-1
											}]
									},
									"Inputs":	[{
											"$NodeId":	"BaseHeight.Density-adeed96a-9974-42d0-b1ee-bb61b03a55ea",
											"Type":	"BaseHeight",
											"Skip":	false,
											"BaseHeightName":	"Base",
											"Distance":	true
										}]
								}]
						}, {
							"$NodeId":	"MinDensityNode-c3aa19e3-63ea-410a-8668-ab7a13a68baf",
							"Type":	"Min",
							"Skip":	false,
							"Inputs":	[{
									"$NodeId":	"Mix.Density-e247d03b-3f33-4c4f-b312-de0b6c5fbadd",
									"Type":	"Mix",
									"Skip":	false,
									"Inputs":	[{
											"$NodeId":	"SumDensityNode-700b7600-32c2-41ba-9009-a6012f905336",
											"Type":	"Sum",
											"Skip":	false,
											"Inputs":	[{
													"$NodeId":	"SimplexNoise2DDensityNode-06326221-7c29-4d79-8452-e6263c377657",
													"Type":	"SimplexNoise2D",
													"ExportAs":	"Plains1_Mountains_Cave_Snakes",
													"Skip":	false,
													"Lacunarity":	4,
													"Persistence":	0.25,
													"Octaves":	3,
													"Scale":	300,
													"Seed":	"Cave-Floor"
												}, {
													"$NodeId":	"CurveMapper.Density-7488891f-ed26-4a65-b51e-d938d1bebf40",
													"Type":	"CurveMapper",
													"Skip":	false,
													"Curve":	{
														"$NodeId":	"ManualCurve-135d5f17-2270-4356-848e-b690a9c1db1f",
														"Type":	"Manual",
														"Points":	[{
																"$NodeId":	"CurvePoint-72178e51-d705-47cb-9809-8a4e04e38edb",
																"In":	-80,
																"Out":	-1
															}, {
																"$NodeId":	"CurvePoint-1069a849-fc8a-4faf-a780-0fc85053ffae",
																"In":	70,
																"Out":	1
															}]
													},
													"Inputs":	[{
															"$NodeId":	"BaseHeight.Density-44f8e739-6c18-45cb-9808-6310b749cb4e",
															"Type":	"BaseHeight",
															"Skip":	false,
															"BaseHeightName":	"Base",
															"Distance":	true
														}]
												}]
										}, {
											"$NodeId":	"ConstantDensityNode-2de2b693-cec8-480f-86f5-e5bb88fd50f1",
											"Type":	"Constant",
											"Skip":	false,
											"Value":	1
										}, {
											"$NodeId":	"PowDensityNode-492d545a-5878-4afd-b57f-d304d7bac046",
											"Type":	"Pow",
											"Skip":	false,
											"Exponent":	3,
											"Inputs":	[{
													"$NodeId":	"NormalizerDensityNode-3daeacf8-9e8f-447d-882f-c5520452e878",
													"Type":	"Normalizer",
													"Skip":	false,
													"FromMin":	0,
													"FromMax":	1,
													"ToMin":	0.3,
													"ToMax":	1,
													"Inputs":	[{
															"$NodeId":	"AbsDensityNode-ae087a63-fdc3-45f7-aadc-9eb604db97f6",
															"Type":	"Abs",
															"Skip":	false,
															"Inputs":	[{
																	"$NodeId":	"SimplexNoise2DDensityNode-06f22fe4-0f4c-4bfb-b182-2cb5d145d6ef",
																	"Type":	"SimplexNoise2D",
																	"Skip":	false,
																	"Lacunarity":	2,
																	"Persistence":	0.5,
																	"Octaves":	1,
																	"Scale":	75,
																	"Seed":	"Caves-Snakes"
																}]
														}]
												}]
										}]
								}, {
									"$NodeId":	"SumDensityNode-3cf5e3f6-3a47-4392-89f8-6cb31bcb0d9e",
									"Type":	"Sum",
									"Skip":	false,
									"Inputs":	[{
											"$NodeId":	"CurveMapper.Density-2ec186aa-1555-43ec-90b3-93bac30141e3",
											"Type":	"CurveMapper",
											"Skip":	false,
											"Curve":	{
												"$NodeId":	"ManualCurve-aca499e5-8270-41ea-8c94-d478501fb428",
												"Type":	"Manual",
												"Points":	[{
														"$NodeId":	"CurvePoint-ab0aa828-884d-42a5-95d1-4695eb23c1fd",
														"In":	-60,
														"Out":	-1
													}, {
														"$NodeId":	"CurvePoint-554ab27a-fcb1-4ff4-91ff-3f98e3425549",
														"In":	-10,
														"Out":	1
													}]
											},
											"Inputs":	[{
													"$NodeId":	"BaseHeight.Density-a77c6a92-da6b-434f-9cea-09c3a25157cc",
													"Type":	"BaseHeight",
													"Skip":	false,
													"BaseHeightName":	"Base",
													"Distance":	true
												}]
										}, {
											"$NodeId":	"SimplexNoise2DDensityNode-849dd70d-df90-4f6a-96c0-fe6e75b1948d",
											"Type":	"SimplexNoise2D",
											"Skip":	false,
											"Lacunarity":	4,
											"Persistence":	0.15,
											"Octaves":	2,
											"Scale":	80,
											"Seed":	"Caves-Ceilings"
										}]
								}]
						}]
				}, {
					"$NodeId":	"ConstantDensityNode-c4dc2806-73d3-46da-87a3-3290e3c309e0",
					"Type":	"Constant",
					"Skip":	false,
					"Value":	1
				}, {
					"$NodeId":	"CurveMapper.Density-c05d0038-d57d-434d-8243-7a4c25a538bd",
					"Type":	"CurveMapper",
					"Skip":	false,
					"Curve":	{
						"$NodeId":	"ManualCurve-971244b9-90db-4296-9bf1-f40b8851ca9c",
						"Type":	"Manual",
						"Points":	[{
								"$NodeId":	"CurvePoint-839f6fc0-20d5-4710-821c-3bc2aad2cd46",
								"In":	-90,
								"Out":	1
							}, {
								"$NodeId":	"CurvePoint-0251af7b-0445-4592-945a-753bf917c5a2",
								"In":	-80,
								"Out":	0
							}, {
								"$NodeId":	"CurvePoint-958adffd-18ff-4372-90e1-6118b3f8795e",
								"In":	50,
								"Out":	0
							}, {
								"$NodeId":	"CurvePoint-a40b4160-1ec0-44d8-a5e6-a96eb661d852",
								"In":	60,
								"Out":	1
							}]
					},
					"Inputs":	[{
							"$NodeId":	"BaseHeight.Density-830b283e-860d-4677-a78c-c106c7cefdca",
							"Type":	"BaseHeight",
							"Skip":	false,
							"BaseHeightName":	"Base",
							"Distance":	true
						}]
				}]
		}],
	"$NodeEditorMetadata":	{
		"$Nodes":	{
			"Cache.Density-0ee0ff5f-a0fb-4046-85b5-8fd25ae59a0b":	{
				"$Position":	{
					"$x":	-3000,
					"$y":	-9212
				},
				"$Title":	"[ROOT] Cache Density"
			},
			"Mix.Density-e453dcb9-9c92-4f96-98e8-23926a5bdfc0":	{
				"$Position":	{
					"$x":	-2393,
					"$y":	-9215
				}
			},
			"MaxDensityNode-ce1eae08-16f8-4fca-af80-3c1f45741b1c":	{
				"$Position":	{
					"$x":	-1579,
					"$y":	-9638
				}
			},
			"SumDensityNode-5a1cc856-6d8d-4172-bdc1-939315298e29":	{
				"$Position":	{
					"$x":	-266,
					"$y":	-10119
				}
			},
			"InverterDensityNode-0244fba2-563a-4223-af14-8dd9bc376ee2":	{
				"$Position":	{
					"$x":	425,
					"$y":	-10335
				}
			},
			"ImportedDensityNode-efb98b1a-f1ac-4c73-a383-ce8bf35593e4":	{
				"$Position":	{
					"$x":	1073,
					"$y":	-10305
				}
			},
			"CurveMapper.Density-69059d3c-54b7-4284-8136-9917aa63390a":	{
				"$Position":	{
					"$x":	435,
					"$y":	-9951
				}
			},
			"ManualCurve-0addf6bc-a071-4745-a4fc-dde0e6edd96e":	{
				"$Position":	{
					"$x":	1078,
					"$y":	-9842
				}
			},
			"CurvePoint-ccbb60c9-5576-4e97-889d-7a5382ccafae":	{
				"$Position":	{
					"$x":	1714,
					"$y":	-9995
				}
			},
			"CurvePoint-978c5a2a-cb66-429e-9130-ad81f5907ff5":	{
				"$Position":	{
					"$x":	1711,
					"$y":	-9836
				}
			},
			"BaseHeight.Density-adeed96a-9974-42d0-b1ee-bb61b03a55ea":	{
				"$Position":	{
					"$x":	1086,
					"$y":	-10124
				}
			},
			"MinDensityNode-c3aa19e3-63ea-410a-8668-ab7a13a68baf":	{
				"$Position":	{
					"$x":	-323,
					"$y":	-8177
				}
			},
			"Mix.Density-e247d03b-3f33-4c4f-b312-de0b6c5fbadd":	{
				"$Position":	{
					"$x":	499,
					"$y":	-8775
				}
			},
			"SumDensityNode-700b7600-32c2-41ba-9009-a6012f905336":	{
				"$Position":	{
					"$x":	1221,
					"$y":	-9088
				}
			},
			"SimplexNoise2DDensityNode-06326221-7c29-4d79-8452-e6263c377657":	{
				"$Position":	{
					"$x":	1911,
					"$y":	-9471
				}
			},
			"CurveMapper.Density-7488891f-ed26-4a65-b51e-d938d1bebf40":	{
				"$Position":	{
					"$x":	1912,
					"$y":	-9055
				}
			},
			"ManualCurve-135d5f17-2270-4356-848e-b690a9c1db1f":	{
				"$Position":	{
					"$x":	2572,
					"$y":	-9036
				}
			},
			"CurvePoint-72178e51-d705-47cb-9809-8a4e04e38edb":	{
				"$Position":	{
					"$x":	3208,
					"$y":	-9189
				},
				"$Title":	"Curve Point0.5"
			},
			"CurvePoint-1069a849-fc8a-4faf-a780-0fc85053ffae":	{
				"$Position":	{
					"$x":	3205,
					"$y":	-9030
				}
			},
			"BaseHeight.Density-44f8e739-6c18-45cb-9808-6310b749cb4e":	{
				"$Position":	{
					"$x":	2580,
					"$y":	-9318
				}
			},
			"ConstantDensityNode-2de2b693-cec8-480f-86f5-e5bb88fd50f1":	{
				"$Position":	{
					"$x":	1242,
					"$y":	-8768
				}
			},
			"PowDensityNode-492d545a-5878-4afd-b57f-d304d7bac046":	{
				"$Position":	{
					"$x":	1239,
					"$y":	-8360
				}
			},
			"NormalizerDensityNode-3daeacf8-9e8f-447d-882f-c5520452e878":	{
				"$Position":	{
					"$x":	1958,
					"$y":	-8363
				}
			},
			"AbsDensityNode-ae087a63-fdc3-45f7-aadc-9eb604db97f6":	{
				"$Position":	{
					"$x":	2590,
					"$y":	-8359
				}
			},
			"SimplexNoise2DDensityNode-06f22fe4-0f4c-4bfb-b182-2cb5d145d6ef":	{
				"$Position":	{
					"$x":	3195,
					"$y":	-8361
				}
			},
			"SumDensityNode-3cf5e3f6-3a47-4392-89f8-6cb31bcb0d9e":	{
				"$Position":	{
					"$x":	578,
					"$y":	-7359
				}
			},
			"CurveMapper.Density-2ec186aa-1555-43ec-90b3-93bac30141e3":	{
				"$Position":	{
					"$x":	1242,
					"$y":	-7365
				}
			},
			"ManualCurve-aca499e5-8270-41ea-8c94-d478501fb428":	{
				"$Position":	{
					"$x":	1903,
					"$y":	-7346
				}
			},
			"CurvePoint-ab0aa828-884d-42a5-95d1-4695eb23c1fd":	{
				"$Position":	{
					"$x":	2534,
					"$y":	-7387
				}
			},
			"CurvePoint-554ab27a-fcb1-4ff4-91ff-3f98e3425549":	{
				"$Position":	{
					"$x":	2541,
					"$y":	-7221
				}
			},
			"BaseHeight.Density-a77c6a92-da6b-434f-9cea-09c3a25157cc":	{
				"$Position":	{
					"$x":	1911,
					"$y":	-7628
				}
			},
			"SimplexNoise2DDensityNode-849dd70d-df90-4f6a-96c0-fe6e75b1948d":	{
				"$Position":	{
					"$x":	1243,
					"$y":	-7154
				}
			},
			"ConstantDensityNode-c4dc2806-73d3-46da-87a3-3290e3c309e0":	{
				"$Position":	{
					"$x":	-1566,
					"$y":	-9219
				}
			},
			"CurveMapper.Density-c05d0038-d57d-434d-8243-7a4c25a538bd":	{
				"$Position":	{
					"$x":	-1605,
					"$y":	-8826
				}
			},
			"ManualCurve-971244b9-90db-4296-9bf1-f40b8851ca9c":	{
				"$Position":	{
					"$x":	-945,
					"$y":	-8807
				}
			},
			"CurvePoint-839f6fc0-20d5-4710-821c-3bc2aad2cd46":	{
				"$Position":	{
					"$x":	-328,
					"$y":	-9150
				}
			},
			"CurvePoint-0251af7b-0445-4592-945a-753bf917c5a2":	{
				"$Position":	{
					"$x":	-310,
					"$y":	-8918
				}
			},
			"CurvePoint-958adffd-18ff-4372-90e1-6118b3f8795e":	{
				"$Position":	{
					"$x":	-306,
					"$y":	-8655
				},
				"$Title":	"Curve Point0.5"
			},
			"CurvePoint-a40b4160-1ec0-44d8-a5e6-a96eb661d852":	{
				"$Position":	{
					"$x":	-317,
					"$y":	-8454
				}
			},
			"BaseHeight.Density-830b283e-860d-4677-a78c-c106c7cefdca":	{
				"$Position":	{
					"$x":	-937,
					"$y":	-9089
				}
			}
		},
		"$FloatingNodes":	[],
		"$Links":	{
		},
		"$Groups":	[{
				"$Position":	{
					"$x":	525.75,
					"$y":	-7718
				},
				"$width":	2467.625,
				"$height":	980.1875,
				"$name":	"Cavern Ceilings"
			}, {
				"$Position":	{
					"$x":	-321.1875,
					"$y":	-10420.375
				},
				"$width":	2451.0625,
				"$height":	763,
				"$name":	"Snake Floors"
			}, {
				"$Position":	{
					"$x":	1163.4375,
					"$y":	-9546.25
				},
				"$width":	2446.375,
				"$height":	708.4375,
				"$name":	"Snake Ceilings"
			}, {
				"$Position":	{
					"$x":	1130.5625,
					"$y":	-8512.625
				},
				"$width":	2676.6875,
				"$height":	660.4375,
				"$name":	"Snake Walls"
			}],
		"$Comments":	[],
		"$WorkspaceID":	"HytaleGenerator - Density"
	}
}