{
	"$Title":	"[ROOT] Cache Density",
	"$Position":	{
		"$x":	-3000,
		"$y":	-9212
	},
	"Type":	"Cache",
	"ExportAs":	"Plains1_Caves_Mountains",
	"Skip":	false,
	"Capacity":	3,
	"Inputs":	[{
			"$Position":	{
				"$x":	-2393,
				"$y":	-9215
			},
			"Type":	"Mix",
			"Skip":	false,
			"Inputs":	[{
					"$Position":	{
						"$x":	-1579,
						"$y":	-9638
					},
					"Type":	"Max",
					"Skip":	false,
					"Inputs":	[{
							"$Position":	{
								"$x":	-266,
								"$y":	-10119
							},
							"Type":	"Sum",
							"Skip":	false,
							"Inputs":	[{
									"$Position":	{
										"$x":	1048,
										"$y":	-10331
									},
									"Type":	"Imported",
									"Skip":	false,
									"Name":	"Cave_Snakes_Ceiling"
								}, {
									"$Position":	{
										"$x":	435,
										"$y":	-9951
									},
									"Type":	"CurveMapper",
									"Skip":	false,
									"Curve":	{
										"$Position":	{
											"$x":	1078,
											"$y":	-9842
										},
										"Type":	"Manual",
										"Points":	[{
												"$Position":	{
													"$x":	1714,
													"$y":	-9995
												},
												"In":	0,
												"Out":	1
											}, {
												"$Position":	{
													"$x":	1711,
													"$y":	-9836
												},
												"In":	100,
												"Out":	-1
											}]
									},
									"Inputs":	[{
											"$Position":	{
												"$x":	1086,
												"$y":	-10124
											},
											"Type":	"BaseHeight",
											"Skip":	false,
											"BaseHeightName":	"Base",
											"Distance":	true
										}]
								}]
						}, {
							"$Position":	{
								"$x":	-323,
								"$y":	-8177
							},
							"Type":	"Min",
							"Skip":	false,
							"Inputs":	[{
									"$Position":	{
										"$x":	499,
										"$y":	-8775
									},
									"Type":	"Mix",
									"Skip":	false,
									"Inputs":	[{
											"$Position":	{
												"$x":	1221,
												"$y":	-9088
											},
											"Type":	"Sum",
											"Skip":	false,
											"Inputs":	[{
													"$Position":	{
														"$x":	1882,
														"$y":	-9457
													},
													"Type":	"Inverter",
													"Skip":	false,
													"Inputs":	[{
															"$Position":	{
																"$x":	2563,
																"$y":	-9693
															},
															"Type":	"SimplexNoise2D",
															"ExportAs":	"Cave_Snakes_Ceiling",
															"Skip":	false,
															"Lacunarity":	4,
															"Persistence":	0.25,
															"Octaves":	3,
															"Scale":	300,
															"Seed":	"Cave-Floor"
														}]
												}, {
													"$Position":	{
														"$x":	1912,
														"$y":	-9055
													},
													"Type":	"CurveMapper",
													"Skip":	false,
													"Curve":	{
														"$Position":	{
															"$x":	2572,
															"$y":	-9036
														},
														"Type":	"Manual",
														"Points":	[{
																"$Title":	"Curve Point0.5",
																"$Position":	{
																	"$x":	3208,
																	"$y":	-9189
																},
																"In":	10,
																"Out":	-1
															}, {
																"$Position":	{
																	"$x":	3205,
																	"$y":	-9030
																},
																"In":	110,
																"Out":	1
															}]
													},
													"Inputs":	[{
															"$Position":	{
																"$x":	2580,
																"$y":	-9318
															},
															"Type":	"BaseHeight",
															"Skip":	false,
															"BaseHeightName":	"Base",
															"Distance":	true
														}]
												}]
										}, {
											"$Position":	{
												"$x":	1242,
												"$y":	-8768
											},
											"Type":	"Constant",
											"Skip":	false,
											"Value":	1
										}, {
											"$Position":	{
												"$x":	1239,
												"$y":	-8360
											},
											"Type":	"Pow",
											"Skip":	false,
											"Exponent":	3,
											"Inputs":	[{
													"$Position":	{
														"$x":	1958,
														"$y":	-8363
													},
													"Type":	"Normalizer",
													"Skip":	false,
													"FromMin":	0,
													"FromMax":	1,
													"ToMin":	0.3,
													"ToMax":	1,
													"Inputs":	[{
															"$Position":	{
																"$x":	2590,
																"$y":	-8359
															},
															"Type":	"Abs",
															"Skip":	false,
															"Inputs":	[{
																	"$Position":	{
																		"$x":	3195,
																		"$y":	-8361
																	},
																	"Type":	"SimplexNoise2D",
																	"Skip":	false,
																	"Lacunarity":	2,
																	"Persistence":	0.5,
																	"Octaves":	1,
																	"Scale":	75,
																	"Seed":	"Caves-Snakes-Mountains"
																}]
														}]
												}]
										}]
								}, {
									"$Position":	{
										"$x":	578,
										"$y":	-7359
									},
									"Type":	"Sum",
									"Skip":	false,
									"Inputs":	[{
											"$Position":	{
												"$x":	1242,
												"$y":	-7365
											},
											"Type":	"CurveMapper",
											"Skip":	false,
											"Curve":	{
												"$Position":	{
													"$x":	1903,
													"$y":	-7346
												},
												"Type":	"Manual",
												"Points":	[{
														"$Position":	{
															"$x":	2534,
															"$y":	-7387
														},
														"In":	10,
														"Out":	-1
													}, {
														"$Position":	{
															"$x":	2541,
															"$y":	-7221
														},
														"In":	40,
														"Out":	1
													}]
											},
											"Inputs":	[{
													"$Position":	{
														"$x":	1911,
														"$y":	-7628
													},
													"Type":	"BaseHeight",
													"Skip":	false,
													"BaseHeightName":	"Base",
													"Distance":	true
												}]
										}, {
											"$Position":	{
												"$x":	1243,
												"$y":	-7154
											},
											"Type":	"SimplexNoise2D",
											"Skip":	false,
											"Lacunarity":	4,
											"Persistence":	0.15,
											"Octaves":	2,
											"Scale":	80,
											"Seed":	"Caves-Ceilings"
										}]
								}]
						}]
				}, {
					"$Position":	{
						"$x":	-1564,
						"$y":	-9416
					},
					"Type":	"Constant",
					"Skip":	false,
					"Value":	1
				}, {
					"$Position":	{
						"$x":	-1605,
						"$y":	-8826
					},
					"Type":	"CurveMapper",
					"Skip":	false,
					"Curve":	{
						"$Position":	{
							"$x":	-945,
							"$y":	-8807
						},
						"Type":	"Manual",
						"Points":	[{
								"$Position":	{
									"$x":	-307,
									"$y":	-9089
								},
								"In":	-10,
								"Out":	1
							}, {
								"$Position":	{
									"$x":	-310,
									"$y":	-8918
								},
								"In":	0,
								"Out":	0
							}, {
								"$Title":	"Curve Point0.5",
								"$Position":	{
									"$x":	-303,
									"$y":	-8753
								},
								"In":	110,
								"Out":	0
							}, {
								"$Position":	{
									"$x":	-300,
									"$y":	-8585
								},
								"In":	120,
								"Out":	1
							}]
					},
					"Inputs":	[{
							"$Position":	{
								"$x":	-937,
								"$y":	-9089
							},
							"Type":	"BaseHeight",
							"Skip":	false,
							"BaseHeightName":	"Base",
							"Distance":	true
						}]
				}]
		}],
	"$WorkspaceID":	"HytaleGenerator - Density",
	"$Groups":	[{
			"$Position":	{
				"$x":	525.75,
				"$y":	-7718
			},
			"$width":	2467.625,
			"$height":	980.1875,
			"$name":	"Cavern Ceilings"
		}, {
			"$Position":	{
				"$x":	-321.1875,
				"$y":	-10420.375
			},
			"$width":	2451.0625,
			"$height":	763,
			"$name":	"Snake Floors"
		}, {
			"$Position":	{
				"$x":	1163.4375,
				"$y":	-9546.25
			},
			"$width":	2446.375,
			"$height":	708.4375,
			"$name":	"Snake Ceilings"
		}, {
			"$Position":	{
				"$x":	1130.5625,
				"$y":	-8512.625
			},
			"$width":	2676.6875,
			"$height":	660.4375,
			"$name":	"Snake Walls"
		}]
}