{
  "Type": "NoiseRange",
  "Biomes": [
    {
      "Biome" : "Back",
      "Min" : -10,
      "Max" : 0
    },
    {
      "Biome" : "Back",
      "Min" : 0,
      "Max" : 10
    }
  ],
  "DefaultBiome": "Basic",
  "BiomeTransitions": [
  ],
  "DefaultTransitionDistance": 32,
  "MaxBiomeEdgeDistance" : 64,
  "Density": {
    "Type":	"SimplexNoise2D",
	                "Skip":	false,
			"Lacunarity":	2,
			"Persistence":	0.5,
			"Octaves":	41,
			"Scale":	20,
			"Seed":	"A"
  },
  "ContentFields" : [
    {
      "Type" : "BaseHeight",
      "Name" : "Base",
      "Y" : 100
    },
    {
      "Type" : "BaseHeight",
      "Name" : "Water",
      "Y" : 100
    },
    {
      "Type" : "BaseHeight",
      "Name" : "Bedrock",
      "Y" : 0
    }
  ]
}
