{
  "Type": "NoiseRange",
  "Biomes": [{
      "Biome" : "Volcanic1_Jungle",
      "Min" : -2,
      "Max" : -0.5
    }
  ],
  "DefaultBiome": "Basic",
  "MaxBiomeEdgeDistance" : 64,
  "DefaultTransitionDistance": 32,
  "Density": {
    "Type" : "Imported",
    "Name" : "Biome-Map-Tiles"
	},
  "ContentFields" : [
    {
      "Type" : "BaseHeight",
      "Name" : "Base",
      "Y" : 120
    },
    {
      "Type" : "BaseHeight",
      "Name" : "Water",
      "Y" : 100
    },
    {
      "Type" : "BaseHeight",
      "Name" : "Bedrock",
      "Y" : 0
    }
  ]
}