{
  "Type": "NoiseRange",
  "Biomes": [{
      "Biome" : "Volcanic1_Caldera",
      "Min" : -2,
      "Max" : -0.85
    },{
      "Biome" : "Volcanic1_Jungle",
      "Min" : -0.85,
      "Max" : -0.5
    },{
      "Biome" : "Volcanic1_River",
      "Min" : -0.5,
      "Max" : 0
    },
    {
      "Biome" : "Volcanic1_Shore",
      "Min" : 0,
      "Max" : 0.15
    },
    {
      "Biome" : "Oceans",
      "Min" : 0.15,
      "Max" : 2
    }
  ],
  "DefaultBiome": "Basic",
  "MaxBiomeEdgeDistance" : 128,
  "DefaultTransitionDistance": 32,
  "Density": {
    "Type" : "Imported",
    "Name" : "Biome-Map"
	},
  "ContentFields" : [
    {
      "Type" : "BaseHeight",
      "Name" : "Base",
      "Y" : 120
    },
    {
      "Type" : "BaseHeight",
      "Name" : "Water",
      "Y" : 100
    },
    {
      "Type" : "BaseHeight",
      "Name" : "Bedrock",
      "Y" : 0
    }
  ]
}