{
  "Type": "NoiseRange",
  "Biomes": [
    {
      "Biome" : "Taiga1_Mountains",
      "Min" : -2,
      "Max" : -0.75
    },
    {
      "Biome" : "Taiga1_Redwood",
      "Min" : -0.75,
      "Max" : -0.5
    },
    {
      "Biome" : "Taiga1_River",
      "Min" : -0.5,
      "Max" : 0
    },
    {
      "Biome" : "Taiga1_Shore",
      "Min" : 0,
      "Max" : 0.15
    },
    {
      "Biome" : "Oceans",
      "Min" : 0.15,
      "Max" : 2
    }
  ],
  "DefaultBiome": "Oceans",
  "DefaultTransitionDistance": 48,
  "MaxBiomeEdgeDistance" : 48,
  "Density": {
    "Type" : "Imported",
    "Name" : "Biome-Map"
  },
  "ContentFields" : [
    {
      "Type" : "BaseHeight",
      "Name" : "Base",
      "Y" : 110
    },
    {
      "Type" : "BaseHeight",
      "Name" : "Water",
      "Y" : 100
    },
    {
      "Type" : "BaseHeight",
      "Name" : "Bedrock",
      "Y" : 0
    }
  ]
}
