{
	"$Title":	"[ROOT] FieldFunction Assignments",
	"$Position":	{
		"$x":	8162,
		"$y":	10592
	},
	"Type":	"FieldFunction",
	"ExportAs":	"Plains1_Oak_Cave_Moss",
	"FieldFunction":	{
		"$Position":	{
			"$x":	8881,
			"$y":	7868
		},
		"Type":	"SimplexNoise2D",
		"Skip":	false,
		"Lacunarity":	2,
		"Persistence":	0.5,
		"Octaves":	1,
		"Scale":	30,
		"Seed":	"21356"
	},
	"Delimiters":	[{
			"$Position":	{
				"$x":	9043,
				"$y":	9964
			},
			"Max":	0.7,
			"Min":	-1,
			"Assignments":	{
				"$Position":	{
					"$x":	9522,
					"$y":	9959
				},
				"Type":	"Weighted",
				"SkipChance":	0.99,
				"Seed":	"A",
				"WeightedAssignments":	[{
						"$Position":	{
							"$x":	10306,
							"$y":	7671
						},
						"Weight":	30,
						"Assignments":	{
							"$Position":	{
								"$x":	10821,
								"$y":	7681
							},
							"Type":	"Constant",
							"Prop":	{
								"$Position":	{
									"$x":	11408,
									"$y":	7673
								},
								"Type":	"Cluster",
								"Skip":	false,
								"Range":	10,
								"Seed":	"A",
								"DistanceCurve":	{
									"$Position":	{
										"$x":	12144,
										"$y":	6996
									},
									"Type":	"Manual",
									"Points":	[{
											"$Position":	{
												"$x":	12765,
												"$y":	6838
											},
											"In":	2,
											"Out":	0.9
										}, {
											"$Position":	{
												"$x":	12766,
												"$y":	7000
											},
											"In":	2.1,
											"Out":	0
										}]
								},
								"WeightedProps":	[{
										"$Position":	{
											"$x":	12137,
											"$y":	7325
										},
										"Weight":	1,
										"ColumnProp":	{
											"$Position":	{
												"$x":	12615,
												"$y":	7253
											},
											"Type":	"Column",
											"Skip":	false,
											"ColumnBlocks":	[{
													"$Position":	{
														"$x":	13349,
														"$y":	6862
													},
													"Y":	0,
													"Material":	{
														"$Position":	{
															"$x":	13781,
															"$y":	6846
														},
														"Solid":	"Plant_Bramble_Dry_Twisted"
													}
												}],
											"Directionality":	{
												"$Position":	{
													"$x":	13337,
													"$y":	7014
												},
												"Type":	"Static",
												"Rotation":	0,
												"Pattern":	{
													"$Position":	{
														"$x":	13945,
														"$y":	7008
													},
													"Type":	"Imported",
													"Skip":	false,
													"Name":	"Plains1_Oak_Cave_Moss_Pattern"
												}
											},
											"Scanner":	{
												"$Position":	{
													"$x":	13338,
													"$y":	7184
												},
												"Type":	"ColumnLinear",
												"Skip":	false,
												"MaxY":	-10,
												"MinY":	-80,
												"RelativeToPosition":	false,
												"BaseHeightName":	"Base",
												"TopDownOrder":	true,
												"ResultCap":	2
											}
										}
									}],
								"Pattern":	{
									"$Position":	{
										"$x":	12126,
										"$y":	7758
									},
									"Type":	"Floor",
									"ExportAs":	"Plains1_Oak_Cave_Moss_Pattern",
									"Skip":	false,
									"Origin":	{
										"$Position":	{
											"$x":	12774,
											"$y":	7590
										},
										"Type":	"BlockSet",
										"Skip":	false,
										"BlockSet":	{
											"$Position":	{
												"$x":	13406,
												"$y":	7595
											},
											"Inclusive":	true,
											"Materials":	[{
													"$Position":	{
														"$x":	13899,
														"$y":	7595
													},
													"Solid":	"Empty"
												}]
										}
									},
									"Floor":	{
										"$Position":	{
											"$x":	12719,
											"$y":	7942
										},
										"Type":	"BlockSet",
										"Skip":	false,
										"BlockSet":	{
											"$Position":	{
												"$x":	13378,
												"$y":	7952
											},
											"Inclusive":	true,
											"Materials":	[{
													"$Position":	{
														"$x":	13878,
														"$y":	7772
													},
													"Solid":	"Soil_Gravel"
												}, {
													"$Position":	{
														"$x":	13882,
														"$y":	7943
													},
													"Solid":	"Soil_Pebbles"
												}, {
													"$Position":	{
														"$x":	13884,
														"$y":	8101
													},
													"Solid":	"Soil_Dirt"
												}]
										}
									}
								},
								"Scanner":	{
									"$Position":	{
										"$x":	12142,
										"$y":	7909
									},
									"Type":	"ColumnLinear",
									"Skip":	false,
									"MaxY":	-10,
									"MinY":	-80,
									"RelativeToPosition":	false,
									"BaseHeightName":	"Base",
									"TopDownOrder":	true,
									"ResultCap":	2
								}
							}
						}
					}, {
						"$Position":	{
							"$x":	10274,
							"$y":	9963
						},
						"Weight":	70,
						"Assignments":	{
							"$Position":	{
								"$x":	10743,
								"$y":	9960
							},
							"Type":	"Constant",
							"Prop":	{
								"$Position":	{
									"$x":	11350,
									"$y":	9953
								},
								"Type":	"Cluster",
								"Skip":	false,
								"Range":	10,
								"Seed":	"A",
								"DistanceCurve":	{
									"$Position":	{
										"$x":	12087,
										"$y":	9276
									},
									"Type":	"Manual",
									"Points":	[{
											"$Position":	{
												"$x":	12707,
												"$y":	9118
											},
											"In":	2,
											"Out":	0.2
										}, {
											"$Position":	{
												"$x":	12708,
												"$y":	9280
											},
											"In":	3.1,
											"Out":	0
										}]
								},
								"WeightedProps":	[{
										"$Position":	{
											"$x":	12080,
											"$y":	9605
										},
										"Weight":	1,
										"ColumnProp":	{
											"$Position":	{
												"$x":	12557,
												"$y":	9533
											},
											"Type":	"Column",
											"Skip":	false,
											"ColumnBlocks":	[{
													"$Position":	{
														"$x":	13292,
														"$y":	9142
													},
													"Y":	0,
													"Material":	{
														"$Position":	{
															"$x":	13723,
															"$y":	9126
														},
														"Solid":	"Rubble_Marble"
													}
												}],
											"Directionality":	{
												"$Position":	{
													"$x":	13279,
													"$y":	9293
												},
												"Type":	"Static",
												"Rotation":	0,
												"Pattern":	{
													"$Position":	{
														"$x":	13946,
														"$y":	9299
													},
													"Type":	"Floor",
													"Skip":	false,
													"Origin":	{
														"$Position":	{
															"$x":	14576,
															"$y":	9291
														},
														"Type":	"BlockSet",
														"Skip":	false,
														"BlockSet":	{
															"$Position":	{
																"$x":	15208,
																"$y":	9296
															},
															"Inclusive":	true,
															"Materials":	[{
																	"$Position":	{
																		"$x":	15701,
																		"$y":	9296
																	},
																	"Solid":	"Empty"
																}]
														}
													},
													"Floor":	{
														"$Position":	{
															"$x":	14565,
															"$y":	9457
														},
														"Type":	"BlockSet",
														"Skip":	false,
														"BlockSet":	{
															"$Position":	{
																"$x":	15224,
																"$y":	9467
															},
															"Inclusive":	true,
															"Materials":	[{
																	"$Position":	{
																		"$x":	15720,
																		"$y":	9454
																	},
																	"Solid":	"Soil_Gravel"
																}, {
																	"$Position":	{
																		"$x":	15724,
																		"$y":	9625
																	},
																	"Solid":	"Soil_Pebbles"
																}]
														}
													}
												}
											},
											"Scanner":	{
												"$Position":	{
													"$x":	13280,
													"$y":	9463
												},
												"Type":	"ColumnLinear",
												"Skip":	false,
												"MaxY":	-10,
												"MinY":	-80,
												"RelativeToPosition":	false,
												"BaseHeightName":	"Base",
												"TopDownOrder":	true,
												"ResultCap":	2
											}
										}
									}],
								"Pattern":	{
									"$Position":	{
										"$x":	12105,
										"$y":	9990
									},
									"Type":	"Floor",
									"Skip":	false,
									"Origin":	{
										"$Position":	{
											"$x":	12772,
											"$y":	9870
										},
										"Type":	"BlockSet",
										"Skip":	false,
										"BlockSet":	{
											"$Position":	{
												"$x":	13404,
												"$y":	9875
											},
											"Inclusive":	true,
											"Materials":	[{
													"$Position":	{
														"$x":	13897,
														"$y":	9875
													},
													"Solid":	"Empty"
												}]
										}
									},
									"Floor":	{
										"$Position":	{
											"$x":	12717,
											"$y":	10222
										},
										"Type":	"BlockSet",
										"Skip":	false,
										"BlockSet":	{
											"$Position":	{
												"$x":	13376,
												"$y":	10232
											},
											"Inclusive":	true,
											"Materials":	[{
													"$Position":	{
														"$x":	13872,
														"$y":	10219
													},
													"Solid":	"Soil_Gravel"
												}, {
													"$Position":	{
														"$x":	13876,
														"$y":	10390
													},
													"Solid":	"Soil_Pebbles"
												}]
										}
									}
								},
								"Scanner":	{
									"$Position":	{
										"$x":	12084,
										"$y":	10189
									},
									"Type":	"ColumnLinear",
									"Skip":	false,
									"MaxY":	-10,
									"MinY":	-80,
									"RelativeToPosition":	false,
									"BaseHeightName":	"Base",
									"TopDownOrder":	true,
									"ResultCap":	2
								}
							}
						}
					}]
			}
		}, {
			"$Position":	{
				"$x":	9052,
				"$y":	11079
			},
			"Max":	0.8,
			"Min":	0.7,
			"Assignments":	{
				"$Position":	{
					"$x":	9547,
					"$y":	11077
				},
				"Type":	"Weighted",
				"SkipChance":	0,
				"Seed":	"A",
				"WeightedAssignments":	[{
						"$Position":	{
							"$x":	10299,
							"$y":	11081
						},
						"Weight":	1,
						"Assignments":	{
							"$Position":	{
								"$x":	10782,
								"$y":	11082
							},
							"Type":	"Constant",
							"Prop":	{
								"$Position":	{
									"$x":	11476,
									"$y":	11081
								},
								"Type":	"Union",
								"Skip":	false,
								"Props":	[{
										"$Position":	{
											"$x":	12124,
											"$y":	11053
										},
										"Type":	"Column",
										"Skip":	false,
										"ColumnBlocks":	[{
												"$Position":	{
													"$x":	12826,
													"$y":	11047
												},
												"Y":	0,
												"Material":	{
													"$Position":	{
														"$x":	13364,
														"$y":	11062
													},
													"Solid":	"Plant_Moss_Short_Blue"
												}
											}],
										"Directionality":	{
											"$Position":	{
												"$x":	12830,
												"$y":	11227
											},
											"Type":	"Static",
											"Rotation":	0,
											"Pattern":	{
												"$Position":	{
													"$x":	13458,
													"$y":	11224
												},
												"Type":	"Imported",
												"Skip":	false,
												"Name":	"Plains1_Oak_Cave_Moss_Pattern"
											}
										},
										"Scanner":	{
											"$Position":	{
												"$x":	12831,
												"$y":	11397
											},
											"Type":	"ColumnLinear",
											"Skip":	false,
											"MaxY":	-10,
											"MinY":	-80,
											"RelativeToPosition":	false,
											"BaseHeightName":	"Base",
											"TopDownOrder":	true,
											"ResultCap":	2
										}
									}]
							}
						}
					}]
			}
		}, {
			"$Position":	{
				"$x":	9027,
				"$y":	12496
			},
			"Max":	1,
			"Min":	0.8,
			"Assignments":	{
				"$Position":	{
					"$x":	9519,
					"$y":	12498
				},
				"Type":	"Weighted",
				"SkipChance":	0,
				"Seed":	"A",
				"WeightedAssignments":	[{
						"$Position":	{
							"$x":	10264,
							"$y":	12512
						},
						"Weight":	100,
						"Assignments":	{
							"$Position":	{
								"$x":	10771,
								"$y":	12522
							},
							"Type":	"Constant",
							"Prop":	{
								"$Position":	{
									"$x":	11364,
									"$y":	12517
								},
								"Type":	"Union",
								"Skip":	false,
								"Props":	[{
										"$Position":	{
											"$x":	11969,
											"$y":	12517
										},
										"Type":	"Column",
										"Skip":	false,
										"ColumnBlocks":	[{
												"$Position":	{
													"$x":	12649,
													"$y":	12517
												},
												"Y":	0,
												"Material":	{
													"$Position":	{
														"$x":	13151,
														"$y":	12500
													},
													"Solid":	"Plant_Moss_Blue"
												}
											}],
										"Directionality":	{
											"$Position":	{
												"$x":	12659,
												"$y":	12694
											},
											"Type":	"Static",
											"Rotation":	0,
											"Pattern":	{
												"$Position":	{
													"$x":	13290,
													"$y":	12706
												},
												"Type":	"Imported",
												"Skip":	false,
												"Name":	"Plains1_Oak_Cave_Moss_Pattern"
											}
										},
										"Scanner":	{
											"$Position":	{
												"$x":	12654,
												"$y":	12868
											},
											"Type":	"ColumnLinear",
											"Skip":	false,
											"MaxY":	-10,
											"MinY":	-80,
											"RelativeToPosition":	false,
											"BaseHeightName":	"Base",
											"TopDownOrder":	true,
											"ResultCap":	2
										}
									}, {
										"$Position":	{
											"$x":	11947,
											"$y":	13338
										},
										"Type":	"Column",
										"Skip":	false,
										"ColumnBlocks":	[{
												"$Position":	{
													"$x":	12627,
													"$y":	13337
												},
												"Y":	0,
												"Material":	{
													"$Position":	{
														"$x":	13129,
														"$y":	13320
													},
													"Solid":	"Plant_Moss_Rug_Blue"
												}
											}],
										"Directionality":	{
											"$Position":	{
												"$x":	12637,
												"$y":	13514
											},
											"Type":	"Static",
											"Rotation":	0,
											"Pattern":	{
												"$Position":	{
													"$x":	13263,
													"$y":	13516
												},
												"Type":	"Imported",
												"Skip":	false,
												"Name":	"Plains1_Oak_Cave_Moss_Pattern"
											}
										},
										"Scanner":	{
											"$Position":	{
												"$x":	12632,
												"$y":	13688
											},
											"Type":	"ColumnLinear",
											"Skip":	false,
											"MaxY":	-10,
											"MinY":	-80,
											"RelativeToPosition":	false,
											"BaseHeightName":	"Base",
											"TopDownOrder":	true,
											"ResultCap":	2
										}
									}]
							}
						}
					}]
			}
		}],
	"$WorkspaceID":	"HytaleGenerator - Assignments",
	"$Groups":	[{
			"$Position":	{
				"$x":	10253.125,
				"$y":	6657.5
			},
			"$width":	4503.6875,
			"$height":	1689.625,
			"$name":	"Bushes"
		}, {
			"$Position":	{
				"$x":	11302.5,
				"$y":	8949.3125
			},
			"$width":	5305.5,
			"$height":	1772.75,
			"$name":	"Rubble"
		}]
}