{
	"$Title":	"[ROOT] Weighted Assignments",
	"$Position":	{
		"$x":	-3158,
		"$y":	-5571
	},
	"Type":	"Weighted",
	"ExportAs":	"Plains1_Oak_Boulder_Patches",
	"SkipChance":	0,
	"Seed":	"A",
	"WeightedAssignments":	[{
			"$Position":	{
				"$x":	-2156,
				"$y":	-5566
			},
			"Weight":	40,
			"Assignments":	{
				"$Position":	{
					"$x":	-1669,
					"$y":	-5554
				},
				"Type":	"Constant",
				"Prop":	{
					"$Position":	{
						"$x":	-1048,
						"$y":	-5574
					},
					"Type":	"Prefab",
					"Skip":	false,
					"WeightedPrefabPaths":	[{
							"$Position":	{
								"$x":	-275,
								"$y":	-5970
							},
							"Path":	"Rock_Formations/Rocks/Chalk/Small/",
							"Weight":	30
						}, {
							"$Position":	{
								"$x":	-273,
								"$y":	-5806
							},
							"Path":	"Rock_Formations/Rocks/Chalk/Medium/",
							"Weight":	60
						}, {
							"$Position":	{
								"$x":	-273,
								"$y":	-5638
							},
							"Path":	"Rock_Formations/Rocks/Chalk/Large/",
							"Weight":	10
						}],
					"LegacyPath":	false,
					"LoadEntities":	true,
					"Directionality":	{
						"$Position":	{
							"$x":	-262,
							"$y":	-5449
						},
						"Type":	"Random",
						"Seed":	"A",
						"Pattern":	{
							"$Position":	{
								"$x":	497,
								"$y":	-5467
							},
							"Type":	"Floor",
							"Skip":	false,
							"Origin":	{
								"$Position":	{
									"$x":	1145,
									"$y":	-5634
								},
								"Type":	"BlockSet",
								"Skip":	false,
								"BlockSet":	{
									"$Position":	{
										"$x":	1777,
										"$y":	-5626
									},
									"Inclusive":	true,
									"Materials":	[{
											"$Position":	{
												"$x":	2286,
												"$y":	-5612
											},
											"Solid":	"Empty"
										}]
								}
							},
							"Floor":	{
								"$Position":	{
									"$x":	1090,
									"$y":	-5282
								},
								"Type":	"BlockSet",
								"Skip":	false,
								"BlockSet":	{
									"$Position":	{
										"$x":	1749,
										"$y":	-5268
									},
									"Inclusive":	true,
									"Materials":	[{
											"$Position":	{
												"$x":	2224,
												"$y":	-5266
											},
											"Solid":	"Soil_Pebbles"
										}, {
											"$Position":	{
												"$x":	2228,
												"$y":	-5104
											},
											"Solid":	"Soil_Gravel"
										}, {
											"$Position":	{
												"$x":	2225,
												"$y":	-4953
											},
											"Solid":	"Soil_Leaves"
										}, {
											"$Position":	{
												"$x":	2228,
												"$y":	-4808
											},
											"Solid":	"Soil_Pathway"
										}, {
											"$Position":	{
												"$x":	2223,
												"$y":	-4654
											},
											"Solid":	"Soil_Grass_Sunny"
										}, {
											"$Position":	{
												"$x":	2230,
												"$y":	-4502
											},
											"Solid":	"Soil_Grass_Full"
										}, {
											"$Position":	{
												"$x":	2239,
												"$y":	-4344
											},
											"Solid":	"Soil_Grass"
										}]
								}
							}
						}
					},
					"Scanner":	{
						"$Position":	{
							"$x":	-282,
							"$y":	-5192
						},
						"Type":	"ColumnLinear",
						"Skip":	false,
						"MaxY":	30,
						"MinY":	0,
						"RelativeToPosition":	false,
						"BaseHeightName":	"Base",
						"TopDownOrder":	true,
						"ResultCap":	1
					},
					"MoldingDirection":	"None",
					"MoldingChildren":	false
				}
			}
		}, {
			"$Position":	{
				"$x":	-2196,
				"$y":	-4325
			},
			"Weight":	60,
			"Assignments":	{
				"$Position":	{
					"$x":	-1741,
					"$y":	-4313
				},
				"Type":	"Constant",
				"Prop":	{
					"$Position":	{
						"$x":	-1053,
						"$y":	-4271
					},
					"Type":	"Union",
					"Skip":	false,
					"Props":	[{
							"$Position":	{
								"$x":	-345,
								"$y":	-4264
							},
							"Type":	"Cluster",
							"Skip":	false,
							"Range":	10,
							"Seed":	"A",
							"DistanceCurve":	{
								"$Position":	{
									"$x":	351,
									"$y":	-4342
								},
								"Type":	"Manual",
								"Points":	[{
										"$Position":	{
											"$x":	994,
											"$y":	-4336
										},
										"In":	0,
										"Out":	0.8
									}, {
										"$Position":	{
											"$x":	999,
											"$y":	-4180
										},
										"In":	3,
										"Out":	0.8
									}, {
										"$Position":	{
											"$x":	1013,
											"$y":	-4036
										},
										"In":	4,
										"Out":	0
									}]
							},
							"WeightedProps":	[{
									"$Position":	{
										"$x":	342,
										"$y":	-4146
									},
									"Weight":	1,
									"ColumnProp":	{
										"$Position":	{
											"$x":	850,
											"$y":	-3822
										},
										"Type":	"Column",
										"Skip":	false,
										"ColumnBlocks":	[{
												"$Position":	{
													"$x":	1551,
													"$y":	-3828
												},
												"Y":	0,
												"Material":	{
													"$Position":	{
														"$x":	1971,
														"$y":	-3877
													},
													"Solid":	"Plant_Bush_Green"
												}
											}],
										"Directionality":	{
											"$Position":	{
												"$x":	1538,
												"$y":	-3669
											},
											"Type":	"Static",
											"Rotation":	0,
											"Pattern":	{
												"$Position":	{
													"$x":	2245,
													"$y":	-3646
												},
												"Type":	"Floor",
												"Skip":	false,
												"Origin":	{
													"$Position":	{
														"$x":	2893,
														"$y":	-3813
													},
													"Type":	"BlockSet",
													"Skip":	false,
													"BlockSet":	{
														"$Position":	{
															"$x":	3525,
															"$y":	-3797
														},
														"Inclusive":	true,
														"Materials":	[{
																"$Position":	{
																	"$x":	4051,
																	"$y":	-3813
																},
																"Solid":	"Empty"
															}]
													}
												},
												"Floor":	{
													"$Position":	{
														"$x":	2838,
														"$y":	-3461
													},
													"Type":	"BlockSet",
													"Skip":	false,
													"BlockSet":	{
														"$Position":	{
															"$x":	3497,
															"$y":	-3436
														},
														"Inclusive":	true,
														"Materials":	[{
																"$Position":	{
																	"$x":	4026,
																	"$y":	-3600
																},
																"Solid":	"Soil_Grass_Full"
															}, {
																"$Position":	{
																	"$x":	4000,
																	"$y":	-3430
																},
																"Solid":	"Soil_Leaves"
															}, {
																"$Position":	{
																	"$x":	4030,
																	"$y":	-3255
																},
																"Solid":	"Soil_Pathway"
															}, {
																"$Position":	{
																	"$x":	4030,
																	"$y":	-3084
																},
																"Solid":	"Soil_Grass_Sunny"
															}, {
																"$Position":	{
																	"$x":	4026,
																	"$y":	-2897
																},
																"Solid":	"Soil_Grass"
															}]
													}
												}
											}
										},
										"Scanner":	{
											"$Position":	{
												"$x":	1556,
												"$y":	-3477
											},
											"Type":	"ColumnLinear",
											"Skip":	false,
											"MaxY":	5,
											"MinY":	-5,
											"RelativeToPosition":	true,
											"BaseHeightName":	"Base",
											"TopDownOrder":	true,
											"ResultCap":	1
										}
									}
								}],
							"Pattern":	{
								"$Position":	{
									"$x":	434,
									"$y":	-2870
								},
								"Type":	"Floor",
								"Skip":	false,
								"Origin":	{
									"$Position":	{
										"$x":	1082,
										"$y":	-3037
									},
									"Type":	"BlockSet",
									"Skip":	false,
									"BlockSet":	{
										"$Position":	{
											"$x":	1714,
											"$y":	-3033
										},
										"Inclusive":	true,
										"Materials":	[{
												"$Position":	{
													"$x":	2291,
													"$y":	-3063
												},
												"Solid":	"Empty"
											}]
									}
								},
								"Floor":	{
									"$Position":	{
										"$x":	1027,
										"$y":	-2685
									},
									"Type":	"BlockSet",
									"Skip":	false,
									"BlockSet":	{
										"$Position":	{
											"$x":	1686,
											"$y":	-2679
										},
										"Inclusive":	true,
										"Materials":	[{
												"$Position":	{
													"$x":	2303,
													"$y":	-2892
												},
												"Solid":	"Soil_Grass_Sunny"
											}, {
												"$Position":	{
													"$x":	2256,
													"$y":	-2666
												},
												"Solid":	"Soil_Grass"
											}, {
												"$Position":	{
													"$x":	2158,
													"$y":	-2466
												},
												"Solid":	"Soil_Pathway"
											}, {
												"$Position":	{
													"$x":	2188,
													"$y":	-2223
												},
												"Solid":	"Soil_Leaves"
											}, {
												"$Position":	{
													"$x":	2184,
													"$y":	-2001
												},
												"Solid":	"Soil_Grass_Full"
											}]
									}
								}
							},
							"Scanner":	{
								"$Position":	{
									"$x":	353,
									"$y":	-3481
								},
								"Type":	"ColumnLinear",
								"Skip":	false,
								"MaxY":	30,
								"MinY":	0,
								"RelativeToPosition":	false,
								"BaseHeightName":	"Base",
								"TopDownOrder":	true,
								"ResultCap":	1
							}
						}, {
							"$Position":	{
								"$x":	-136,
								"$y":	-2064
							},
							"Type":	"Cluster",
							"Skip":	false,
							"Range":	10,
							"Seed":	"A",
							"DistanceCurve":	{
								"$Position":	{
									"$x":	560,
									"$y":	-2142
								},
								"Type":	"Manual",
								"Points":	[{
										"$Position":	{
											"$x":	1192,
											"$y":	-2134
										},
										"In":	6,
										"Out":	0.05
									}, {
										"$Position":	{
											"$x":	1206,
											"$y":	-1990
										},
										"In":	7,
										"Out":	0
									}]
							},
							"WeightedProps":	[{
									"$Position":	{
										"$x":	551,
										"$y":	-1946
									},
									"Weight":	1,
									"ColumnProp":	{
										"$Position":	{
											"$x":	1059,
											"$y":	-1622
										},
										"Type":	"Column",
										"Skip":	false,
										"ColumnBlocks":	[{
												"$Position":	{
													"$x":	1760,
													"$y":	-1628
												},
												"Y":	0,
												"Material":	{
													"$Position":	{
														"$x":	2231,
														"$y":	-1669
													},
													"Solid":	"Rubble_Marble"
												}
											}],
										"Directionality":	{
											"$Position":	{
												"$x":	1747,
												"$y":	-1469
											},
											"Type":	"Static",
											"Rotation":	0,
											"Pattern":	{
												"$Position":	{
													"$x":	2453,
													"$y":	-1445
												},
												"Type":	"Floor",
												"Skip":	false,
												"Origin":	{
													"$Position":	{
														"$x":	3101,
														"$y":	-1612
													},
													"Type":	"BlockSet",
													"Skip":	false,
													"BlockSet":	{
														"$Position":	{
															"$x":	3733,
															"$y":	-1597
														},
														"Inclusive":	true,
														"Materials":	[{
																"$Position":	{
																	"$x":	4252,
																	"$y":	-1579
																},
																"Solid":	"Empty"
															}]
													}
												},
												"Floor":	{
													"$Position":	{
														"$x":	3046,
														"$y":	-1260
													},
													"Type":	"BlockSet",
													"Skip":	false,
													"BlockSet":	{
														"$Position":	{
															"$x":	3705,
															"$y":	-1236
														},
														"Inclusive":	true,
														"Materials":	[{
																"$Position":	{
																	"$x":	4230,
																	"$y":	-1238
																},
																"Solid":	"Soil_Gravel"
															}, {
																"$Position":	{
																	"$x":	4219,
																	"$y":	-1070
																},
																"Solid":	"Soil_Pebbles"
															}]
													}
												}
											}
										},
										"Scanner":	{
											"$Position":	{
												"$x":	1765,
												"$y":	-1277
											},
											"Type":	"ColumnLinear",
											"Skip":	false,
											"MaxY":	5,
											"MinY":	-5,
											"RelativeToPosition":	true,
											"BaseHeightName":	"Base",
											"TopDownOrder":	true,
											"ResultCap":	1
										}
									}
								}],
							"Pattern":	{
								"$Position":	{
									"$x":	642,
									"$y":	-670
								},
								"Type":	"Floor",
								"Skip":	false,
								"Origin":	{
									"$Position":	{
										"$x":	1290,
										"$y":	-837
									},
									"Type":	"BlockSet",
									"Skip":	false,
									"BlockSet":	{
										"$Position":	{
											"$x":	1922,
											"$y":	-833
										},
										"Inclusive":	true,
										"Materials":	[{
												"$Position":	{
													"$x":	2419,
													"$y":	-852
												},
												"Solid":	"Empty"
											}]
									}
								},
								"Floor":	{
									"$Position":	{
										"$x":	1235,
										"$y":	-485
									},
									"Type":	"BlockSet",
									"Skip":	false,
									"BlockSet":	{
										"$Position":	{
											"$x":	1894,
											"$y":	-478
										},
										"Inclusive":	true,
										"Materials":	[{
												"$Position":	{
													"$x":	2401,
													"$y":	-477
												},
												"Solid":	"Soil_Gravel"
											}, {
												"$Position":	{
													"$x":	2405,
													"$y":	-313
												},
												"Solid":	"Soil_Pebbles"
											}]
									}
								}
							},
							"Scanner":	{
								"$Position":	{
									"$x":	562,
									"$y":	-1281
								},
								"Type":	"ColumnLinear",
								"Skip":	false,
								"MaxY":	30,
								"MinY":	0,
								"RelativeToPosition":	false,
								"BaseHeightName":	"Base",
								"TopDownOrder":	true,
								"ResultCap":	1
							}
						}]
				}
			}
		}],
	"$WorkspaceID":	"HytaleGenerator - Assignments",
	"$Groups":	[]
}