{
	"$Title":	"[ROOT] Constant Assignments",
	"$Position":	{
		"$x":	-366,
		"$y":	-81
	},
	"Type":	"Constant",
	"ExportAs":	"Plains1_Deeproot_Mushrooms",
	"Prop":	{
		"$Position":	{
			"$x":	710,
			"$y":	-164
		},
		"Type":	"Prefab",
		"Skip":	false,
		"WeightedPrefabPaths":	[{
				"$Position":	{
					"$x":	1487,
					"$y":	-353
				},
				"Path":	"Trees/Mushroom",
				"Weight":	100
			}],
		"LegacyPath":	false,
		"LoadEntities":	true,
		"Directionality":	{
			"$Position":	{
				"$x":	1501,
				"$y":	-143
			},
			"Type":	"Random",
			"Seed":	"A",
			"Pattern":	{
				"$Position":	{
					"$x":	2159,
					"$y":	-57
				},
				"Type":	"And",
				"Skip":	false,
				"Patterns":	[{
						"$Position":	{
							"$x":	2915,
							"$y":	-123
						},
						"Type":	"Offset",
						"Skip":	false,
						"Pattern":	{
							"$Position":	{
								"$x":	3613,
								"$y":	-131
							},
							"Type":	"Ceiling",
							"Skip":	false,
							"Ceiling":	{
								"$Position":	{
									"$x":	4312,
									"$y":	97
								},
								"Type":	"BlockSet",
								"Skip":	false,
								"BlockSet":	{
									"$Position":	{
										"$x":	4943,
										"$y":	95
									},
									"Inclusive":	true,
									"Materials":	[{
											"$Position":	{
												"$x":	5449,
												"$y":	106
											},
											"Solid":	"Rock_Stone"
										}]
								}
							},
							"Origin":	{
								"$Position":	{
									"$x":	4316,
									"$y":	-128
								},
								"Type":	"BlockType",
								"Skip":	false,
								"Material":	{
									"$Position":	{
										"$x":	4965,
										"$y":	-118
									},
									"Solid":	"Empty"
								}
							}
						},
						"Offset":	{
							"$Position":	{
								"$x":	3580,
								"$y":	54
							},
							"X":	0,
							"Y":	-1,
							"Z":	0
						}
					}, {
						"$Position":	{
							"$x":	2822,
							"$y":	265
						},
						"Type":	"Offset",
						"Skip":	false,
						"Pattern":	{
							"$Position":	{
								"$x":	3484,
								"$y":	262
							},
							"Type":	"BlockType",
							"Skip":	false,
							"Material":	{
								"$Position":	{
									"$x":	4101,
									"$y":	253
								},
								"Solid":	"Empty"
							}
						},
						"Offset":	{
							"$Position":	{
								"$x":	3487,
								"$y":	443
							},
							"X":	0,
							"Y":	-5,
							"Z":	0
						}
					}]
			}
		},
		"Scanner":	{
			"$Position":	{
				"$x":	1486,
				"$y":	45
			},
			"Type":	"ColumnLinear",
			"Skip":	false,
			"MaxY":	-10,
			"MinY":	-80,
			"RelativeToPosition":	false,
			"BaseHeightName":	"Base",
			"TopDownOrder":	false,
			"ResultCap":	1
		},
		"BlockMask":	{
			"$Position":	{
				"$x":	1466,
				"$y":	451
			},
			"DontReplace":	{
				"$Position":	{
					"$x":	1678,
					"$y":	566
				},
				"Inclusive":	false,
				"Materials":	[{
						"$Position":	{
							"$x":	2205,
							"$y":	577
						},
						"Solid":	"Empty"
					}]
			}
		},
		"MoldingDirection":	"None",
		"MoldingChildren":	false
	},
	"$WorkspaceID":	"HytaleGenerator - Assignments",
	"$Groups":	[{
			"$Position":	{
				"$x":	581.5,
				"$y":	-638.375
			},
			"$width":	5042.1875,
			"$height":	1196.8125,
			"$name":	"High Platforms"
		}]
}