{
	"$Title":	"[ROOT] Weighted Assignments",
	"$Position":	{
		"$x":	-1712,
		"$y":	3781
	},
	"Type":	"FieldFunction",
	"ExportAs":	"Plains1_Oak_Bushes",
	"FieldFunction":	{
		"$Position":	{
			"$x":	-954,
			"$y":	3790
		},
		"Type":	"SimplexNoise2D",
		"Skip":	false,
		"Lacunarity":	2,
		"Persistence":	0.5,
		"Octaves":	1,
		"Scale":	50,
		"Seed":	"A",
		"CacheSize":	16
	},
	"Delimiters":	[{
			"$Position":	{
				"$x":	-1004,
				"$y":	4233
			},
			"Max":	1,
			"Min":	0.9,
			"Assignments":	{
				"$Position":	{
					"$x":	-459,
					"$y":	4231
				},
				"Type":	"Constant",
				"Prop":	{
					"$Position":	{
						"$x":	191,
						"$y":	4213
					},
					"Type":	"Column",
					"Skip":	false,
					"ColumnBlocks":	[{
							"$Position":	{
								"$x":	893,
								"$y":	4207
							},
							"Y":	0,
							"Material":	{
								"$Position":	{
									"$x":	1384,
									"$y":	4160
								},
								"Solid":	"Plant_Bush_Green"
							}
						}],
					"Directionality":	{
						"$Position":	{
							"$x":	880,
							"$y":	4366
						},
						"Type":	"Static",
						"Rotation":	0,
						"Pattern":	{
							"$Position":	{
								"$x":	1512,
								"$y":	4368
							},
							"Type":	"Imported",
							"Skip":	false,
							"Name":	"Plains1_OakPattern_Floor"
						}
					},
					"Scanner":	{
						"$Position":	{
							"$x":	898,
							"$y":	4558
						},
						"Type":	"ColumnLinear",
						"Skip":	false,
						"MaxY":	60,
						"MinY":	0,
						"RelativeToPosition":	false,
						"BaseHeightName":	"Base",
						"TopDownOrder":	true,
						"ResultCap":	1
					}
				}
			}
		}],
	"$WorkspaceID":	"HytaleGenerator - Assignments",
	"$Groups":	[]
}