{
	"$Title":	"[ROOT] Constant Assignments",
	"$Position":	{
		"$x":	-621,
		"$y":	4486
	},
	"Type":	"Constant",
	"ExportAs":	"Plains1_Deeproot_Bushes",
	"Prop":	{
		"$Position":	{
			"$x":	46,
			"$y":	4472
		},
		"Type":	"Cluster",
		"Skip":	false,
		"Range":	10,
		"Seed":	"A",
		"DistanceCurve":	{
			"$Position":	{
				"$x":	757,
				"$y":	3673
			},
			"Type":	"Manual",
			"Points":	[{
					"$Position":	{
						"$x":	1417,
						"$y":	3524
					},
					"In":	4,
					"Out":	0.3
				}, {
					"$Position":	{
						"$x":	1414,
						"$y":	3672
					},
					"In":	5,
					"Out":	0
				}]
		},
		"WeightedProps":	[{
				"$Position":	{
					"$x":	805,
					"$y":	3964
				},
				"Weight":	1,
				"ColumnProp":	{
					"$Position":	{
						"$x":	1262,
						"$y":	3928
					},
					"Type":	"Column",
					"Skip":	false,
					"ColumnBlocks":	[{
							"$Position":	{
								"$x":	1954,
								"$y":	3897
							},
							"Y":	0,
							"Material":	{
								"$Position":	{
									"$x":	2424,
									"$y":	3850
								},
								"Solid":	"Plant_Bush"
							}
						}],
					"Directionality":	{
						"$Position":	{
							"$x":	1943,
							"$y":	4042
						},
						"Type":	"Static",
						"Rotation":	0,
						"Pattern":	{
							"$Position":	{
								"$x":	2578,
								"$y":	4042
							},
							"Type":	"Floor",
							"Skip":	false,
							"Origin":	{
								"$Position":	{
									"$x":	3210,
									"$y":	3886
								},
								"Type":	"BlockType",
								"Skip":	false,
								"Material":	{
									"$Position":	{
										"$x":	3887,
										"$y":	3883
									},
									"Solid":	"Empty"
								}
							},
							"Floor":	{
								"$Position":	{
									"$x":	3201,
									"$y":	4092
								},
								"Type":	"BlockSet",
								"Skip":	false,
								"BlockSet":	{
									"$Position":	{
										"$x":	3833,
										"$y":	4114
									},
									"Inclusive":	true,
									"Materials":	[{
											"$Position":	{
												"$x":	4356,
												"$y":	4088
											},
											"Solid":	"Soil_Pathway"
										}, {
											"$Position":	{
												"$x":	4374,
												"$y":	4259
											},
											"Solid":	"Soil_Grass_Deep"
										}, {
											"$Position":	{
												"$x":	4400,
												"$y":	4424
											},
											"Solid":	"Soil_Leaves"
										}, {
											"$Position":	{
												"$x":	4411,
												"$y":	4595
											},
											"Solid":	"Soil_Grass"
										}]
								}
							}
						}
					},
					"Scanner":	{
						"$Position":	{
							"$x":	1942,
							"$y":	4195
						},
						"Type":	"ColumnLinear",
						"Skip":	false,
						"MaxY":	3,
						"MinY":	-3,
						"RelativeToPosition":	true,
						"BaseHeightName":	"Base",
						"TopDownOrder":	true,
						"ResultCap":	1
					}
				}
			}],
		"Pattern":	{
			"$Position":	{
				"$x":	762,
				"$y":	4893
			},
			"Type":	"Floor",
			"Skip":	false,
			"Origin":	{
				"$Position":	{
					"$x":	1394,
					"$y":	4737
				},
				"Type":	"BlockType",
				"Skip":	false,
				"Material":	{
					"$Position":	{
						"$x":	2076,
						"$y":	4745
					},
					"Solid":	"Empty"
				}
			},
			"Floor":	{
				"$Position":	{
					"$x":	1385,
					"$y":	4943
				},
				"Type":	"BlockSet",
				"Skip":	false,
				"BlockSet":	{
					"$Position":	{
						"$x":	2017,
						"$y":	4965
					},
					"Inclusive":	true,
					"Materials":	[{
							"$Position":	{
								"$x":	2564,
								"$y":	4965
							},
							"Solid":	"Soil_Grass_Pathway"
						}, {
							"$Position":	{
								"$x":	2597,
								"$y":	5126
							},
							"Solid":	"Soil_Grass_Deep"
						}, {
							"$Position":	{
								"$x":	2575,
								"$y":	5294
							},
							"Solid":	"Soil_Leaves"
						}, {
							"$Position":	{
								"$x":	2561,
								"$y":	5447
							},
							"Solid":	"Soil_Grass"
						}]
				}
			}
		},
		"Scanner":	{
			"$Position":	{
				"$x":	797,
				"$y":	5134
			},
			"Type":	"ColumnLinear",
			"Skip":	false,
			"MaxY":	60,
			"MinY":	-30,
			"RelativeToPosition":	false,
			"BaseHeightName":	"Base",
			"TopDownOrder":	true,
			"ResultCap":	1
		}
	},
	"$WorkspaceID":	"HytaleGenerator - Assignments",
	"$Groups":	[]
}