{
	"$Title":	"[ROOT] Weighted Assignments",
	"$Position":	{
		"$x":	7731,
		"$y":	10944
	},
	"Type":	"FieldFunction",
	"ExportAs":	"Plains1_Oak_Cave_Boulders",
	"FieldFunction":	{
		"$Position":	{
			"$x":	8468,
			"$y":	10925
		},
		"Type":	"SimplexNoise2D",
		"Skip":	false,
		"Lacunarity":	2,
		"Persistence":	0.4,
		"Octaves":	2,
		"Scale":	60,
		"Seed":	"346136346"
	},
	"Delimiters":	[{
			"$Position":	{
				"$x":	8424,
				"$y":	11392
			},
			"Max":	0.4,
			"Min":	0.1,
			"Assignments":	{
				"$Position":	{
					"$x":	8981,
					"$y":	11389
				},
				"Type":	"Constant",
				"Prop":	{
					"$Position":	{
						"$x":	9805,
						"$y":	11380
					},
					"Type":	"Prefab",
					"Skip":	false,
					"WeightedPrefabPaths":	[{
							"$Position":	{
								"$x":	10569,
								"$y":	11368
							},
							"Path":	"Rock_Formations/Rocks/Chalk/Small/",
							"Weight":	100
						}],
					"LegacyPath":	false,
					"LoadEntities":	true,
					"Directionality":	{
						"$Position":	{
							"$x":	10553,
							"$y":	11634
						},
						"Type":	"Random",
						"Seed":	"A",
						"Pattern":	{
							"$Position":	{
								"$x":	11191,
								"$y":	11644
							},
							"Type":	"And",
							"Skip":	false,
							"Patterns":	[{
									"$Position":	{
										"$x":	11838,
										"$y":	11263
									},
									"Type":	"Offset",
									"Skip":	false,
									"Pattern":	{
										"$Position":	{
											"$x":	12480,
											"$y":	11105
										},
										"Type":	"BlockSet",
										"Skip":	false,
										"BlockSet":	{
											"$Position":	{
												"$x":	13108,
												"$y":	11123
											},
											"Inclusive":	true,
											"Materials":	[{
													"$Position":	{
														"$x":	13595,
														"$y":	11119
													},
													"Solid":	"Empty"
												}]
										}
									},
									"Offset":	{
										"$Position":	{
											"$x":	12486,
											"$y":	11301
										},
										"X":	0,
										"Y":	5,
										"Z":	0
									}
								}, {
									"$Position":	{
										"$x":	11828,
										"$y":	11641
									},
									"Type":	"Floor",
									"Skip":	false,
									"Origin":	{
										"$Position":	{
											"$x":	12441,
											"$y":	11488
										},
										"Type":	"BlockSet",
										"Skip":	false,
										"BlockSet":	{
											"$Position":	{
												"$x":	13094,
												"$y":	11480
											},
											"Inclusive":	true,
											"Materials":	[{
													"$Position":	{
														"$x":	13574,
														"$y":	11479
													},
													"Solid":	"Empty"
												}, {
													"$Position":	{
														"$x":	13572,
														"$y":	11632
													},
													"Fluid":	"Water_Source"
												}]
										}
									},
									"Floor":	{
										"$Position":	{
											"$x":	12451,
											"$y":	11791
										},
										"Type":	"BlockSet",
										"Skip":	false,
										"BlockSet":	{
											"$Position":	{
												"$x":	13086,
												"$y":	11787
											},
											"Inclusive":	true,
											"Materials":	[{
													"$Position":	{
														"$x":	13579,
														"$y":	11791
													},
													"Solid":	"Soil_Pebbles"
												}, {
													"$Position":	{
														"$x":	13577,
														"$y":	11957
													},
													"Solid":	"Soil_Dirt"
												}]
										}
									}
								}]
						}
					},
					"Scanner":	{
						"$Position":	{
							"$x":	10547,
							"$y":	11855
						},
						"Type":	"ColumnLinear",
						"Skip":	false,
						"MaxY":	0,
						"MinY":	-70,
						"RelativeToPosition":	false,
						"BaseHeightName":	"Base",
						"TopDownOrder":	true,
						"ResultCap":	1
					},
					"MoldingDirection":	"None",
					"MoldingChildren":	false
				}
			}
		}, {
			"$Position":	{
				"$x":	8501,
				"$y":	12910
			},
			"Max":	0.7,
			"Min":	0.4,
			"Assignments":	{
				"$Position":	{
					"$x":	9046,
					"$y":	12913
				},
				"Type":	"Constant",
				"Prop":	{
					"$Position":	{
						"$x":	9797,
						"$y":	12893
					},
					"Type":	"Prefab",
					"Skip":	false,
					"WeightedPrefabPaths":	[{
							"$Position":	{
								"$x":	10561,
								"$y":	12881
							},
							"Path":	"Rock_Formations/Rocks/Chalk/Medium/",
							"Weight":	100
						}],
					"LegacyPath":	false,
					"LoadEntities":	true,
					"Directionality":	{
						"$Position":	{
							"$x":	10545,
							"$y":	13147
						},
						"Type":	"Random",
						"Seed":	"A",
						"Pattern":	{
							"$Position":	{
								"$x":	11172,
								"$y":	13145
							},
							"Type":	"And",
							"Skip":	false,
							"Patterns":	[{
									"$Position":	{
										"$x":	11819,
										"$y":	12764
									},
									"Type":	"Offset",
									"Skip":	false,
									"Pattern":	{
										"$Position":	{
											"$x":	12470,
											"$y":	12623
										},
										"Type":	"BlockSet",
										"Skip":	false,
										"BlockSet":	{
											"$Position":	{
												"$x":	13111,
												"$y":	12634
											},
											"Inclusive":	true,
											"Materials":	[{
													"$Position":	{
														"$x":	13598,
														"$y":	12630
													},
													"Solid":	"Empty"
												}]
										}
									},
									"Offset":	{
										"$Position":	{
											"$x":	12467,
											"$y":	12802
										},
										"X":	0,
										"Y":	5,
										"Z":	0
									}
								}, {
									"$Position":	{
										"$x":	11809,
										"$y":	13142
									},
									"Type":	"Floor",
									"Skip":	false,
									"Origin":	{
										"$Position":	{
											"$x":	12422,
											"$y":	12989
										},
										"Type":	"BlockSet",
										"Skip":	false,
										"BlockSet":	{
											"$Position":	{
												"$x":	13097,
												"$y":	12991
											},
											"Inclusive":	true,
											"Materials":	[{
													"$Position":	{
														"$x":	13577,
														"$y":	12990
													},
													"Solid":	"Empty"
												}, {
													"$Position":	{
														"$x":	13575,
														"$y":	13143
													},
													"Fluid":	"Water_Source"
												}]
										}
									},
									"Floor":	{
										"$Position":	{
											"$x":	12432,
											"$y":	13292
										},
										"Type":	"BlockSet",
										"Skip":	false,
										"BlockSet":	{
											"$Position":	{
												"$x":	13060,
												"$y":	13298
											},
											"Inclusive":	true,
											"Materials":	[{
													"$Position":	{
														"$x":	13553,
														"$y":	13302
													},
													"Solid":	"Soil_Pebbles"
												}, {
													"$Position":	{
														"$x":	13551,
														"$y":	13468
													},
													"Solid":	"Soil_Dirt"
												}]
										}
									}
								}]
						}
					},
					"Scanner":	{
						"$Position":	{
							"$x":	10539,
							"$y":	13368
						},
						"Type":	"ColumnLinear",
						"Skip":	false,
						"MaxY":	0,
						"MinY":	-70,
						"RelativeToPosition":	false,
						"BaseHeightName":	"Base",
						"TopDownOrder":	true,
						"ResultCap":	1
					},
					"MoldingDirection":	"None",
					"MoldingChildren":	false
				}
			}
		}, {
			"$Position":	{
				"$x":	8544,
				"$y":	14215
			},
			"Max":	1,
			"Min":	0.7,
			"Assignments":	{
				"$Position":	{
					"$x":	9089,
					"$y":	14218
				},
				"Type":	"Constant",
				"Prop":	{
					"$Position":	{
						"$x":	9912,
						"$y":	14179
					},
					"Type":	"Prefab",
					"Skip":	false,
					"WeightedPrefabPaths":	[{
							"$Position":	{
								"$x":	10676,
								"$y":	14167
							},
							"Path":	"Rock_Formations/Rocks/Chalk/Large/",
							"Weight":	100
						}],
					"LegacyPath":	false,
					"LoadEntities":	true,
					"Directionality":	{
						"$Position":	{
							"$x":	10660,
							"$y":	14433
						},
						"Type":	"Random",
						"Seed":	"A",
						"Pattern":	{
							"$Position":	{
								"$x":	11287,
								"$y":	14431
							},
							"Type":	"And",
							"Skip":	false,
							"Patterns":	[{
									"$Position":	{
										"$x":	11934,
										"$y":	14050
									},
									"Type":	"Offset",
									"Skip":	false,
									"Pattern":	{
										"$Position":	{
											"$x":	12576,
											"$y":	13882
										},
										"Type":	"BlockSet",
										"Skip":	false,
										"BlockSet":	{
											"$Position":	{
												"$x":	13229,
												"$y":	13886
											},
											"Inclusive":	true,
											"Materials":	[{
													"$Position":	{
														"$x":	13716,
														"$y":	13882
													},
													"Solid":	"Empty"
												}]
										}
									},
									"Offset":	{
										"$Position":	{
											"$x":	12582,
											"$y":	14088
										},
										"X":	0,
										"Y":	8,
										"Z":	0
									}
								}, {
									"$Position":	{
										"$x":	11924,
										"$y":	14428
									},
									"Type":	"Floor",
									"Skip":	false,
									"Origin":	{
										"$Position":	{
											"$x":	12537,
											"$y":	14275
										},
										"Type":	"BlockSet",
										"Skip":	false,
										"BlockSet":	{
											"$Position":	{
												"$x":	13215,
												"$y":	14243
											},
											"Inclusive":	true,
											"Materials":	[{
													"$Position":	{
														"$x":	13695,
														"$y":	14242
													},
													"Solid":	"Empty"
												}, {
													"$Position":	{
														"$x":	13693,
														"$y":	14395
													},
													"Fluid":	"Water_Source"
												}]
										}
									},
									"Floor":	{
										"$Position":	{
											"$x":	12547,
											"$y":	14578
										},
										"Type":	"BlockSet",
										"Skip":	false,
										"BlockSet":	{
											"$Position":	{
												"$x":	13183,
												"$y":	14585
											},
											"Inclusive":	true,
											"Materials":	[{
													"$Position":	{
														"$x":	13676,
														"$y":	14589
													},
													"Solid":	"Soil_Pebbles"
												}, {
													"$Position":	{
														"$x":	13674,
														"$y":	14755
													},
													"Solid":	"Soil_Dirt"
												}]
										}
									}
								}]
						}
					},
					"Scanner":	{
						"$Position":	{
							"$x":	10654,
							"$y":	14654
						},
						"Type":	"ColumnLinear",
						"Skip":	false,
						"MaxY":	0,
						"MinY":	-70,
						"RelativeToPosition":	false,
						"BaseHeightName":	"Base",
						"TopDownOrder":	true,
						"ResultCap":	1
					},
					"MoldingDirection":	"None",
					"MoldingChildren":	false
				}
			}
		}],
	"$WorkspaceID":	"HytaleGenerator - Assignments",
	"$Groups":	[]
}