{
	"$Title":	"[ROOT] Weighted Assignments",
	"$Position":	{
		"$x":	13750,
		"$y":	5168
	},
	"Type":	"FieldFunction",
	"ExportAs":	"Plains1_Oak_Stalactites",
	"FieldFunction":	{
		"$Position":	{
			"$x":	14777,
			"$y":	1906
		},
		"Type":	"SimplexNoise2D",
		"Skip":	false,
		"Lacunarity":	2,
		"Persistence":	0.5,
		"Octaves":	1,
		"Scale":	17,
		"Seed":	"A"
	},
	"Delimiters":	[{
			"$Position":	{
				"$x":	14792,
				"$y":	2338
			},
			"Max":	-0.6,
			"Min":	-0.9,
			"Assignments":	{
				"$Position":	{
					"$x":	15294,
					"$y":	2334
				},
				"Type":	"Weighted",
				"SkipChance":	0.75,
				"Seed":	"A",
				"WeightedAssignments":	[{
						"$Position":	{
							"$x":	16046,
							"$y":	2338
						},
						"Weight":	1,
						"Assignments":	{
							"$Position":	{
								"$x":	16529,
								"$y":	2339
							},
							"Type":	"Constant",
							"Prop":	{
								"$Position":	{
									"$x":	17223,
									"$y":	2338
								},
								"Type":	"Union",
								"Skip":	false,
								"Props":	[{
										"$Position":	{
											"$x":	17871,
											"$y":	2310
										},
										"Type":	"Column",
										"Skip":	false,
										"ColumnBlocks":	[{
												"$Position":	{
													"$x":	18573,
													"$y":	2304
												},
												"Y":	0,
												"Material":	{
													"$Position":	{
														"$x":	19017,
														"$y":	2288
													},
													"Solid":	"Plant_Roots_Cave|Pitch=180"
												}
											}],
										"Directionality":	{
											"$Position":	{
												"$x":	18577,
												"$y":	2484
											},
											"Type":	"Static",
											"Rotation":	0,
											"Pattern":	{
												"$Position":	{
													"$x":	19208,
													"$y":	2494
												},
												"Type":	"Ceiling",
												"Skip":	false,
												"Ceiling":	{
													"$Position":	{
														"$x":	19837,
														"$y":	2515
													},
													"Type":	"BlockSet",
													"Skip":	false,
													"BlockSet":	{
														"$Position":	{
															"$x":	20496,
															"$y":	2525
														},
														"Inclusive":	true,
														"Materials":	[{
																"$Position":	{
																	"$x":	21007,
																	"$y":	2053
																},
																"Solid":	"Soil_Dirt"
															}, {
																"$Position":	{
																	"$x":	21001,
																	"$y":	2203
																},
																"Solid":	"Soil_Grass"
															}, {
																"$Position":	{
																	"$x":	21011,
																	"$y":	2350
																},
																"Solid":	"Soil_Grass_Sunny"
															}, {
																"$Position":	{
																	"$x":	20992,
																	"$y":	2512
																},
																"Solid":	"Rock_Marble"
															}, {
																"$Position":	{
																	"$x":	20996,
																	"$y":	2683
																},
																"Solid":	"Rock_Chalk"
															}]
													}
												},
												"Origin":	{
													"$Position":	{
														"$x":	19863,
														"$y":	2839
													},
													"Type":	"BlockSet",
													"Skip":	false,
													"BlockSet":	{
														"$Position":	{
															"$x":	20495,
															"$y":	2844
														},
														"Inclusive":	true,
														"Materials":	[{
																"$Position":	{
																	"$x":	20988,
																	"$y":	2844
																},
																"Solid":	"Empty"
															}]
													}
												}
											}
										},
										"Scanner":	{
											"$Position":	{
												"$x":	18578,
												"$y":	2654
											},
											"Type":	"ColumnLinear",
											"Skip":	false,
											"MaxY":	15,
											"MinY":	-10,
											"RelativeToPosition":	false,
											"BaseHeightName":	"Base",
											"TopDownOrder":	true,
											"ResultCap":	2
										}
									}]
							}
						}
					}]
			}
		}, {
			"$Position":	{
				"$x":	14815,
				"$y":	3838
			},
			"Max":	0.8,
			"Min":	0.75,
			"Assignments":	{
				"$Position":	{
					"$x":	15360,
					"$y":	3836
				},
				"Type":	"Constant",
				"Prop":	{
					"$Position":	{
						"$x":	16028,
						"$y":	3816
					},
					"Type":	"Union",
					"Skip":	false,
					"Props":	[{
							"$Position":	{
								"$x":	16643,
								"$y":	3821
							},
							"Type":	"Column",
							"Skip":	false,
							"ColumnBlocks":	[{
									"$Position":	{
										"$x":	17381,
										"$y":	3623
									},
									"Y":	1,
									"Material":	{
										"$Position":	{
											"$x":	17834,
											"$y":	3611
										},
										"Solid":	"Rock_Marble"
									}
								}, {
									"$Position":	{
										"$x":	17385,
										"$y":	3781
									},
									"Y":	0,
									"Material":	{
										"$Position":	{
											"$x":	17838,
											"$y":	3769
										},
										"Solid":	"Rock_Marble_Stalactite_Small|Pitch=180"
									}
								}],
							"Directionality":	{
								"$Position":	{
									"$x":	17332,
									"$y":	3974
								},
								"Type":	"Static",
								"Rotation":	0,
								"Pattern":	{
									"$Position":	{
										"$x":	17950,
										"$y":	3987
									},
									"Type":	"Ceiling",
									"Skip":	false,
									"Ceiling":	{
										"$Position":	{
											"$x":	18560,
											"$y":	4191
										},
										"Type":	"BlockSet",
										"Skip":	false,
										"BlockSet":	{
											"$Position":	{
												"$x":	19192,
												"$y":	4196
											},
											"Inclusive":	true,
											"Materials":	[{
													"$Position":	{
														"$x":	19718,
														"$y":	3997
													},
													"Solid":	"Rock_Marble"
												}, {
													"$Position":	{
														"$x":	19714,
														"$y":	4144
													},
													"Solid":	"Rock_Chalk"
												}, {
													"$Position":	{
														"$x":	19718,
														"$y":	4293
													},
													"Solid":	"Rock_Stone"
												}]
										}
									},
									"Origin":	{
										"$Position":	{
											"$x":	18615,
											"$y":	3838
										},
										"Type":	"BlockSet",
										"Skip":	false,
										"BlockSet":	{
											"$Position":	{
												"$x":	19247,
												"$y":	3843
											},
											"Inclusive":	true,
											"Materials":	[{
													"$Position":	{
														"$x":	19735,
														"$y":	3816
													},
													"Solid":	"Empty"
												}]
										}
									}
								}
							},
							"Scanner":	{
								"$Position":	{
									"$x":	17275,
									"$y":	4221
								},
								"Type":	"ColumnLinear",
								"Skip":	false,
								"MaxY":	20,
								"MinY":	-50,
								"RelativeToPosition":	false,
								"BaseHeightName":	"Base",
								"TopDownOrder":	true,
								"ResultCap":	1
							}
						}, {
							"$Position":	{
								"$x":	16616,
								"$y":	4788
							},
							"Type":	"Column",
							"Skip":	false,
							"ColumnBlocks":	[{
									"$Position":	{
										"$x":	17311,
										"$y":	4628
									},
									"Y":	-1,
									"Material":	{
										"$Position":	{
											"$x":	17764,
											"$y":	4616
										},
										"Solid":	"Rock_Marble"
									}
								}, {
									"$Position":	{
										"$x":	17318,
										"$y":	4782
									},
									"Y":	0,
									"Material":	{
										"$Position":	{
											"$x":	17761,
											"$y":	4763
										},
										"Solid":	"Rock_Marble_Stalactite_Small"
									}
								}],
							"Directionality":	{
								"$Position":	{
									"$x":	17305,
									"$y":	4941
								},
								"Type":	"Static",
								"Rotation":	0,
								"Pattern":	{
									"$Position":	{
										"$x":	17940,
										"$y":	4924
									},
									"Type":	"Floor",
									"Skip":	false,
									"Origin":	{
										"$Position":	{
											"$x":	18588,
											"$y":	4805
										},
										"Type":	"BlockSet",
										"Skip":	false,
										"BlockSet":	{
											"$Position":	{
												"$x":	19220,
												"$y":	4810
											},
											"Inclusive":	true,
											"Materials":	[{
													"$Position":	{
														"$x":	19760,
														"$y":	4719
													},
													"Solid":	"Empty"
												}]
										}
									},
									"Floor":	{
										"$Position":	{
											"$x":	18533,
											"$y":	5158
										},
										"Type":	"BlockSet",
										"Skip":	false,
										"BlockSet":	{
											"$Position":	{
												"$x":	19165,
												"$y":	5163
											},
											"Inclusive":	true,
											"Materials":	[{
													"$Position":	{
														"$x":	19741,
														"$y":	4993
													},
													"Solid":	"Rock_Marble"
												}, {
													"$Position":	{
														"$x":	19739,
														"$y":	5136
													},
													"Solid":	"Soil_Pebbles"
												}, {
													"$Position":	{
														"$x":	19738,
														"$y":	5285
													},
													"Solid":	"Rock_Chalk"
												}, {
													"$Position":	{
														"$x":	19738,
														"$y":	5433
													},
													"Solid":	"Rock_Stone"
												}]
										}
									}
								}
							},
							"Scanner":	{
								"$Position":	{
									"$x":	17323,
									"$y":	5133
								},
								"Type":	"ColumnLinear",
								"Skip":	false,
								"MaxY":	0,
								"MinY":	-50,
								"RelativeToPosition":	false,
								"BaseHeightName":	"Base",
								"TopDownOrder":	true,
								"ResultCap":	1
							}
						}]
				}
			}
		}, {
			"$Position":	{
				"$x":	14850,
				"$y":	6128
			},
			"Max":	0.85,
			"Min":	0.8,
			"Assignments":	{
				"$Position":	{
					"$x":	15395,
					"$y":	6126
				},
				"Type":	"Constant",
				"Prop":	{
					"$Position":	{
						"$x":	16033,
						"$y":	6124
					},
					"Type":	"Union",
					"Skip":	false,
					"Props":	[{
							"$Position":	{
								"$x":	16651,
								"$y":	6134
							},
							"Type":	"Column",
							"Skip":	false,
							"ColumnBlocks":	[{
									"$Position":	{
										"$x":	17350,
										"$y":	5956
									},
									"Y":	1,
									"Material":	{
										"$Position":	{
											"$x":	17803,
											"$y":	5944
										},
										"Solid":	"Rock_Marble"
									}
								}, {
									"$Position":	{
										"$x":	17353,
										"$y":	6128
									},
									"Y":	0,
									"Material":	{
										"$Position":	{
											"$x":	17815,
											"$y":	6098
										},
										"Solid":	"Rock_Marble_Stalactite_Large|Pitch=180"
									}
								}],
							"Directionality":	{
								"$Position":	{
									"$x":	17340,
									"$y":	6287
								},
								"Type":	"Static",
								"Rotation":	0,
								"Pattern":	{
									"$Position":	{
										"$x":	17958,
										"$y":	6300
									},
									"Type":	"Ceiling",
									"Skip":	false,
									"Ceiling":	{
										"$Position":	{
											"$x":	18568,
											"$y":	6504
										},
										"Type":	"BlockSet",
										"Skip":	false,
										"BlockSet":	{
											"$Position":	{
												"$x":	19200,
												"$y":	6509
											},
											"Inclusive":	true,
											"Materials":	[{
													"$Position":	{
														"$x":	19700,
														"$y":	6509
													},
													"Solid":	"Rock_Chalk"
												}, {
													"$Position":	{
														"$x":	19703,
														"$y":	6659
													},
													"Solid":	"Rock_Marble"
												}]
										}
									},
									"Origin":	{
										"$Position":	{
											"$x":	18623,
											"$y":	6151
										},
										"Type":	"BlockSet",
										"Skip":	false,
										"BlockSet":	{
											"$Position":	{
												"$x":	19255,
												"$y":	6156
											},
											"Inclusive":	true,
											"Materials":	[{
													"$Position":	{
														"$x":	19725,
														"$y":	6162
													},
													"Solid":	"Empty"
												}]
										}
									}
								}
							},
							"Scanner":	{
								"$Position":	{
									"$x":	17353,
									"$y":	6519
								},
								"Type":	"ColumnLinear",
								"Skip":	false,
								"MaxY":	20,
								"MinY":	-50,
								"RelativeToPosition":	false,
								"BaseHeightName":	"Base",
								"TopDownOrder":	true,
								"ResultCap":	1
							}
						}, {
							"$Position":	{
								"$x":	16671,
								"$y":	7162
							},
							"Type":	"Column",
							"Skip":	false,
							"ColumnBlocks":	[{
									"$Position":	{
										"$x":	17382,
										"$y":	6988
									},
									"Y":	-1,
									"Material":	{
										"$Position":	{
											"$x":	17835,
											"$y":	6976
										},
										"Solid":	"Rock_Marble"
									}
								}, {
									"$Position":	{
										"$x":	17373,
										"$y":	7156
									},
									"Y":	0,
									"Material":	{
										"$Position":	{
											"$x":	17835,
											"$y":	7136
										},
										"Solid":	"Rock_Marble_Stalactite_Large"
									}
								}],
							"Directionality":	{
								"$Position":	{
									"$x":	17360,
									"$y":	7315
								},
								"Type":	"Static",
								"Rotation":	0,
								"Pattern":	{
									"$Position":	{
										"$x":	17980,
										"$y":	7376
									},
									"Type":	"Floor",
									"Skip":	false,
									"Origin":	{
										"$Position":	{
											"$x":	18643,
											"$y":	7179
										},
										"Type":	"BlockSet",
										"Skip":	false,
										"BlockSet":	{
											"$Position":	{
												"$x":	19275,
												"$y":	7184
											},
											"Inclusive":	true,
											"Materials":	[{
													"$Position":	{
														"$x":	19757,
														"$y":	7176
													},
													"Solid":	"Empty"
												}]
										}
									},
									"Floor":	{
										"$Position":	{
											"$x":	18588,
											"$y":	7532
										},
										"Type":	"BlockSet",
										"Skip":	false,
										"BlockSet":	{
											"$Position":	{
												"$x":	19220,
												"$y":	7537
											},
											"Inclusive":	true,
											"Materials":	[{
													"$Position":	{
														"$x":	19758,
														"$y":	7538
													},
													"Solid":	"Rock_Marble"
												}, {
													"$Position":	{
														"$x":	19761,
														"$y":	7688
													},
													"Solid":	"Rock_Chalk"
												}, {
													"$Position":	{
														"$x":	19760,
														"$y":	7835
													},
													"Solid":	"Rock_Stone"
												}, {
													"$Position":	{
														"$x":	19769,
														"$y":	7985
													},
													"Solid":	"Soil_Pebbles"
												}]
										}
									}
								}
							},
							"Scanner":	{
								"$Position":	{
									"$x":	17355,
									"$y":	7507
								},
								"Type":	"ColumnLinear",
								"Skip":	false,
								"MaxY":	0,
								"MinY":	-50,
								"RelativeToPosition":	false,
								"BaseHeightName":	"Base",
								"TopDownOrder":	true,
								"ResultCap":	1
							}
						}]
				}
			}
		}, {
			"$Position":	{
				"$x":	14803,
				"$y":	8630
			},
			"Max":	1,
			"Min":	0.85,
			"Assignments":	{
				"$Position":	{
					"$x":	15383,
					"$y":	8635
				},
				"Type":	"Constant",
				"Prop":	{
					"$Position":	{
						"$x":	16033,
						"$y":	8626
					},
					"Type":	"Union",
					"Skip":	false,
					"Props":	[{
							"$Position":	{
								"$x":	16684,
								"$y":	8625
							},
							"Type":	"Column",
							"Skip":	false,
							"ColumnBlocks":	[{
									"$Position":	{
										"$x":	17392,
										"$y":	8271
									},
									"Y":	1,
									"Material":	{
										"$Position":	{
											"$x":	17845,
											"$y":	8259
										},
										"Solid":	"Rock_Marble"
									}
								}, {
									"$Position":	{
										"$x":	17383,
										"$y":	8455
									},
									"Y":	-1,
									"Material":	{
										"$Position":	{
											"$x":	17874,
											"$y":	8427
										},
										"Solid":	"Rock_Marble_Stalactite_Large|Pitch=180"
									}
								}, {
									"$Position":	{
										"$x":	17386,
										"$y":	8619
									},
									"Y":	0,
									"Material":	{
										"$Position":	{
											"$x":	17830,
											"$y":	8608
										},
										"Solid":	"Rock_Marble"
									}
								}],
							"Directionality":	{
								"$Position":	{
									"$x":	17373,
									"$y":	8778
								},
								"Type":	"Static",
								"Rotation":	0,
								"Pattern":	{
									"$Position":	{
										"$x":	18007,
										"$y":	8793
									},
									"Type":	"Ceiling",
									"Skip":	false,
									"Ceiling":	{
										"$Position":	{
											"$x":	18601,
											"$y":	8995
										},
										"Type":	"BlockSet",
										"Skip":	false,
										"BlockSet":	{
											"$Position":	{
												"$x":	19233,
												"$y":	9000
											},
											"Inclusive":	true,
											"Materials":	[{
													"$Position":	{
														"$x":	19728,
														"$y":	8999
													},
													"Solid":	"Rock_Chalk"
												}, {
													"$Position":	{
														"$x":	19730,
														"$y":	9149
													},
													"Solid":	"Rock_Marble"
												}]
										}
									},
									"Origin":	{
										"$Position":	{
											"$x":	18656,
											"$y":	8642
										},
										"Type":	"BlockSet",
										"Skip":	false,
										"BlockSet":	{
											"$Position":	{
												"$x":	19288,
												"$y":	8647
											},
											"Inclusive":	true,
											"Materials":	[{
													"$Position":	{
														"$x":	19766,
														"$y":	8652
													},
													"Solid":	"Empty"
												}]
										}
									}
								}
							},
							"Scanner":	{
								"$Position":	{
									"$x":	17391,
									"$y":	8970
								},
								"Type":	"ColumnLinear",
								"Skip":	false,
								"MaxY":	20,
								"MinY":	-50,
								"RelativeToPosition":	false,
								"BaseHeightName":	"Base",
								"TopDownOrder":	true,
								"ResultCap":	1
							}
						}, {
							"$Position":	{
								"$x":	16670,
								"$y":	9815
							},
							"Type":	"Column",
							"Skip":	false,
							"ColumnBlocks":	[{
									"$Position":	{
										"$x":	17377,
										"$y":	9440
									},
									"Y":	-1,
									"Material":	{
										"$Position":	{
											"$x":	17830,
											"$y":	9428
										},
										"Solid":	"Rock_Marble"
									}
								}, {
									"$Position":	{
										"$x":	17369,
										"$y":	9645
									},
									"Y":	1,
									"Material":	{
										"$Position":	{
											"$x":	17850,
											"$y":	9613
										},
										"Solid":	"Rock_Marble_Stalactite_Large"
									}
								}, {
									"$Position":	{
										"$x":	17372,
										"$y":	9809
									},
									"Y":	0,
									"Material":	{
										"$Position":	{
											"$x":	17795,
											"$y":	9783
										},
										"Solid":	"Rock_Marble"
									}
								}],
							"Directionality":	{
								"$Position":	{
									"$x":	17359,
									"$y":	9968
								},
								"Type":	"Static",
								"Rotation":	0,
								"Pattern":	{
									"$Position":	{
										"$x":	17977,
										"$y":	9974
									},
									"Type":	"Floor",
									"Skip":	false,
									"Origin":	{
										"$Position":	{
											"$x":	18642,
											"$y":	9832
										},
										"Type":	"BlockSet",
										"Skip":	false,
										"BlockSet":	{
											"$Position":	{
												"$x":	19274,
												"$y":	9837
											},
											"Inclusive":	true,
											"Materials":	[{
													"$Position":	{
														"$x":	19752,
														"$y":	9840
													},
													"Solid":	"Empty"
												}]
										}
									},
									"Floor":	{
										"$Position":	{
											"$x":	18587,
											"$y":	10185
										},
										"Type":	"BlockSet",
										"Skip":	false,
										"BlockSet":	{
											"$Position":	{
												"$x":	19233,
												"$y":	10202
											},
											"Inclusive":	true,
											"Materials":	[{
													"$Position":	{
														"$x":	19771,
														"$y":	10202
													},
													"Solid":	"Rock_Marble"
												}, {
													"$Position":	{
														"$x":	19774,
														"$y":	10352
													},
													"Solid":	"Rock_Chalk"
												}, {
													"$Position":	{
														"$x":	19773,
														"$y":	10499
													},
													"Solid":	"Rock_Stone"
												}, {
													"$Position":	{
														"$x":	19782,
														"$y":	10649
													},
													"Solid":	"Soil_Pebbles"
												}]
										}
									}
								}
							},
							"Scanner":	{
								"$Position":	{
									"$x":	17377,
									"$y":	10160
								},
								"Type":	"ColumnLinear",
								"Skip":	false,
								"MaxY":	0,
								"MinY":	-50,
								"RelativeToPosition":	false,
								"BaseHeightName":	"Base",
								"TopDownOrder":	true,
								"ResultCap":	1
							}
						}]
				}
			}
		}],
	"$WorkspaceID":	"HytaleGenerator - Assignments",
	"$Groups":	[]
}