{
	"$Title":	"[ROOT] Weighted Assignments",
	"$Position":	{
		"$x":	2535,
		"$y":	12864
	},
	"Type":	"Constant",
	"ExportAs":	"Plains1_Oak_Boulders",
	"Prop":	{
		"$Position":	{
			"$x":	3358,
			"$y":	12825
		},
		"Type":	"Prefab",
		"Skip":	false,
		"WeightedPrefabPaths":	[{
				"$Position":	{
					"$x":	4158,
					"$y":	12501
				},
				"Path":	"Rock_Formations/Rocks/Chalk/Medium",
				"Weight":	20
			}, {
				"$Position":	{
					"$x":	4160,
					"$y":	12684
				},
				"Path":	"Rock_Formations/Rocks/Chalk/Small",
				"Weight":	80
			}],
		"LegacyPath":	false,
		"LoadEntities":	true,
		"Directionality":	{
			"$Position":	{
				"$x":	4144,
				"$y":	12950
			},
			"Type":	"Random",
			"Seed":	"A",
			"Pattern":	{
				"$Position":	{
					"$x":	4776,
					"$y":	12932
				},
				"Type":	"Floor",
				"Skip":	false,
				"Origin":	{
					"$Position":	{
						"$x":	5380,
						"$y":	12903
					},
					"Type":	"BlockType",
					"Skip":	false,
					"Material":	{
						"$Position":	{
							"$x":	6005,
							"$y":	12888
						},
						"Solid":	"Empty"
					}
				},
				"Floor":	{
					"$Position":	{
						"$x":	5375,
						"$y":	13071
					},
					"Type":	"BlockSet",
					"Skip":	false,
					"BlockSet":	{
						"$Position":	{
							"$x":	6011,
							"$y":	13094
						},
						"Inclusive":	true,
						"Materials":	[{
								"$Position":	{
									"$x":	6486,
									"$y":	13091
								},
								"Solid":	"Soil_Gravel"
							}, {
								"$Position":	{
									"$x":	6485,
									"$y":	13249
								},
								"Solid":	"Soil_Pebbles"
							}]
					}
				}
			}
		},
		"Scanner":	{
			"$Position":	{
				"$x":	4124,
				"$y":	13207
			},
			"Type":	"ColumnLinear",
			"Skip":	false,
			"MaxY":	20,
			"MinY":	0,
			"RelativeToPosition":	false,
			"BaseHeightName":	"Base",
			"TopDownOrder":	false,
			"ResultCap":	1
		},
		"MoldingDirection":	"None",
		"MoldingChildren":	false
	},
	"$WorkspaceID":	"HytaleGenerator - Assignments",
	"$Groups":	[]
}