{
	"$Title":	"[ROOT] Weighted Assignments",
	"$Position":	{
		"$x":	7407,
		"$y":	-732
	},
	"Type":	"FieldFunction",
	"ExportAs":	"Plains1_Gorges_Bushes",
	"FieldFunction":	{
		"$Position":	{
			"$x":	8750,
			"$y":	-1003
		},
		"Type":	"SimplexNoise2D",
		"Skip":	false,
		"Lacunarity":	2,
		"Persistence":	3,
		"Octaves":	2,
		"Scale":	20,
		"Seed":	"Bush"
	},
	"Delimiters":	[{
			"$Position":	{
				"$x":	8415,
				"$y":	172
			},
			"Max":	-0.65,
			"Min":	-1,
			"Assignments":	{
				"$Position":	{
					"$x":	8921,
					"$y":	181
				},
				"Type":	"Weighted",
				"SkipChance":	0.2,
				"Seed":	"A",
				"WeightedAssignments":	[{
						"$Position":	{
							"$x":	9672,
							"$y":	184
						},
						"Weight":	1,
						"Assignments":	{
							"$Position":	{
								"$x":	10219,
								"$y":	170
							},
							"Type":	"Constant",
							"Prop":	{
								"$Position":	{
									"$x":	10870,
									"$y":	152
								},
								"Type":	"Column",
								"Skip":	false,
								"ColumnBlocks":	[{
										"$Position":	{
											"$x":	11572,
											"$y":	151
										},
										"Y":	0,
										"Material":	{
											"$Position":	{
												"$x":	12128,
												"$y":	97
											},
											"Solid":	"Plant_Bush"
										}
									}],
								"Directionality":	{
									"$Position":	{
										"$x":	11559,
										"$y":	310
									},
									"Type":	"Static",
									"Rotation":	0,
									"Pattern":	{
										"$Position":	{
											"$x":	12194,
											"$y":	342
										},
										"Type":	"Floor",
										"ExportAs":	"Plains1_OakPattern_Floor_Grass",
										"Skip":	false,
										"Origin":	{
											"$Position":	{
												"$x":	12842,
												"$y":	174
											},
											"Type":	"BlockSet",
											"Skip":	false,
											"BlockSet":	{
												"$Position":	{
													"$x":	13474,
													"$y":	179
												},
												"Inclusive":	true,
												"Materials":	[{
														"$Position":	{
															"$x":	13892,
															"$y":	195
														},
														"Solid":	"Empty"
													}]
											}
										},
										"Floor":	{
											"$Position":	{
												"$x":	12787,
												"$y":	527
											},
											"Type":	"BlockSet",
											"Skip":	false,
											"BlockSet":	{
												"$Position":	{
													"$x":	13446,
													"$y":	537
												},
												"Inclusive":	true,
												"Materials":	[{
														"$Position":	{
															"$x":	13990,
															"$y":	615
														},
														"Solid":	"Soil_Grass_Deep"
													}, {
														"$Position":	{
															"$x":	14001,
															"$y":	823
														},
														"Solid":	"Soil_Grass_Sunny"
													}, {
														"$Position":	{
															"$x":	13995,
															"$y":	1035
														},
														"Solid":	"Soil_Grass_Full"
													}, {
														"$Position":	{
															"$x":	14006,
															"$y":	1213
														},
														"Solid":	"Soil_Grass"
													}]
											}
										}
									}
								},
								"Scanner":	{
									"$Position":	{
										"$x":	11577,
										"$y":	502
									},
									"Type":	"ColumnLinear",
									"Skip":	false,
									"MaxY":	80,
									"MinY":	0,
									"RelativeToPosition":	false,
									"BaseHeightName":	"Base",
									"TopDownOrder":	true,
									"ResultCap":	1
								}
							}
						}
					}]
			}
		}],
	"$WorkspaceID":	"HytaleGenerator - Assignments",
	"$Groups":	[]
}