{
	"$Title":	"[ROOT] Weighted Assignments",
	"$Position":	{
		"$x":	14101,
		"$y":	2208
	},
	"Type":	"FieldFunction",
	"ExportAs":	"Plains1_Deeproot_Stalactites",
	"FieldFunction":	{
		"$Position":	{
			"$x":	14719,
			"$y":	427
		},
		"Type":	"SimplexNoise2D",
		"Skip":	false,
		"Lacunarity":	2,
		"Persistence":	0.5,
		"Octaves":	1,
		"Scale":	17,
		"Seed":	"A"
	},
	"Delimiters":	[{
			"$Position":	{
				"$x":	14896,
				"$y":	1436
			},
			"Max":	-0.85,
			"Min":	-1,
			"Assignments":	{
				"$Position":	{
					"$x":	15396,
					"$y":	1485
				},
				"Type":	"Constant",
				"Prop":	{
					"$Position":	{
						"$x":	16061,
						"$y":	1476
					},
					"Type":	"Column",
					"Skip":	false,
					"ColumnBlocks":	[{
							"$Position":	{
								"$x":	16738,
								"$y":	1071
							},
							"Y":	-2,
							"Material":	{
								"$Position":	{
									"$x":	17155,
									"$y":	1066
								},
								"Solid":	"Plant_Vine_Thick_Vertical"
							}
						}, {
							"$Position":	{
								"$x":	16743,
								"$y":	1260
							},
							"Y":	-1,
							"Material":	{
								"$Position":	{
									"$x":	17167,
									"$y":	1257
								},
								"Solid":	"Plant_Vine_Thick_Vertical"
							}
						}, {
							"$Position":	{
								"$x":	16746,
								"$y":	1415
							},
							"Y":	0,
							"Material":	{
								"$Position":	{
									"$x":	17156,
									"$y":	1419
								},
								"Solid":	"Plant_Vine_Thick_Roots"
							}
						}],
					"Directionality":	{
						"$Position":	{
							"$x":	16736,
							"$y":	1577
						},
						"Type":	"Static",
						"Rotation":	0,
						"Pattern":	{
							"$Position":	{
								"$x":	17352,
								"$y":	1576
							},
							"Type":	"Ceiling",
							"Skip":	false,
							"Ceiling":	{
								"$Position":	{
									"$x":	17962,
									"$y":	1780
								},
								"Type":	"BlockSet",
								"Skip":	false,
								"BlockSet":	{
									"$Position":	{
										"$x":	18594,
										"$y":	1785
									},
									"Inclusive":	true,
									"Materials":	[{
											"$Position":	{
												"$x":	19123,
												"$y":	1585
											},
											"Solid":	"Rock_Stone"
										}, {
											"$Position":	{
												"$x":	19087,
												"$y":	1756
											},
											"Solid":	"Rock_Chalk"
										}, {
											"$Position":	{
												"$x":	19087,
												"$y":	1910
											},
											"Solid":	"Rock_Marble"
										}]
								}
							},
							"Origin":	{
								"$Position":	{
									"$x":	18017,
									"$y":	1427
								},
								"Type":	"BlockSet",
								"Skip":	false,
								"BlockSet":	{
									"$Position":	{
										"$x":	18649,
										"$y":	1432
									},
									"Inclusive":	true,
									"Materials":	[{
											"$Position":	{
												"$x":	19330,
												"$y":	1333
											},
											"Solid":	"Empty"
										}]
								}
							}
						}
					},
					"Scanner":	{
						"$Position":	{
							"$x":	16742,
							"$y":	1744
						},
						"Type":	"ColumnLinear",
						"Skip":	false,
						"MaxY":	20,
						"MinY":	-80,
						"RelativeToPosition":	false,
						"BaseHeightName":	"Base",
						"TopDownOrder":	true,
						"ResultCap":	2
					}
				}
			}
		}, {
			"$Position":	{
				"$x":	14874,
				"$y":	2615
			},
			"Max":	-0.75,
			"Min":	-0.85,
			"Assignments":	{
				"$Position":	{
					"$x":	15374,
					"$y":	2664
				},
				"Type":	"Constant",
				"Prop":	{
					"$Position":	{
						"$x":	16039,
						"$y":	2656
					},
					"Type":	"Column",
					"Skip":	false,
					"ColumnBlocks":	[{
							"$Position":	{
								"$x":	16723,
								"$y":	2594
							},
							"Y":	0,
							"Material":	{
								"$Position":	{
									"$x":	17134,
									"$y":	2599
								},
								"Solid":	"Plant_Vine_Thick_Roots"
							}
						}],
					"Directionality":	{
						"$Position":	{
							"$x":	16714,
							"$y":	2757
						},
						"Type":	"Static",
						"Rotation":	0,
						"Pattern":	{
							"$Position":	{
								"$x":	17330,
								"$y":	2756
							},
							"Type":	"Ceiling",
							"Skip":	false,
							"Ceiling":	{
								"$Position":	{
									"$x":	17940,
									"$y":	2960
								},
								"Type":	"BlockSet",
								"Skip":	false,
								"BlockSet":	{
									"$Position":	{
										"$x":	18572,
										"$y":	2965
									},
									"Inclusive":	true,
									"Materials":	[{
											"$Position":	{
												"$x":	19101,
												"$y":	2765
											},
											"Solid":	"Rock_Stone"
										}, {
											"$Position":	{
												"$x":	19065,
												"$y":	2936
											},
											"Solid":	"Rock_Chalk"
										}, {
											"$Position":	{
												"$x":	19065,
												"$y":	3090
											},
											"Solid":	"Rock_Marble"
										}]
								}
							},
							"Origin":	{
								"$Position":	{
									"$x":	17995,
									"$y":	2607
								},
								"Type":	"BlockSet",
								"Skip":	false,
								"BlockSet":	{
									"$Position":	{
										"$x":	18627,
										"$y":	2612
									},
									"Inclusive":	true,
									"Materials":	[{
											"$Position":	{
												"$x":	19308,
												"$y":	2513
											},
											"Solid":	"Empty"
										}]
								}
							}
						}
					},
					"Scanner":	{
						"$Position":	{
							"$x":	16720,
							"$y":	2923
						},
						"Type":	"ColumnLinear",
						"Skip":	false,
						"MaxY":	20,
						"MinY":	-80,
						"RelativeToPosition":	false,
						"BaseHeightName":	"Base",
						"TopDownOrder":	true,
						"ResultCap":	2
					}
				}
			}
		}, {
			"$Position":	{
				"$x":	14815,
				"$y":	3838
			},
			"Max":	0.8,
			"Min":	0.75,
			"Assignments":	{
				"$Position":	{
					"$x":	15360,
					"$y":	3836
				},
				"Type":	"Constant",
				"Prop":	{
					"$Position":	{
						"$x":	16028,
						"$y":	3816
					},
					"Type":	"Union",
					"Skip":	false,
					"Props":	[{
							"$Position":	{
								"$x":	16643,
								"$y":	3821
							},
							"Type":	"Column",
							"Skip":	false,
							"ColumnBlocks":	[{
									"$Position":	{
										"$x":	17345,
										"$y":	3815
									},
									"Y":	0,
									"Material":	{
										"$Position":	{
											"$x":	17901,
											"$y":	3762
										},
										"Solid":	"Rock_Stone_Stalactite_Small|Pitch=180"
									}
								}],
							"Directionality":	{
								"$Position":	{
									"$x":	17332,
									"$y":	3974
								},
								"Type":	"Static",
								"Rotation":	0,
								"Pattern":	{
									"$Position":	{
										"$x":	17950,
										"$y":	3987
									},
									"Type":	"Ceiling",
									"Skip":	false,
									"Ceiling":	{
										"$Position":	{
											"$x":	18560,
											"$y":	4191
										},
										"Type":	"BlockSet",
										"Skip":	false,
										"BlockSet":	{
											"$Position":	{
												"$x":	19192,
												"$y":	4196
											},
											"Inclusive":	true,
											"Materials":	[{
													"$Position":	{
														"$x":	19721,
														"$y":	3996
													},
													"Solid":	"Rock_Stone"
												}, {
													"$Position":	{
														"$x":	19685,
														"$y":	4167
													},
													"Solid":	"Rock_Chalk"
												}, {
													"$Position":	{
														"$x":	19685,
														"$y":	4321
													},
													"Solid":	"Rock_Marble"
												}]
										}
									},
									"Origin":	{
										"$Position":	{
											"$x":	18615,
											"$y":	3838
										},
										"Type":	"BlockSet",
										"Skip":	false,
										"BlockSet":	{
											"$Position":	{
												"$x":	19247,
												"$y":	3843
											},
											"Inclusive":	true,
											"Materials":	[{
													"$Position":	{
														"$x":	19928,
														"$y":	3744
													},
													"Solid":	"Empty"
												}]
										}
									}
								}
							},
							"Scanner":	{
								"$Position":	{
									"$x":	17275,
									"$y":	4221
								},
								"Type":	"ColumnLinear",
								"Skip":	false,
								"MaxY":	20,
								"MinY":	-50,
								"RelativeToPosition":	false,
								"BaseHeightName":	"Base",
								"TopDownOrder":	true,
								"ResultCap":	2
							}
						}, {
							"$Position":	{
								"$x":	16628,
								"$y":	4672
							},
							"Type":	"Column",
							"Skip":	false,
							"ColumnBlocks":	[{
									"$Position":	{
										"$x":	17330,
										"$y":	4666
									},
									"Y":	0,
									"Material":	{
										"$Position":	{
											"$x":	17874,
											"$y":	4627
										},
										"Solid":	"Rock_Stone_Stalactite_Small"
									}
								}],
							"Directionality":	{
								"$Position":	{
									"$x":	17317,
									"$y":	4825
								},
								"Type":	"Static",
								"Rotation":	0,
								"Pattern":	{
									"$Position":	{
										"$x":	17952,
										"$y":	4808
									},
									"Type":	"Floor",
									"Skip":	false,
									"Origin":	{
										"$Position":	{
											"$x":	18600,
											"$y":	4689
										},
										"Type":	"BlockSet",
										"Skip":	false,
										"BlockSet":	{
											"$Position":	{
												"$x":	19232,
												"$y":	4694
											},
											"Inclusive":	true,
											"Materials":	[{
													"$Position":	{
														"$x":	19757,
														"$y":	4474
													},
													"Solid":	"Empty"
												}]
										}
									},
									"Floor":	{
										"$Position":	{
											"$x":	18545,
											"$y":	5042
										},
										"Type":	"BlockSet",
										"Skip":	false,
										"BlockSet":	{
											"$Position":	{
												"$x":	19177,
												"$y":	5047
											},
											"Inclusive":	true,
											"Materials":	[{
													"$Position":	{
														"$x":	19739,
														"$y":	4960
													},
													"Solid":	"Rock_Stone"
												}, {
													"$Position":	{
														"$x":	19721,
														"$y":	5167
													},
													"Solid":	"Rock_Marble"
												}, {
													"$Position":	{
														"$x":	19703,
														"$y":	5356
													},
													"Solid":	"Rock_Chalk"
												}]
										}
									}
								}
							},
							"Scanner":	{
								"$Position":	{
									"$x":	17335,
									"$y":	5017
								},
								"Type":	"ColumnLinear",
								"Skip":	false,
								"MaxY":	0,
								"MinY":	-50,
								"RelativeToPosition":	false,
								"BaseHeightName":	"Base",
								"TopDownOrder":	true,
								"ResultCap":	2
							}
						}]
				}
			}
		}, {
			"$Position":	{
				"$x":	14800,
				"$y":	5660
			},
			"Max":	0.85,
			"Min":	0.8,
			"Assignments":	{
				"$Position":	{
					"$x":	15345,
					"$y":	5658
				},
				"Type":	"Constant",
				"Prop":	{
					"$Position":	{
						"$x":	15983,
						"$y":	5656
					},
					"Type":	"Union",
					"Skip":	false,
					"Props":	[{
							"$Position":	{
								"$x":	16601,
								"$y":	5666
							},
							"Type":	"Column",
							"Skip":	false,
							"ColumnBlocks":	[{
									"$Position":	{
										"$x":	17303,
										"$y":	5660
									},
									"Y":	0,
									"Material":	{
										"$Position":	{
											"$x":	17838,
											"$y":	5618
										},
										"Solid":	"Rock_Stone_Stalactite_Large|Pitch=180"
									}
								}],
							"Directionality":	{
								"$Position":	{
									"$x":	17290,
									"$y":	5819
								},
								"Type":	"Static",
								"Rotation":	0,
								"Pattern":	{
									"$Position":	{
										"$x":	17908,
										"$y":	5832
									},
									"Type":	"Ceiling",
									"Skip":	false,
									"Ceiling":	{
										"$Position":	{
											"$x":	18518,
											"$y":	6036
										},
										"Type":	"BlockSet",
										"Skip":	false,
										"BlockSet":	{
											"$Position":	{
												"$x":	19150,
												"$y":	6041
											},
											"Inclusive":	true,
											"Materials":	[{
													"$Position":	{
														"$x":	19739,
														"$y":	5996
													},
													"Solid":	"Rock_Stone"
												}]
										}
									},
									"Origin":	{
										"$Position":	{
											"$x":	18573,
											"$y":	5683
										},
										"Type":	"BlockSet",
										"Skip":	false,
										"BlockSet":	{
											"$Position":	{
												"$x":	19205,
												"$y":	5688
											},
											"Inclusive":	true,
											"Materials":	[{
													"$Position":	{
														"$x":	19784,
														"$y":	5645
													},
													"Solid":	"Empty"
												}]
										}
									}
								}
							},
							"Scanner":	{
								"$Position":	{
									"$x":	17303,
									"$y":	6051
								},
								"Type":	"ColumnLinear",
								"Skip":	false,
								"MaxY":	20,
								"MinY":	-50,
								"RelativeToPosition":	false,
								"BaseHeightName":	"Base",
								"TopDownOrder":	true,
								"ResultCap":	2
							}
						}, {
							"$Position":	{
								"$x":	16600,
								"$y":	6511
							},
							"Type":	"Column",
							"Skip":	false,
							"ColumnBlocks":	[{
									"$Position":	{
										"$x":	17302,
										"$y":	6505
									},
									"Y":	0,
									"Material":	{
										"$Position":	{
											"$x":	17874,
											"$y":	6473
										},
										"Solid":	"Rock_Stone_Stalactite_Large"
									}
								}],
							"Directionality":	{
								"$Position":	{
									"$x":	17289,
									"$y":	6664
								},
								"Type":	"Static",
								"Rotation":	0,
								"Pattern":	{
									"$Position":	{
										"$x":	17909,
										"$y":	6725
									},
									"Type":	"Floor",
									"Skip":	false,
									"Origin":	{
										"$Position":	{
											"$x":	18572,
											"$y":	6528
										},
										"Type":	"BlockSet",
										"Skip":	false,
										"BlockSet":	{
											"$Position":	{
												"$x":	19204,
												"$y":	6533
											},
											"Inclusive":	true,
											"Materials":	[{
													"$Position":	{
														"$x":	19784,
														"$y":	6455
													},
													"Solid":	"Empty"
												}]
										}
									},
									"Floor":	{
										"$Position":	{
											"$x":	18517,
											"$y":	6881
										},
										"Type":	"BlockSet",
										"Skip":	false,
										"BlockSet":	{
											"$Position":	{
												"$x":	19149,
												"$y":	6886
											},
											"Inclusive":	true,
											"Materials":	[{
													"$Position":	{
														"$x":	19784,
														"$y":	6689
													},
													"Solid":	"Rock_Stone"
												}, {
													"$Position":	{
														"$x":	19811,
														"$y":	6879
													},
													"Solid":	"Soil_Gravel"
												}]
										}
									}
								}
							},
							"Scanner":	{
								"$Position":	{
									"$x":	17284,
									"$y":	6856
								},
								"Type":	"ColumnLinear",
								"Skip":	false,
								"MaxY":	0,
								"MinY":	-50,
								"RelativeToPosition":	false,
								"BaseHeightName":	"Base",
								"TopDownOrder":	true,
								"ResultCap":	2
							}
						}]
				}
			}
		}, {
			"$Position":	{
				"$x":	14762,
				"$y":	7626
			},
			"Max":	1,
			"Min":	0.85,
			"Assignments":	{
				"$Position":	{
					"$x":	15342,
					"$y":	7631
				},
				"Type":	"Constant",
				"Prop":	{
					"$Position":	{
						"$x":	15992,
						"$y":	7622
					},
					"Type":	"Union",
					"Skip":	false,
					"Props":	[{
							"$Position":	{
								"$x":	16643,
								"$y":	7621
							},
							"Type":	"Column",
							"Skip":	false,
							"ColumnBlocks":	[{
									"$Position":	{
										"$x":	17342,
										"$y":	7451
									},
									"Y":	-1,
									"Material":	{
										"$Position":	{
											"$x":	17892,
											"$y":	7374
										},
										"Solid":	"Rock_Stone_Stalactite_Large|Pitch=180"
									}
								}, {
									"$Position":	{
										"$x":	17345,
										"$y":	7615
									},
									"Y":	0,
									"Material":	{
										"$Position":	{
											"$x":	17887,
											"$y":	7566
										},
										"Solid":	"Rock_Stone"
									}
								}],
							"Directionality":	{
								"$Position":	{
									"$x":	17332,
									"$y":	7774
								},
								"Type":	"Static",
								"Rotation":	0,
								"Pattern":	{
									"$Position":	{
										"$x":	17966,
										"$y":	7789
									},
									"Type":	"Ceiling",
									"Skip":	false,
									"Ceiling":	{
										"$Position":	{
											"$x":	18560,
											"$y":	7991
										},
										"Type":	"BlockSet",
										"Skip":	false,
										"BlockSet":	{
											"$Position":	{
												"$x":	19192,
												"$y":	7996
											},
											"Inclusive":	true,
											"Materials":	[{
													"$Position":	{
														"$x":	19739,
														"$y":	7941
													},
													"Solid":	"Rock_Stone"
												}]
										}
									},
									"Origin":	{
										"$Position":	{
											"$x":	18615,
											"$y":	7638
										},
										"Type":	"BlockSet",
										"Skip":	false,
										"BlockSet":	{
											"$Position":	{
												"$x":	19247,
												"$y":	7643
											},
											"Inclusive":	true,
											"Materials":	[{
													"$Position":	{
														"$x":	19766,
														"$y":	7680
													},
													"Solid":	"Empty"
												}]
										}
									}
								}
							},
							"Scanner":	{
								"$Position":	{
									"$x":	17350,
									"$y":	7966
								},
								"Type":	"ColumnLinear",
								"Skip":	false,
								"MaxY":	20,
								"MinY":	-50,
								"RelativeToPosition":	false,
								"BaseHeightName":	"Base",
								"TopDownOrder":	true,
								"ResultCap":	2
							}
						}, {
							"$Position":	{
								"$x":	16653,
								"$y":	8579
							},
							"Type":	"Column",
							"Skip":	false,
							"ColumnBlocks":	[{
									"$Position":	{
										"$x":	17352,
										"$y":	8409
									},
									"Y":	1,
									"Material":	{
										"$Position":	{
											"$x":	17856,
											"$y":	8356
										},
										"Solid":	"Rock_Stone_Stalactite_Large"
									}
								}, {
									"$Position":	{
										"$x":	17355,
										"$y":	8573
									},
									"Y":	0,
									"Material":	{
										"$Position":	{
											"$x":	17816,
											"$y":	8572
										},
										"Solid":	"Rock_Stone"
									}
								}],
							"Directionality":	{
								"$Position":	{
									"$x":	17342,
									"$y":	8732
								},
								"Type":	"Static",
								"Rotation":	0,
								"Pattern":	{
									"$Position":	{
										"$x":	17960,
										"$y":	8738
									},
									"Type":	"Floor",
									"Skip":	false,
									"Origin":	{
										"$Position":	{
											"$x":	18625,
											"$y":	8596
										},
										"Type":	"BlockSet",
										"Skip":	false,
										"BlockSet":	{
											"$Position":	{
												"$x":	19257,
												"$y":	8601
											},
											"Inclusive":	true,
											"Materials":	[{
													"$Position":	{
														"$x":	19784,
														"$y":	8626
													},
													"Solid":	"Empty"
												}]
										}
									},
									"Floor":	{
										"$Position":	{
											"$x":	18570,
											"$y":	8949
										},
										"Type":	"BlockSet",
										"Skip":	false,
										"BlockSet":	{
											"$Position":	{
												"$x":	19202,
												"$y":	8954
											},
											"Inclusive":	true,
											"Materials":	[{
													"$Position":	{
														"$x":	19802,
														"$y":	8824
													},
													"Solid":	"Rock_Stone"
												}, {
													"$Position":	{
														"$x":	19820,
														"$y":	8995
													},
													"Solid":	"Soil_Gravel"
												}]
										}
									}
								}
							},
							"Scanner":	{
								"$Position":	{
									"$x":	17360,
									"$y":	8924
								},
								"Type":	"ColumnLinear",
								"Skip":	false,
								"MaxY":	0,
								"MinY":	-50,
								"RelativeToPosition":	false,
								"BaseHeightName":	"Base",
								"TopDownOrder":	true,
								"ResultCap":	2
							}
						}]
				}
			}
		}],
	"$WorkspaceID":	"HytaleGenerator - Assignments",
	"$Groups":	[{
			"$Position":	{
				"$x":	14825.1875,
				"$y":	890.875
			},
			"$width":	5349.6875,
			"$height":	1328,
			"$name":	"Long Roots"
		}, {
			"$Position":	{
				"$x":	14806.9375,
				"$y":	2448.875
			},
			"$width":	5419.5,
			"$height":	1004.25,
			"$name":	"Short Roots"
		}]
}