{
	"$Title":	"[ROOT] Weighted Assignments",
	"$Position":	{
		"$x":	9078,
		"$y":	2982
	},
	"Type":	"Weighted",
	"ExportAs":	"Plains1_River_Marshes",
	"SkipChance":	0.5,
	"Seed":	"A",
	"WeightedAssignments":	[{
			"$Position":	{
				"$x":	9819,
				"$y":	3001
			},
			"Weight":	50,
			"Assignments":	{
				"$Position":	{
					"$x":	10297,
					"$y":	3006
				},
				"Type":	"Constant",
				"Prop":	{
					"$Position":	{
						"$x":	10955,
						"$y":	2941
					},
					"Type":	"Cluster",
					"Skip":	false,
					"Range":	10,
					"Seed":	"A",
					"DistanceCurve":	{
						"$Position":	{
							"$x":	11694,
							"$y":	2913
						},
						"Type":	"Manual",
						"Points":	[{
								"$Position":	{
									"$x":	12302,
									"$y":	2913
								},
								"In":	2,
								"Out":	0.5
							}, {
								"$Position":	{
									"$x":	12301,
									"$y":	3086
								},
								"In":	2.1,
								"Out":	0
							}]
					},
					"WeightedProps":	[{
							"$Position":	{
								"$x":	11695,
								"$y":	3239
							},
							"Weight":	1,
							"ColumnProp":	{
								"$Position":	{
									"$x":	13473,
									"$y":	3199
								},
								"Type":	"Column",
								"Skip":	false,
								"ColumnBlocks":	[{
										"$Position":	{
											"$x":	14175,
											"$y":	3193
										},
										"Y":	0,
										"Material":	{
											"$Position":	{
												"$x":	14659,
												"$y":	3177
											},
											"Solid":	"Plant_Bush"
										}
									}],
								"Directionality":	{
									"$Position":	{
										"$x":	14172,
										"$y":	3344
									},
									"Type":	"Static",
									"Rotation":	0,
									"Pattern":	{
										"$Position":	{
											"$x":	14792,
											"$y":	3351
										},
										"Type":	"Floor",
										"Skip":	false,
										"Origin":	{
											"$Position":	{
												"$x":	15440,
												"$y":	3183
											},
											"Type":	"BlockSet",
											"Skip":	false,
											"BlockSet":	{
												"$Position":	{
													"$x":	16072,
													"$y":	3188
												},
												"Inclusive":	true,
												"Materials":	[{
														"$Position":	{
															"$x":	16604,
															"$y":	3172
														},
														"Solid":	"Empty"
													}]
											}
										},
										"Floor":	{
											"$Position":	{
												"$x":	15444,
												"$y":	3362
											},
											"Type":	"BlockSet",
											"Skip":	false,
											"BlockSet":	{
												"$Position":	{
													"$x":	16103,
													"$y":	3372
												},
												"Inclusive":	true,
												"Materials":	[{
														"$Position":	{
															"$x":	16588,
															"$y":	3382
														},
														"Solid":	"Soil_Mud"
													}, {
														"$Position":	{
															"$x":	16571,
															"$y":	3544
														},
														"Solid":	"Soil_Mud_Dry"
													}, {
														"$Position":	{
															"$x":	16584,
															"$y":	3705
														},
														"Solid":	"Soil_Dirt"
													}, {
														"$Position":	{
															"$x":	16576,
															"$y":	3861
														},
														"Solid":	"Soil_Grass"
													}, {
														"$Position":	{
															"$x":	16588,
															"$y":	4033
														},
														"Solid":	"Soil_Grass_Deep"
													}]
											}
										}
									}
								},
								"Scanner":	{
									"$Position":	{
										"$x":	14180,
										"$y":	3544
									},
									"Type":	"ColumnLinear",
									"Skip":	false,
									"MaxY":	30,
									"MinY":	0,
									"RelativeToPosition":	false,
									"BaseHeightName":	"Water",
									"TopDownOrder":	false,
									"ResultCap":	1
								}
							}
						}],
					"Pattern":	{
						"$Position":	{
							"$x":	11678,
							"$y":	3530
						},
						"Type":	"Floor",
						"Skip":	false,
						"Origin":	{
							"$Position":	{
								"$x":	12326,
								"$y":	3477
							},
							"Type":	"BlockSet",
							"Skip":	false,
							"BlockSet":	{
								"$Position":	{
									"$x":	12958,
									"$y":	3482
								},
								"Inclusive":	true,
								"Materials":	[{
										"$Position":	{
											"$x":	13489,
											"$y":	3466
										},
										"Solid":	"Empty"
									}]
							}
						},
						"Floor":	{
							"$Position":	{
								"$x":	12330,
								"$y":	3656
							},
							"Type":	"BlockSet",
							"Skip":	false,
							"BlockSet":	{
								"$Position":	{
									"$x":	12989,
									"$y":	3666
								},
								"Inclusive":	true,
								"Materials":	[{
										"$Position":	{
											"$x":	13473,
											"$y":	3665
										},
										"Solid":	"Soil_Mud"
									}]
							}
						}
					},
					"Scanner":	{
						"$Position":	{
							"$x":	11660,
							"$y":	3701
						},
						"Type":	"ColumnLinear",
						"Skip":	false,
						"MaxY":	30,
						"MinY":	0,
						"RelativeToPosition":	false,
						"BaseHeightName":	"Water",
						"TopDownOrder":	false,
						"ResultCap":	1
					}
				}
			}
		}, {
			"$Position":	{
				"$x":	10044,
				"$y":	5317
			},
			"Weight":	50,
			"Assignments":	{
				"$Position":	{
					"$x":	10550,
					"$y":	5325
				},
				"Type":	"Constant",
				"Prop":	{
					"$Position":	{
						"$x":	11184,
						"$y":	5324
					},
					"Type":	"Union",
					"Skip":	false,
					"Props":	[{
							"$Position":	{
								"$x":	12108,
								"$y":	4598
							},
							"Type":	"Cluster",
							"Skip":	false,
							"Range":	10,
							"Seed":	"A",
							"DistanceCurve":	{
								"$Position":	{
									"$x":	12847,
									"$y":	4570
								},
								"Type":	"Manual",
								"Points":	[{
										"$Position":	{
											"$x":	13455,
											"$y":	4570
										},
										"In":	3,
										"Out":	0.75
									}, {
										"$Position":	{
											"$x":	13454,
											"$y":	4743
										},
										"In":	3.1,
										"Out":	0
									}]
							},
							"WeightedProps":	[{
									"$Position":	{
										"$x":	12848,
										"$y":	4896
									},
									"Weight":	1,
									"ColumnProp":	{
										"$Position":	{
											"$x":	14660,
											"$y":	4859
										},
										"Type":	"Column",
										"Skip":	false,
										"ColumnBlocks":	[{
												"$Position":	{
													"$x":	15362,
													"$y":	4853
												},
												"Y":	0,
												"Material":	{
													"$Position":	{
														"$x":	15846,
														"$y":	4837
													},
													"Solid":	"Plant_Reeds_Marsh"
												}
											}],
										"Directionality":	{
											"$Position":	{
												"$x":	15359,
												"$y":	5004
											},
											"Type":	"Static",
											"Rotation":	0,
											"Pattern":	{
												"$Position":	{
													"$x":	15979,
													"$y":	5011
												},
												"Type":	"Floor",
												"Skip":	false,
												"Origin":	{
													"$Position":	{
														"$x":	16627,
														"$y":	4843
													},
													"Type":	"BlockSet",
													"Skip":	false,
													"BlockSet":	{
														"$Position":	{
															"$x":	17259,
															"$y":	4848
														},
														"Inclusive":	true,
														"Materials":	[{
																"$Position":	{
																	"$x":	17791,
																	"$y":	4832
																},
																"Solid":	"Empty"
															}]
													}
												},
												"Floor":	{
													"$Position":	{
														"$x":	16631,
														"$y":	5022
													},
													"Type":	"BlockSet",
													"Skip":	false,
													"BlockSet":	{
														"$Position":	{
															"$x":	17290,
															"$y":	5032
														},
														"Inclusive":	true,
														"Materials":	[{
																"$Position":	{
																	"$x":	17774,
																	"$y":	5031
																},
																"Solid":	"Soil_Mud"
															}]
													}
												}
											}
										},
										"Scanner":	{
											"$Position":	{
												"$x":	15367,
												"$y":	5204
											},
											"Type":	"ColumnLinear",
											"Skip":	false,
											"MaxY":	10,
											"MinY":	0,
											"RelativeToPosition":	false,
											"BaseHeightName":	"Water",
											"TopDownOrder":	true,
											"ResultCap":	1
										}
									}
								}],
							"Pattern":	{
								"$Position":	{
									"$x":	12831,
									"$y":	5187
								},
								"Type":	"Floor",
								"Skip":	false,
								"Origin":	{
									"$Position":	{
										"$x":	13479,
										"$y":	5134
									},
									"Type":	"BlockSet",
									"Skip":	false,
									"BlockSet":	{
										"$Position":	{
											"$x":	14111,
											"$y":	5139
										},
										"Inclusive":	true,
										"Materials":	[{
												"$Position":	{
													"$x":	14642,
													"$y":	5123
												},
												"Solid":	"Empty"
											}]
									}
								},
								"Floor":	{
									"$Position":	{
										"$x":	13483,
										"$y":	5313
									},
									"Type":	"BlockSet",
									"Skip":	false,
									"BlockSet":	{
										"$Position":	{
											"$x":	14142,
											"$y":	5323
										},
										"Inclusive":	true,
										"Materials":	[{
												"$Position":	{
													"$x":	14626,
													"$y":	5322
												},
												"Solid":	"Soil_Mud"
											}]
									}
								}
							},
							"Scanner":	{
								"$Position":	{
									"$x":	12826,
									"$y":	5359
								},
								"Type":	"ColumnLinear",
								"Skip":	false,
								"MaxY":	10,
								"MinY":	0,
								"RelativeToPosition":	false,
								"BaseHeightName":	"Water",
								"TopDownOrder":	true,
								"ResultCap":	1
							}
						}, {
							"$Position":	{
								"$x":	12144,
								"$y":	6133
							},
							"Type":	"Cluster",
							"Skip":	false,
							"Range":	10,
							"Seed":	"A",
							"DistanceCurve":	{
								"$Position":	{
									"$x":	12883,
									"$y":	6105
								},
								"Type":	"Manual",
								"Points":	[{
										"$Position":	{
											"$x":	13491,
											"$y":	6105
										},
										"In":	2,
										"Out":	0.75
									}, {
										"$Position":	{
											"$x":	13490,
											"$y":	6278
										},
										"In":	2.1,
										"Out":	0
									}]
							},
							"WeightedProps":	[{
									"$Position":	{
										"$x":	12884,
										"$y":	6431
									},
									"Weight":	1,
									"ColumnProp":	{
										"$Position":	{
											"$x":	14635,
											"$y":	6391
										},
										"Type":	"Column",
										"Skip":	false,
										"ColumnBlocks":	[{
												"$Position":	{
													"$x":	15337,
													"$y":	6385
												},
												"Y":	0,
												"Material":	{
													"$Position":	{
														"$x":	15820,
														"$y":	6369
													},
													"Solid":	"Plant_Reeds_Marsh",
													"Fluid":	"Water_Source"
												}
											}],
										"Directionality":	{
											"$Position":	{
												"$x":	15334,
												"$y":	6536
											},
											"Type":	"Static",
											"Rotation":	0,
											"Pattern":	{
												"$Position":	{
													"$x":	15957,
													"$y":	6542
												},
												"Type":	"And",
												"Skip":	false,
												"Patterns":	[{
														"$Position":	{
															"$x":	16604,
															"$y":	6164
														},
														"Type":	"Offset",
														"Skip":	false,
														"Pattern":	{
															"$Position":	{
																"$x":	17238,
																"$y":	6002
															},
															"Type":	"BlockType",
															"Skip":	false,
															"Material":	{
																"$Position":	{
																	"$x":	17866,
																	"$y":	6010
																},
																"Solid":	"Empty"
															}
														},
														"Offset":	{
															"$Position":	{
																"$x":	17237,
																"$y":	6161
															},
															"X":	0,
															"Y":	1,
															"Z":	0
														}
													}, {
														"$Position":	{
															"$x":	16590,
															"$y":	6536
														},
														"Type":	"Floor",
														"Skip":	false,
														"Origin":	{
															"$Position":	{
																"$x":	17238,
																"$y":	6368
															},
															"Type":	"BlockSet",
															"Skip":	false,
															"BlockSet":	{
																"$Position":	{
																	"$x":	17870,
																	"$y":	6373
																},
																"Inclusive":	true,
																"Materials":	[{
																		"$Position":	{
																			"$x":	18390,
																			"$y":	6379
																		},
																		"Fluid":	"Water_Source"
																	}]
															}
														},
														"Floor":	{
															"$Position":	{
																"$x":	17242,
																"$y":	6547
															},
															"Type":	"BlockSet",
															"Skip":	false,
															"BlockSet":	{
																"$Position":	{
																	"$x":	17901,
																	"$y":	6557
																},
																"Inclusive":	true,
																"Materials":	[{
																		"$Position":	{
																			"$x":	18374,
																			"$y":	6578
																		},
																		"Solid":	"Soil_Mud"
																	}]
															}
														}
													}]
											}
										},
										"Scanner":	{
											"$Position":	{
												"$x":	15342,
												"$y":	6736
											},
											"Type":	"ColumnLinear",
											"Skip":	false,
											"MaxY":	2,
											"MinY":	-2,
											"RelativeToPosition":	true,
											"BaseHeightName":	"Water",
											"TopDownOrder":	true,
											"ResultCap":	1
										}
									}
								}],
							"Pattern":	{
								"$Position":	{
									"$x":	12867,
									"$y":	6722
								},
								"Type":	"Floor",
								"Skip":	false,
								"Origin":	{
									"$Position":	{
										"$x":	13515,
										"$y":	6669
									},
									"Type":	"BlockSet",
									"Skip":	false,
									"BlockSet":	{
										"$Position":	{
											"$x":	14147,
											"$y":	6674
										},
										"Inclusive":	true,
										"Materials":	[{
												"$Position":	{
													"$x":	14678,
													"$y":	6658
												},
												"Fluid":	"Water_Source"
											}, {
												"$Position":	{
													"$x":	14690,
													"$y":	6814
												},
												"Solid":	"Empty"
											}]
									}
								},
								"Floor":	{
									"$Position":	{
										"$x":	13506,
										"$y":	6965
									},
									"Type":	"BlockSet",
									"Skip":	false,
									"BlockSet":	{
										"$Position":	{
											"$x":	14143,
											"$y":	6996
										},
										"Inclusive":	true,
										"Materials":	[{
												"$Position":	{
													"$x":	14686,
													"$y":	6990
												},
												"Solid":	"Soil_Mud"
											}]
									}
								}
							},
							"Scanner":	{
								"$Position":	{
									"$x":	12879,
									"$y":	6930
								},
								"Type":	"ColumnLinear",
								"Skip":	false,
								"MaxY":	3,
								"MinY":	-3,
								"RelativeToPosition":	false,
								"BaseHeightName":	"Water",
								"TopDownOrder":	true,
								"ResultCap":	1
							}
						}]
				}
			}
		}],
	"$WorkspaceID":	"HytaleGenerator - Assignments",
	"$Groups":	[{
			"$Position":	{
				"$x":	10914,
				"$y":	2730.75
			},
			"$width":	6446.875,
			"$height":	1511.5,
			"$name":	"Bushes"
		}, {
			"$Position":	{
				"$x":	12066.625,
				"$y":	4388.125
			},
			"$width":	6446.875,
			"$height":	1511.5,
			"$name":	"Reeds"
		}, {
			"$Position":	{
				"$x":	12103.9375,
				"$y":	5923.6875
			},
			"$width":	6446.875,
			"$height":	1511.5,
			"$name":	"Reed + Water"
		}]
}