{
	"$Title":	"[ROOT] Weighted Assignments",
	"$Position":	{
		"$x":	-2134,
		"$y":	8589
	},
	"Type":	"FieldFunction",
	"ExportAs":	"Plains1_Oak_Pillars",
	"FieldFunction":	{
		"$Position":	{
			"$x":	-1431,
			"$y":	8585
		},
		"Type":	"SimplexNoise2D",
		"Skip":	false,
		"Lacunarity":	2,
		"Persistence":	0.5,
		"Octaves":	1,
		"Scale":	150,
		"Seed":	"1235"
	},
	"Delimiters":	[{
			"$Position":	{
				"$x":	-514,
				"$y":	8317
			},
			"Max":	0.775,
			"Min":	0.6,
			"Assignments":	{
				"$Position":	{
					"$x":	-30,
					"$y":	8302
				},
				"Type":	"Constant",
				"Prop":	{
					"$Position":	{
						"$x":	589,
						"$y":	8297
					},
					"Type":	"Union",
					"Skip":	false,
					"Props":	[{
							"$Position":	{
								"$x":	1265,
								"$y":	8248
							},
							"Type":	"Prefab",
							"Skip":	false,
							"WeightedPrefabPaths":	[{
									"$Position":	{
										"$x":	1999,
										"$y":	7922
									},
									"Path":	"Rock_Formations/Rocks/Chalk/Small",
									"Weight":	10
								}, {
									"$Position":	{
										"$x":	2009,
										"$y":	8108
									},
									"Path":	"Rock_Formations/Rocks/Chalk/Medium",
									"Weight":	70
								}, {
									"$Position":	{
										"$x":	2029,
										"$y":	8258
									},
									"Path":	"Rock_Formations/Rocks/Chalk/Large",
									"Weight":	20
								}],
							"LegacyPath":	false,
							"LoadEntities":	true,
							"Directionality":	{
								"$Position":	{
									"$x":	2025,
									"$y":	8418
								},
								"Type":	"Random",
								"Seed":	"A",
								"Pattern":	{
									"$Position":	{
										"$x":	2638,
										"$y":	8433
									},
									"Type":	"Floor",
									"Skip":	false,
									"Origin":	{
										"$Position":	{
											"$x":	3263,
											"$y":	8414
										},
										"Type":	"BlockType",
										"Skip":	false,
										"Material":	{
											"$Position":	{
												"$x":	3872,
												"$y":	8419
											},
											"Solid":	"Empty"
										}
									},
									"Floor":	{
										"$Position":	{
											"$x":	3259,
											"$y":	8614
										},
										"Type":	"BlockSet",
										"Skip":	false,
										"BlockSet":	{
											"$Position":	{
												"$x":	3876,
												"$y":	8621
											},
											"Inclusive":	true,
											"Materials":	[{
													"$Position":	{
														"$x":	4351,
														"$y":	8624
													},
													"Solid":	"Soil_Grass"
												}, {
													"$Position":	{
														"$x":	4351,
														"$y":	8773
													},
													"Solid":	"Soil_Grass_Deep"
												}]
										}
									}
								}
							},
							"Scanner":	{
								"$Position":	{
									"$x":	2021,
									"$y":	8590
								},
								"Type":	"ColumnLinear",
								"Skip":	false,
								"MaxY":	60,
								"MinY":	0,
								"RelativeToPosition":	false,
								"BaseHeightName":	"Base",
								"TopDownOrder":	true,
								"ResultCap":	1
							},
							"MoldingDirection":	"None",
							"MoldingChildren":	false
						}]
				}
			}
		}, {
			"$Position":	{
				"$x":	-550,
				"$y":	9204
			},
			"Max":	0.875,
			"Min":	0.775,
			"Assignments":	{
				"$Position":	{
					"$x":	-66,
					"$y":	9189
				},
				"Type":	"Constant",
				"Prop":	{
					"$Position":	{
						"$x":	554,
						"$y":	9184
					},
					"Type":	"Union",
					"Skip":	false,
					"Props":	[{
							"$Position":	{
								"$x":	1230,
								"$y":	9135
							},
							"Type":	"Prefab",
							"Skip":	false,
							"WeightedPrefabPaths":	[{
									"$Position":	{
										"$x":	1994,
										"$y":	9145
									},
									"Path":	"Rock_Formations/Pillars/Marble/Small",
									"Weight":	100
								}],
							"LegacyPath":	false,
							"LoadEntities":	true,
							"Directionality":	{
								"$Position":	{
									"$x":	1990,
									"$y":	9305
								},
								"Type":	"Random",
								"Seed":	"A",
								"Pattern":	{
									"$Position":	{
										"$x":	2603,
										"$y":	9320
									},
									"Type":	"Floor",
									"Skip":	false,
									"Origin":	{
										"$Position":	{
											"$x":	3228,
											"$y":	9301
										},
										"Type":	"BlockType",
										"Skip":	false,
										"Material":	{
											"$Position":	{
												"$x":	3837,
												"$y":	9306
											},
											"Solid":	"Empty"
										}
									},
									"Floor":	{
										"$Position":	{
											"$x":	3224,
											"$y":	9501
										},
										"Type":	"BlockSet",
										"Skip":	false,
										"BlockSet":	{
											"$Position":	{
												"$x":	3841,
												"$y":	9508
											},
											"Inclusive":	true,
											"Materials":	[{
													"$Position":	{
														"$x":	4316,
														"$y":	9511
													},
													"Solid":	"Soil_Grass"
												}, {
													"$Position":	{
														"$x":	4316,
														"$y":	9660
													},
													"Solid":	"Soil_Grass_Deep"
												}]
										}
									}
								}
							},
							"Scanner":	{
								"$Position":	{
									"$x":	1986,
									"$y":	9477
								},
								"Type":	"ColumnLinear",
								"Skip":	false,
								"MaxY":	60,
								"MinY":	0,
								"RelativeToPosition":	false,
								"BaseHeightName":	"Base",
								"TopDownOrder":	true,
								"ResultCap":	1
							},
							"MoldingDirection":	"None",
							"MoldingChildren":	false
						}]
				}
			}
		}, {
			"$Position":	{
				"$x":	-538,
				"$y":	10126
			},
			"Max":	0.95,
			"Min":	0.85,
			"Assignments":	{
				"$Position":	{
					"$x":	-54,
					"$y":	10111
				},
				"Type":	"Constant",
				"Prop":	{
					"$Position":	{
						"$x":	567,
						"$y":	10106
					},
					"Type":	"Union",
					"Skip":	false,
					"Props":	[{
							"$Position":	{
								"$x":	1243,
								"$y":	10057
							},
							"Type":	"Prefab",
							"Skip":	false,
							"WeightedPrefabPaths":	[{
									"$Position":	{
										"$x":	2007,
										"$y":	10067
									},
									"Path":	"Rock_Formations/Pillars/Marble/Large",
									"Weight":	100
								}],
							"LegacyPath":	false,
							"LoadEntities":	true,
							"Directionality":	{
								"$Position":	{
									"$x":	2003,
									"$y":	10227
								},
								"Type":	"Random",
								"Seed":	"A",
								"Pattern":	{
									"$Position":	{
										"$x":	2616,
										"$y":	10242
									},
									"Type":	"Floor",
									"Skip":	false,
									"Origin":	{
										"$Position":	{
											"$x":	3241,
											"$y":	10223
										},
										"Type":	"BlockType",
										"Skip":	false,
										"Material":	{
											"$Position":	{
												"$x":	3850,
												"$y":	10228
											},
											"Solid":	"Empty"
										}
									},
									"Floor":	{
										"$Position":	{
											"$x":	3237,
											"$y":	10423
										},
										"Type":	"BlockSet",
										"Skip":	false,
										"BlockSet":	{
											"$Position":	{
												"$x":	3854,
												"$y":	10430
											},
											"Inclusive":	true,
											"Materials":	[{
													"$Position":	{
														"$x":	4329,
														"$y":	10433
													},
													"Solid":	"Soil_Grass"
												}, {
													"$Position":	{
														"$x":	4329,
														"$y":	10582
													},
													"Solid":	"Soil_Grass_Deep"
												}]
										}
									}
								}
							},
							"Scanner":	{
								"$Position":	{
									"$x":	1999,
									"$y":	10399
								},
								"Type":	"ColumnLinear",
								"Skip":	false,
								"MaxY":	60,
								"MinY":	0,
								"RelativeToPosition":	false,
								"BaseHeightName":	"Base",
								"TopDownOrder":	true,
								"ResultCap":	1
							},
							"MoldingDirection":	"None",
							"MoldingChildren":	false
						}]
				}
			}
		}],
	"$WorkspaceID":	"HytaleGenerator - Assignments",
	"$Groups":	[]
}