{
	"$Title":	"[ROOT] FieldFunction Assignments",
	"$Position":	{
		"$x":	454,
		"$y":	9203
	},
	"Type":	"FieldFunction",
	"ExportAs":	"Taiga1_Rivers_Boulders_Rivers",
	"FieldFunction":	{
		"$Position":	{
			"$x":	1205,
			"$y":	8382
		},
		"Type":	"SimplexNoise2D",
		"Skip":	false,
		"Lacunarity":	2,
		"Persistence":	0.5,
		"Octaves":	1,
		"Scale":	50,
		"Seed":	"A"
	},
	"Delimiters":	[{
			"$Position":	{
				"$x":	1293,
				"$y":	9171
			},
			"Max":	-0.5,
			"Min":	-1,
			"Assignments":	{
				"$Position":	{
					"$x":	1762,
					"$y":	9168
				},
				"Type":	"Weighted",
				"SkipChance":	0,
				"Seed":	"A",
				"WeightedAssignments":	[{
						"$Position":	{
							"$x":	2510,
							"$y":	9165
						},
						"Weight":	100,
						"Assignments":	{
							"$Position":	{
								"$x":	2990,
								"$y":	9149
							},
							"Type":	"Constant",
							"Prop":	{
								"$Position":	{
									"$x":	3596,
									"$y":	9153
								},
								"Type":	"Union",
								"Skip":	false,
								"Props":	[{
										"$Position":	{
											"$x":	4296,
											"$y":	7343
										},
										"Type":	"Cluster",
										"Skip":	false,
										"Range":	10,
										"Seed":	"A",
										"DistanceCurve":	{
											"$Position":	{
												"$x":	5046,
												"$y":	6552
											},
											"Type":	"Manual",
											"Points":	[{
													"$Position":	{
														"$x":	5652,
														"$y":	6398
													},
													"In":	0,
													"Out":	0.3
												}, {
													"$Position":	{
														"$x":	5655,
														"$y":	6556
													},
													"In":	5,
													"Out":	0
												}]
										},
										"WeightedProps":	[{
												"$Position":	{
													"$x":	5032,
													"$y":	6755
												},
												"Weight":	1,
												"ColumnProp":	{
													"$Position":	{
														"$x":	5486,
														"$y":	6748
													},
													"Type":	"Column",
													"Skip":	false,
													"ColumnBlocks":	[{
															"$Position":	{
																"$x":	6164,
																"$y":	6591
															},
															"Y":	0,
															"Material":	{
																"$Position":	{
																	"$x":	6573,
																	"$y":	6592
																},
																"Solid":	"Wood_Sticks"
															}
														}],
													"Directionality":	{
														"$Position":	{
															"$x":	6178,
															"$y":	6760
														},
														"Type":	"Static",
														"Rotation":	0,
														"Pattern":	{
															"$Position":	{
																"$x":	6799,
																"$y":	6758
															},
															"Type":	"Floor",
															"Skip":	false,
															"Origin":	{
																"$Position":	{
																	"$x":	7401,
																	"$y":	6764
																},
																"Type":	"BlockSet",
																"Skip":	false,
																"BlockSet":	{
																	"$Position":	{
																		"$x":	8028,
																		"$y":	6771
																	},
																	"Inclusive":	true,
																	"Materials":	[{
																			"$Position":	{
																				"$x":	8539,
																				"$y":	6755
																			},
																			"Solid":	"Empty"
																		}]
																}
															},
															"Floor":	{
																"$Position":	{
																	"$x":	7412,
																	"$y":	7068
																},
																"Type":	"BlockSet",
																"Skip":	false,
																"BlockSet":	{
																	"$Position":	{
																		"$x":	8039,
																		"$y":	7075
																	},
																	"Inclusive":	true,
																	"Materials":	[{
																			"$Position":	{
																				"$x":	8533,
																				"$y":	6913
																			},
																			"Solid":	"Soil_Pebbles"
																		}, {
																			"$Position":	{
																				"$x":	8536,
																				"$y":	7071
																			},
																			"Solid":	"Soil_Gravel"
																		}, {
																			"$Position":	{
																				"$x":	8541,
																				"$y":	7226
																			},
																			"Solid":	"Soil_Gravel_Sand"
																		}]
																}
															}
														}
													},
													"Scanner":	{
														"$Position":	{
															"$x":	6172,
															"$y":	6913
														},
														"Type":	"ColumnLinear",
														"Skip":	false,
														"MaxY":	2,
														"MinY":	-2,
														"RelativeToPosition":	true,
														"BaseHeightName":	"Water",
														"TopDownOrder":	false,
														"ResultCap":	1
													}
												}
											}],
										"Pattern":	{
											"$Position":	{
												"$x":	5010,
												"$y":	7691
											},
											"Type":	"Floor",
											"Skip":	false,
											"Origin":	{
												"$Position":	{
													"$x":	5612,
													"$y":	7697
												},
												"Type":	"BlockSet",
												"Skip":	false,
												"BlockSet":	{
													"$Position":	{
														"$x":	6239,
														"$y":	7704
													},
													"Inclusive":	true,
													"Materials":	[{
															"$Position":	{
																"$x":	6745,
																"$y":	7640
															},
															"Solid":	"Empty"
														}, {
															"$Position":	{
																"$x":	6751,
																"$y":	7798
															},
															"Fluid":	"Water_Source"
														}]
												}
											},
											"Floor":	{
												"$Position":	{
													"$x":	5617,
													"$y":	8135
												},
												"Type":	"BlockSet",
												"Skip":	false,
												"BlockSet":	{
													"$Position":	{
														"$x":	6244,
														"$y":	8142
													},
													"Inclusive":	true,
													"Materials":	[{
															"$Position":	{
																"$x":	6738,
																"$y":	7980
															},
															"Solid":	"Soil_Pebbles"
														}, {
															"$Position":	{
																"$x":	6741,
																"$y":	8138
															},
															"Solid":	"Soil_Gravel"
														}, {
															"$Position":	{
																"$x":	6746,
																"$y":	8293
															},
															"Solid":	"Soil_Gravel_Sand"
														}]
												}
											}
										},
										"Scanner":	{
											"$Position":	{
												"$x":	4992,
												"$y":	7924
											},
											"Type":	"ColumnLinear",
											"Skip":	false,
											"MaxY":	4,
											"MinY":	-4,
											"RelativeToPosition":	false,
											"BaseHeightName":	"Water",
											"TopDownOrder":	false,
											"ResultCap":	1
										}
									}, {
										"$Position":	{
											"$x":	4215,
											"$y":	9155
										},
										"Type":	"Prefab",
										"Skip":	false,
										"WeightedPrefabPaths":	[{
												"$Position":	{
													"$x":	5011,
													"$y":	8913
												},
												"Path":	"Trees/Cedar_Logs/Small/",
												"Weight":	70
											}, {
												"$Position":	{
													"$x":	5007,
													"$y":	9094
												},
												"Path":	"Trees/Fir_Logs/Small/",
												"Weight":	30
											}],
										"LegacyPath":	false,
										"LoadEntities":	true,
										"Directionality":	{
											"$Position":	{
												"$x":	5001,
												"$y":	9280
											},
											"Type":	"Random",
											"Seed":	"A",
											"Pattern":	{
												"$Position":	{
													"$x":	5644,
													"$y":	9291
												},
												"Type":	"Floor",
												"Skip":	false,
												"Origin":	{
													"$Position":	{
														"$x":	6246,
														"$y":	9264
													},
													"Type":	"BlockSet",
													"Skip":	false,
													"BlockSet":	{
														"$Position":	{
															"$x":	6873,
															"$y":	9271
														},
														"Inclusive":	true,
														"Materials":	[{
																"$Position":	{
																	"$x":	7361,
																	"$y":	9079
																},
																"Solid":	"Empty"
															}, {
																"$Position":	{
																	"$x":	7367,
																	"$y":	9237
																},
																"Fluid":	"Water_Source"
															}]
													}
												},
												"Floor":	{
													"$Position":	{
														"$x":	6249,
														"$y":	9419
													},
													"Type":	"BlockSet",
													"Skip":	false,
													"BlockSet":	{
														"$Position":	{
															"$x":	6876,
															"$y":	9426
														},
														"Inclusive":	true,
														"Materials":	[{
																"$Position":	{
																	"$x":	7354,
																	"$y":	9419
																},
																"Solid":	"Soil_Pebbles"
															}, {
																"$Position":	{
																	"$x":	7357,
																	"$y":	9577
																},
																"Solid":	"Soil_Gravel"
															}, {
																"$Position":	{
																	"$x":	7362,
																	"$y":	9732
																},
																"Solid":	"Soil_Gravel_Sand"
															}]
													}
												}
											}
										},
										"Scanner":	{
											"$Position":	{
												"$x":	4981,
												"$y":	9537
											},
											"Type":	"ColumnLinear",
											"Skip":	false,
											"MaxY":	4,
											"MinY":	-4,
											"RelativeToPosition":	false,
											"BaseHeightName":	"Water",
											"TopDownOrder":	false,
											"ResultCap":	1
										},
										"MoldingDirection":	"None",
										"MoldingChildren":	false
									}]
							}
						}
					}]
			}
		}, {
			"$Position":	{
				"$x":	1145,
				"$y":	10989
			},
			"Max":	1,
			"Min":	-0.5,
			"Assignments":	{
				"$Position":	{
					"$x":	1632,
					"$y":	10985
				},
				"Type":	"FieldFunction",
				"FieldFunction":	{
					"$Position":	{
						"$x":	2413,
						"$y":	10371
					},
					"Type":	"SimplexNoise2D",
					"Skip":	false,
					"Lacunarity":	2,
					"Persistence":	0.5,
					"Octaves":	1,
					"Scale":	75,
					"Seed":	"A"
				},
				"Delimiters":	[{
						"$Position":	{
							"$x":	2570,
							"$y":	11206
						},
						"Max":	0,
						"Min":	-1,
						"Assignments":	{
							"$Position":	{
								"$x":	3091,
								"$y":	11192
							},
							"Type":	"Weighted",
							"SkipChance":	0,
							"Seed":	"A",
							"WeightedAssignments":	[{
									"$Position":	{
										"$x":	4071,
										"$y":	11189
									},
									"Weight":	100,
									"Assignments":	{
										"$Position":	{
											"$x":	4551,
											"$y":	11173
										},
										"Type":	"Constant",
										"Prop":	{
											"$Position":	{
												"$x":	5245,
												"$y":	11195
											},
											"Type":	"Union",
											"Skip":	false,
											"Props":	[{
													"$Position":	{
														"$x":	5937,
														"$y":	11186
													},
													"Type":	"Prefab",
													"Skip":	false,
													"WeightedPrefabPaths":	[{
															"$Position":	{
																"$x":	6733,
																"$y":	10944
															},
															"Path":	"Rock_Formations/Rocks/Quartzite/Small/",
															"Weight":	70
														}, {
															"$Position":	{
																"$x":	6729,
																"$y":	11125
															},
															"Path":	"Rock_Formations/Rocks/Stone/Small/",
															"Weight":	30
														}],
													"LegacyPath":	false,
													"LoadEntities":	true,
													"Directionality":	{
														"$Position":	{
															"$x":	6723,
															"$y":	11311
														},
														"Type":	"Random",
														"Seed":	"A",
														"Pattern":	{
															"$Position":	{
																"$x":	7345,
																"$y":	11323
															},
															"Type":	"Offset",
															"Skip":	false,
															"Pattern":	{
																"$Position":	{
																	"$x":	7983,
																	"$y":	11322
																},
																"Type":	"Floor",
																"Skip":	false,
																"Origin":	{
																	"$Position":	{
																		"$x":	8595,
																		"$y":	11262
																	},
																	"Type":	"BlockType",
																	"Skip":	false,
																	"Material":	{
																		"$Position":	{
																			"$x":	9225,
																			"$y":	11259
																		},
																		"Fluid":	"Water_Source"
																	}
																},
																"Floor":	{
																	"$Position":	{
																		"$x":	8588,
																		"$y":	11450
																	},
																	"Type":	"BlockSet",
																	"Skip":	false,
																	"BlockSet":	{
																		"$Position":	{
																			"$x":	9215,
																			"$y":	11457
																		},
																		"Inclusive":	true,
																		"Materials":	[{
																				"$Position":	{
																					"$x":	9693,
																					"$y":	11450
																				},
																				"Solid":	"Soil_Pebbles"
																			}, {
																				"$Position":	{
																					"$x":	9696,
																					"$y":	11608
																				},
																				"Solid":	"Soil_Gravel"
																			}, {
																				"$Position":	{
																					"$x":	9701,
																					"$y":	11763
																				},
																				"Solid":	"Soil_Gravel_Sand"
																			}]
																	}
																}
															},
															"Offset":	{
																"$Position":	{
																	"$x":	7963,
																	"$y":	11491
																},
																"X":	0,
																"Y":	1,
																"Z":	0
															}
														}
													},
													"Scanner":	{
														"$Position":	{
															"$x":	6703,
															"$y":	11568
														},
														"Type":	"ColumnLinear",
														"Skip":	false,
														"MaxY":	2,
														"MinY":	-2,
														"RelativeToPosition":	false,
														"BaseHeightName":	"Water",
														"TopDownOrder":	false,
														"ResultCap":	1
													},
													"MoldingDirection":	"None",
													"MoldingChildren":	false
												}, {
													"$Position":	{
														"$x":	6038,
														"$y":	13347
													},
													"Type":	"Cluster",
													"Skip":	false,
													"Range":	10,
													"Seed":	"A",
													"DistanceCurve":	{
														"$Position":	{
															"$x":	6788,
															"$y":	12556
														},
														"Type":	"Manual",
														"Points":	[{
																"$Position":	{
																	"$x":	7394,
																	"$y":	12402
																},
																"In":	0,
																"Out":	0.3
															}, {
																"$Position":	{
																	"$x":	7397,
																	"$y":	12560
																},
																"In":	5,
																"Out":	0
															}]
													},
													"WeightedProps":	[{
															"$Position":	{
																"$x":	6774,
																"$y":	12759
															},
															"Weight":	1,
															"ColumnProp":	{
																"$Position":	{
																	"$x":	7228,
																	"$y":	12752
																},
																"Type":	"Column",
																"Skip":	false,
																"ColumnBlocks":	[{
																		"$Position":	{
																			"$x":	7906,
																			"$y":	12595
																		},
																		"Y":	0,
																		"Material":	{
																			"$Position":	{
																				"$x":	8315,
																				"$y":	12596
																			},
																			"Solid":	"Plant_Reeds_Winter",
																			"Fluid":	"Water_Source"
																		}
																	}],
																"Directionality":	{
																	"$Position":	{
																		"$x":	7920,
																		"$y":	12764
																	},
																	"Type":	"Static",
																	"Rotation":	0,
																	"Pattern":	{
																		"$Position":	{
																			"$x":	8525,
																			"$y":	12766
																		},
																		"Type":	"And",
																		"Skip":	false,
																		"Patterns":	[{
																				"$Position":	{
																					"$x":	9140,
																					"$y":	12434
																				},
																				"Type":	"Offset",
																				"Skip":	false,
																				"Pattern":	{
																					"$Position":	{
																						"$x":	9750,
																						"$y":	12389
																					},
																					"Type":	"BlockType",
																					"Skip":	false,
																					"Material":	{
																						"$Position":	{
																							"$x":	10366,
																							"$y":	12389
																						},
																						"Solid":	"Empty"
																					}
																				},
																				"Offset":	{
																					"$Position":	{
																						"$x":	9754,
																						"$y":	12554
																					},
																					"X":	0,
																					"Y":	1,
																					"Z":	0
																				}
																			}, {
																				"$Position":	{
																					"$x":	9137,
																					"$y":	12767
																				},
																				"Type":	"Floor",
																				"Skip":	false,
																				"Origin":	{
																					"$Position":	{
																						"$x":	9739,
																						"$y":	12773
																					},
																					"Type":	"BlockSet",
																					"Skip":	false,
																					"BlockSet":	{
																						"$Position":	{
																							"$x":	10366,
																							"$y":	12780
																						},
																						"Inclusive":	true,
																						"Materials":	[{
																								"$Position":	{
																									"$x":	10877,
																									"$y":	12764
																								},
																								"Fluid":	"Water_Source"
																							}]
																					}
																				},
																				"Floor":	{
																					"$Position":	{
																						"$x":	9750,
																						"$y":	13077
																					},
																					"Type":	"BlockSet",
																					"Skip":	false,
																					"BlockSet":	{
																						"$Position":	{
																							"$x":	10377,
																							"$y":	13084
																						},
																						"Inclusive":	true,
																						"Materials":	[{
																								"$Position":	{
																									"$x":	10871,
																									"$y":	12922
																								},
																								"Solid":	"Soil_Pebbles"
																							}, {
																								"$Position":	{
																									"$x":	10874,
																									"$y":	13080
																								},
																								"Solid":	"Soil_Gravel"
																							}, {
																								"$Position":	{
																									"$x":	10879,
																									"$y":	13235
																								},
																								"Solid":	"Soil_Gravel_Sand"
																							}]
																					}
																				}
																			}]
																	}
																},
																"Scanner":	{
																	"$Position":	{
																		"$x":	7914,
																		"$y":	12917
																	},
																	"Type":	"ColumnLinear",
																	"Skip":	false,
																	"MaxY":	2,
																	"MinY":	-2,
																	"RelativeToPosition":	true,
																	"BaseHeightName":	"Water",
																	"TopDownOrder":	false,
																	"ResultCap":	1
																}
															}
														}],
													"Pattern":	{
														"$Position":	{
															"$x":	6752,
															"$y":	13695
														},
														"Type":	"Floor",
														"Skip":	false,
														"Origin":	{
															"$Position":	{
																"$x":	7354,
																"$y":	13701
															},
															"Type":	"BlockSet",
															"Skip":	false,
															"BlockSet":	{
																"$Position":	{
																	"$x":	7981,
																	"$y":	13708
																},
																"Inclusive":	true,
																"Materials":	[{
																		"$Position":	{
																			"$x":	8487,
																			"$y":	13644
																		},
																		"Solid":	"Empty"
																	}, {
																		"$Position":	{
																			"$x":	8493,
																			"$y":	13802
																		},
																		"Fluid":	"Water_Source"
																	}]
															}
														},
														"Floor":	{
															"$Position":	{
																"$x":	7359,
																"$y":	14139
															},
															"Type":	"BlockSet",
															"Skip":	false,
															"BlockSet":	{
																"$Position":	{
																	"$x":	7986,
																	"$y":	14146
																},
																"Inclusive":	true,
																"Materials":	[{
																		"$Position":	{
																			"$x":	8480,
																			"$y":	13984
																		},
																		"Solid":	"Soil_Pebbles"
																	}, {
																		"$Position":	{
																			"$x":	8483,
																			"$y":	14142
																		},
																		"Solid":	"Soil_Gravel"
																	}, {
																		"$Position":	{
																			"$x":	8488,
																			"$y":	14297
																		},
																		"Solid":	"Soil_Gravel_Sand"
																	}]
															}
														}
													},
													"Scanner":	{
														"$Position":	{
															"$x":	6734,
															"$y":	13928
														},
														"Type":	"ColumnLinear",
														"Skip":	false,
														"MaxY":	4,
														"MinY":	-4,
														"RelativeToPosition":	false,
														"BaseHeightName":	"Water",
														"TopDownOrder":	false,
														"ResultCap":	1
													}
												}]
										}
									}
								}]
						}
					}, {
						"$Position":	{
							"$x":	2576,
							"$y":	16441
						},
						"Max":	1,
						"Min":	0,
						"Assignments":	{
							"$Position":	{
								"$x":	3097,
								"$y":	16427
							},
							"Type":	"Weighted",
							"SkipChance":	0,
							"Seed":	"A",
							"WeightedAssignments":	[{
									"$Position":	{
										"$x":	4077,
										"$y":	16424
									},
									"Weight":	60,
									"Assignments":	{
										"$Position":	{
											"$x":	4557,
											"$y":	16408
										},
										"Type":	"Constant",
										"Prop":	{
											"$Position":	{
												"$x":	5153,
												"$y":	16409
											},
											"Type":	"Union",
											"Skip":	false,
											"Props":	[{
													"$Position":	{
														"$x":	5890,
														"$y":	16402
													},
													"Type":	"Prefab",
													"Skip":	false,
													"WeightedPrefabPaths":	[{
															"$Position":	{
																"$x":	6691,
																"$y":	16212
															},
															"Path":	"Rock_Formations/Rocks/Quartzite/Large/",
															"Weight":	70
														}, {
															"$Position":	{
																"$x":	6683,
																"$y":	16364
															},
															"Path":	"Rock_Formations/Rocks/Stone/Large/",
															"Weight":	30
														}],
													"LegacyPath":	false,
													"LoadEntities":	true,
													"Directionality":	{
														"$Position":	{
															"$x":	6676,
															"$y":	16527
														},
														"Type":	"Random",
														"Seed":	"A",
														"Pattern":	{
															"$Position":	{
																"$x":	7289,
																"$y":	16526
															},
															"Type":	"Offset",
															"Skip":	false,
															"Pattern":	{
																"$Position":	{
																	"$x":	7927,
																	"$y":	16525
																},
																"Type":	"Floor",
																"Skip":	false,
																"Origin":	{
																	"$Position":	{
																		"$x":	8539,
																		"$y":	16465
																	},
																	"Type":	"BlockType",
																	"Skip":	false,
																	"Material":	{
																		"$Position":	{
																			"$x":	9169,
																			"$y":	16462
																		},
																		"Fluid":	"Water_Source"
																	}
																},
																"Floor":	{
																	"$Position":	{
																		"$x":	8532,
																		"$y":	16653
																	},
																	"Type":	"BlockSet",
																	"Skip":	false,
																	"BlockSet":	{
																		"$Position":	{
																			"$x":	9159,
																			"$y":	16660
																		},
																		"Inclusive":	true,
																		"Materials":	[{
																				"$Position":	{
																					"$x":	9637,
																					"$y":	16653
																				},
																				"Solid":	"Soil_Pebbles"
																			}, {
																				"$Position":	{
																					"$x":	9640,
																					"$y":	16811
																				},
																				"Solid":	"Soil_Gravel"
																			}, {
																				"$Position":	{
																					"$x":	9645,
																					"$y":	16966
																				},
																				"Solid":	"Soil_Gravel_Sand"
																			}]
																	}
																}
															},
															"Offset":	{
																"$Position":	{
																	"$x":	7907,
																	"$y":	16694
																},
																"X":	0,
																"Y":	1,
																"Z":	0
															}
														}
													},
													"Scanner":	{
														"$Position":	{
															"$x":	6656,
															"$y":	16784
														},
														"Type":	"ColumnLinear",
														"Skip":	false,
														"MaxY":	2,
														"MinY":	-2,
														"RelativeToPosition":	false,
														"BaseHeightName":	"Water",
														"TopDownOrder":	false,
														"ResultCap":	1
													},
													"MoldingDirection":	"None",
													"MoldingChildren":	false
												}]
										}
									}
								}]
						}
					}]
			}
		}],
	"$WorkspaceID":	"HytaleGenerator - Assignments",
	"$Groups":	[{
			"$Position":	{
				"$x":	2396.6875,
				"$y":	16127.9375
			},
			"$width":	7452.9375,
			"$height":	1162.6875,
			"$name":	"Large Boulders"
		}, {
			"$Position":	{
				"$x":	2390.3125,
				"$y":	10818.875
			},
			"$width":	8101.125,
			"$height":	1236.9375,
			"$name":	"Small Boulders"
		}, {
			"$Position":	{
				"$x":	1173.125,
				"$y":	8795.0625
			},
			"$width":	7093,
			"$height":	1236.9375,
			"$name":	"Logs"
		}, {
			"$Position":	{
				"$x":	4156.5,
				"$y":	6239.5625
			},
			"$width":	5124.125,
			"$height":	2351.375,
			"$name":	"Sticks"
		}, {
			"$Position":	{
				"$x":	5898.6875,
				"$y":	12243.9375
			},
			"$width":	5798.5625,
			"$height":	2351.375,
			"$name":	"Reeds"
		}]
}