{
	"$Title":	"[ROOT] FieldFunction Assignments",
	"$Position":	{
		"$x":	826,
		"$y":	12611
	},
	"Type":	"FieldFunction",
	"ExportAs":	"Taiga1_Redwood_Trees_Small",
	"FieldFunction":	{
		"$Position":	{
			"$x":	1674,
			"$y":	12381
		},
		"Type":	"SimplexNoise2D",
		"Skip":	false,
		"Lacunarity":	6,
		"Persistence":	0.3,
		"Octaves":	2,
		"Scale":	40,
		"Seed":	"A"
	},
	"Delimiters":	[{
			"$Position":	{
				"$x":	1659,
				"$y":	13266
			},
			"Max":	0.2,
			"Min":	-1,
			"Assignments":	{
				"$Position":	{
					"$x":	2136,
					"$y":	13264
				},
				"Type":	"Constant",
				"Prop":	{
					"$Position":	{
						"$x":	2740,
						"$y":	13263
					},
					"Type":	"Prefab",
					"Skip":	false,
					"WeightedPrefabPaths":	[{
							"$Position":	{
								"$x":	3519,
								"$y":	12858
							},
							"Path":	"Trees/Cedar/Stage_00/",
							"Weight":	70
						}, {
							"$Position":	{
								"$x":	3511,
								"$y":	13019
							},
							"Path":	"Trees/Cedar/Stage_0/",
							"Weight":	20
						}, {
							"$Position":	{
								"$x":	3513,
								"$y":	13170
							},
							"Path":	"Trees/Cedar/Stage_0/",
							"Weight":	10
						}],
					"LegacyPath":	false,
					"LoadEntities":	true,
					"Directionality":	{
						"$Position":	{
							"$x":	3532,
							"$y":	13536
						},
						"Type":	"Random",
						"Seed":	"A",
						"Pattern":	{
							"$Position":	{
								"$x":	4248,
								"$y":	13555
							},
							"Type":	"And",
							"Skip":	false,
							"Patterns":	[{
									"$Position":	{
										"$x":	4917,
										"$y":	13442
									},
									"Type":	"Offset",
									"Skip":	false,
									"Pattern":	{
										"$Position":	{
											"$x":	5541,
											"$y":	13417
										},
										"Type":	"BlockType",
										"Skip":	false,
										"Material":	{
											"$Position":	{
												"$x":	6243,
												"$y":	13416
											},
											"Solid":	"Empty"
										}
									},
									"Offset":	{
										"$Position":	{
											"$x":	5537,
											"$y":	13570
										},
										"X":	0,
										"Y":	13,
										"Z":	0
									}
								}, {
									"$Position":	{
										"$x":	4968,
										"$y":	13861
									},
									"Type":	"Floor",
									"Skip":	false,
									"Origin":	{
										"$Position":	{
											"$x":	5603,
											"$y":	13769
										},
										"Type":	"BlockType",
										"Skip":	false,
										"Material":	{
											"$Position":	{
												"$x":	6305,
												"$y":	13768
											},
											"Solid":	"Empty"
										}
									},
									"Floor":	{
										"$Position":	{
											"$x":	5591,
											"$y":	13979
										},
										"Type":	"BlockSet",
										"Skip":	false,
										"BlockSet":	{
											"$Position":	{
												"$x":	6240,
												"$y":	13995
											},
											"Inclusive":	true,
											"Materials":	[{
													"$Position":	{
														"$x":	6725,
														"$y":	13986
													},
													"Solid":	"Soil_Gravel"
												}]
										}
									}
								}]
						}
					},
					"Scanner":	{
						"$Position":	{
							"$x":	3527,
							"$y":	13721
						},
						"Type":	"ColumnLinear",
						"Skip":	false,
						"MaxY":	70,
						"MinY":	0,
						"RelativeToPosition":	false,
						"BaseHeightName":	"Base",
						"TopDownOrder":	true,
						"ResultCap":	1
					},
					"BlockMask":	{
						"$Position":	{
							"$x":	3528,
							"$y":	13326
						},
						"Import":	"Taiga1_Trees"
					},
					"MoldingDirection":	"None",
					"MoldingChildren":	false
				}
			}
		}, {
			"$Position":	{
				"$x":	1675,
				"$y":	15146
			},
			"Max":	1,
			"Min":	0.2,
			"Assignments":	{
				"$Position":	{
					"$x":	2152,
					"$y":	15144
				},
				"Type":	"Constant",
				"Prop":	{
					"$Position":	{
						"$x":	2756,
						"$y":	15143
					},
					"Type":	"Prefab",
					"Skip":	false,
					"WeightedPrefabPaths":	[{
							"$Position":	{
								"$x":	3542,
								"$y":	14716
							},
							"Path":	"Trees/Redwood_Stumps/Stage_2",
							"Weight":	10
						}, {
							"$Position":	{
								"$x":	3546,
								"$y":	14881
							},
							"Path":	"Trees/Redwood/Stage_00/",
							"Weight":	70
						}, {
							"$Position":	{
								"$x":	3542,
								"$y":	15042
							},
							"Path":	"Trees/Redwood/Stage_0/",
							"Weight":	20
						}],
					"LegacyPath":	false,
					"LoadEntities":	true,
					"Directionality":	{
						"$Position":	{
							"$x":	3548,
							"$y":	15416
						},
						"Type":	"Random",
						"Seed":	"A",
						"Pattern":	{
							"$Position":	{
								"$x":	4264,
								"$y":	15435
							},
							"Type":	"And",
							"Skip":	false,
							"Patterns":	[{
									"$Position":	{
										"$x":	4961,
										"$y":	15349
									},
									"Type":	"Offset",
									"Skip":	false,
									"Pattern":	{
										"$Position":	{
											"$x":	5584,
											"$y":	15324
										},
										"Type":	"BlockType",
										"Skip":	false,
										"Material":	{
											"$Position":	{
												"$x":	6286,
												"$y":	15323
											},
											"Solid":	"Empty"
										}
									},
									"Offset":	{
										"$Position":	{
											"$x":	5580,
											"$y":	15477
										},
										"X":	0,
										"Y":	15,
										"Z":	0
									}
								}, {
									"$Position":	{
										"$x":	5002,
										"$y":	15803
									},
									"Type":	"Floor",
									"Skip":	false,
									"Origin":	{
										"$Position":	{
											"$x":	5637,
											"$y":	15711
										},
										"Type":	"BlockType",
										"Skip":	false,
										"Material":	{
											"$Position":	{
												"$x":	6339,
												"$y":	15710
											},
											"Solid":	"Empty"
										}
									},
									"Floor":	{
										"$Position":	{
											"$x":	5625,
											"$y":	15921
										},
										"Type":	"BlockSet",
										"Skip":	false,
										"BlockSet":	{
											"$Position":	{
												"$x":	6274,
												"$y":	15937
											},
											"Inclusive":	true,
											"Materials":	[{
													"$Position":	{
														"$x":	6759,
														"$y":	15928
													},
													"Solid":	"Soil_Gravel"
												}]
										}
									}
								}]
						}
					},
					"Scanner":	{
						"$Position":	{
							"$x":	3543,
							"$y":	15601
						},
						"Type":	"ColumnLinear",
						"Skip":	false,
						"MaxY":	70,
						"MinY":	0,
						"RelativeToPosition":	false,
						"BaseHeightName":	"Base",
						"TopDownOrder":	true,
						"ResultCap":	1
					},
					"BlockMask":	{
						"$Position":	{
							"$x":	3544,
							"$y":	15206
						},
						"Import":	"Taiga1_Trees"
					},
					"MoldingDirection":	"None",
					"MoldingChildren":	false
				}
			}
		}],
	"$WorkspaceID":	"HytaleGenerator - Assignments",
	"$Groups":	[{
			"$Position":	{
				"$x":	1607.125,
				"$y":	12821
			},
			"$width":	5863,
			"$height":	1506.5,
			"$name":	"Cedar"
		}, {
			"$Position":	{
				"$x":	1624.0625,
				"$y":	14475.5625
			},
			"$width":	5863,
			"$height":	1733.5,
			"$name":	"Redwood"
		}]
}