{
	"$Title":	"[ROOT] FieldFunction Assignments",
	"$Position":	{
		"$x":	7568,
		"$y":	-684
	},
	"Type":	"FieldFunction",
	"ExportAs":	"Taiga1_Cobalt",
	"FieldFunction":	{
		"$Position":	{
			"$x":	8414,
			"$y":	-1530
		},
		"Type":	"SimplexNoise2D",
		"Skip":	false,
		"Lacunarity":	2,
		"Persistence":	0.5,
		"Octaves":	1,
		"Scale":	30,
		"Seed":	"Y"
	},
	"Delimiters":	[{
			"$Position":	{
				"$x":	8437,
				"$y":	-168
			},
			"Max":	1,
			"Min":	-1,
			"Assignments":	{
				"$Position":	{
					"$x":	8927,
					"$y":	-163
				},
				"Type":	"Constant",
				"Prop":	{
					"$Position":	{
						"$x":	9526,
						"$y":	-155
					},
					"Type":	"Union",
					"Skip":	false,
					"Props":	[{
							"$Position":	{
								"$x":	10137,
								"$y":	-161
							},
							"Type":	"Density",
							"Skip":	false,
							"Pattern":	{
								"$Position":	{
									"$x":	11013,
									"$y":	-1289
								},
								"Type":	"And",
								"Skip":	false,
								"Patterns":	[{
										"$Position":	{
											"$x":	11683,
											"$y":	-1292
										},
										"Type":	"And",
										"Skip":	false,
										"Patterns":	[{
												"$Position":	{
													"$x":	12428,
													"$y":	-1696
												},
												"Type":	"BlockSet",
												"Skip":	false,
												"BlockSet":	{
													"$Position":	{
														"$x":	13077,
														"$y":	-1680
													},
													"Inclusive":	false,
													"Materials":	[{
															"$Position":	{
																"$x":	13562,
																"$y":	-1674
															},
															"Solid":	"Empty"
														}]
												}
											}, {
												"$Position":	{
													"$x":	12372,
													"$y":	-893
												},
												"Type":	"Or",
												"Skip":	false,
												"Patterns":	[{
														"$Position":	{
															"$x":	13023,
															"$y":	-1444
														},
														"Type":	"Offset",
														"Skip":	false,
														"Pattern":	{
															"$Position":	{
																"$x":	13648,
																"$y":	-1442
															},
															"Type":	"BlockType",
															"Skip":	false,
															"Material":	{
																"$Position":	{
																	"$x":	14352,
																	"$y":	-1445
																},
																"Solid":	"Empty"
															}
														},
														"Offset":	{
															"$Position":	{
																"$x":	13660,
																"$y":	-1282
															},
															"X":	0,
															"Y":	-2,
															"Z":	-1
														}
													}, {
														"$Position":	{
															"$x":	13021,
															"$y":	-1065
														},
														"Type":	"Offset",
														"Skip":	false,
														"Pattern":	{
															"$Position":	{
																"$x":	13646,
																"$y":	-1063
															},
															"Type":	"BlockType",
															"Skip":	false,
															"Material":	{
																"$Position":	{
																	"$x":	14350,
																	"$y":	-1066
																},
																"Solid":	"Empty"
															}
														},
														"Offset":	{
															"$Position":	{
																"$x":	13658,
																"$y":	-903
															},
															"X":	0,
															"Y":	-2,
															"Z":	1
														}
													}, {
														"$Position":	{
															"$x":	13018,
															"$y":	-696
														},
														"Type":	"Offset",
														"Skip":	false,
														"Pattern":	{
															"$Position":	{
																"$x":	13643,
																"$y":	-694
															},
															"Type":	"BlockType",
															"Skip":	false,
															"Material":	{
																"$Position":	{
																	"$x":	14347,
																	"$y":	-697
																},
																"Solid":	"Empty"
															}
														},
														"Offset":	{
															"$Position":	{
																"$x":	13655,
																"$y":	-534
															},
															"X":	-1,
															"Y":	-2,
															"Z":	0
														}
													}, {
														"$Position":	{
															"$x":	13016,
															"$y":	-317
														},
														"Type":	"Offset",
														"Skip":	false,
														"Pattern":	{
															"$Position":	{
																"$x":	13640,
																"$y":	-315
															},
															"Type":	"BlockType",
															"Skip":	false,
															"Material":	{
																"$Position":	{
																	"$x":	14345,
																	"$y":	-318
																},
																"Solid":	"Empty"
															}
														},
														"Offset":	{
															"$Position":	{
																"$x":	13653,
																"$y":	-155
															},
															"X":	1,
															"Y":	-2,
															"Z":	0
														}
													}]
											}]
									}]
							},
							"Scanner":	{
								"$Position":	{
									"$x":	10951,
									"$y":	-129
								},
								"Type":	"ColumnRandom",
								"Skip":	false,
								"MaxY":	200,
								"MinY":	120,
								"Strategy":	"DART_THROW",
								"Seed":	"A",
								"RelativeToPosition":	false,
								"BaseHeightName":	"Bedrock",
								"ResultCap":	1
							},
							"Material":	{
								"$Position":	{
									"$x":	10990,
									"$y":	1118
								},
								"Type":	"Solidity",
								"Solid":	{
									"$Position":	{
										"$x":	11603,
										"$y":	1114
									},
									"Type":	"Constant",
									"Material":	{
										"$Position":	{
											"$x":	12219,
											"$y":	1109
										},
										"Solid":	"Ore_Cobalt_Basalt"
									}
								}
							},
							"Density":	{
								"$Position":	{
									"$x":	11020,
									"$y":	646
								},
								"Type":	"Sum",
								"Skip":	false,
								"Inputs":	[{
										"$Position":	{
											"$x":	11676,
											"$y":	265
										},
										"Type":	"Normalizer",
										"Skip":	false,
										"FromMin":	-1,
										"FromMax":	1,
										"ToMin":	-0.3,
										"ToMax":	0.3,
										"Inputs":	[{
												"$Position":	{
													"$x":	12283,
													"$y":	268
												},
												"Type":	"SimplexNoise3D",
												"Skip":	false,
												"Lacunarity":	2,
												"Persistence":	0.5,
												"Octaves":	1,
												"ScaleXZ":	4,
												"ScaleY":	4,
												"Seed":	"A"
											}]
									}, {
										"$Position":	{
											"$x":	11678,
											"$y":	643
										},
										"Type":	"Normalizer",
										"Skip":	false,
										"FromMin":	-1,
										"FromMax":	1,
										"ToMin":	-0.7,
										"ToMax":	0.7,
										"Inputs":	[{
												"$Position":	{
													"$x":	12295,
													"$y":	643
												},
												"Type":	"Anchor",
												"Skip":	false,
												"Reversed":	false,
												"Inputs":	[{
														"$Position":	{
															"$x":	12920,
															"$y":	642
														},
														"Type":	"Cube",
														"Skip":	false,
														"Curve":	{
															"$Position":	{
																"$x":	13541,
																"$y":	650
															},
															"Type":	"Manual",
															"Points":	[{
																	"$Position":	{
																		"$x":	14151,
																		"$y":	539
																	},
																	"In":	0,
																	"Out":	1
																}, {
																	"$Position":	{
																		"$x":	14151,
																		"$y":	714
																	},
																	"In":	3,
																	"Out":	-2
																}]
														}
													}]
											}]
									}]
							},
							"PlacementMask":	{
								"$Position":	{
									"$x":	10974,
									"$y":	1543
								},
								"DontPlace":	{
									"$Position":	{
										"$x":	11625,
										"$y":	1555
									},
									"Inclusive":	true,
									"Materials":	[{
											"$Position":	{
												"$x":	12093,
												"$y":	1556
											},
											"Solid":	"Empty"
										}]
								},
								"DontReplace":	{
									"$Position":	{
										"$x":	11617,
										"$y":	1776
									},
									"Inclusive":	true,
									"Materials":	[{
											"$Position":	{
												"$x":	12086,
												"$y":	1779
											},
											"Solid":	"Empty"
										}]
								}
							},
							"Range":	{
								"$Position":	{
									"$x":	10972,
									"$y":	1280
								},
								"X":	2,
								"Y":	2,
								"Z":	2
							}
						}]
				}
			}
		}],
	"$WorkspaceID":	"HytaleGenerator - Assignments",
	"$Groups":	[{
			"$Position":	{
				"$x":	8368.6875,
				"$y":	-1060.75
			},
			"$width":	864.75,
			"$height":	2351.5625,
			"$name":	"Redwood Logs"
		}]
}