{
	"$Title":	"[ROOT] FieldFunction Assignments",
	"$Position":	{
		"$x":	1239,
		"$y":	3611
	},
	"Type":	"FieldFunction",
	"ExportAs":	"Taiga1_Rivers_Cedar",
	"FieldFunction":	{
		"$Position":	{
			"$x":	2140,
			"$y":	2988
		},
		"Type":	"SimplexNoise2D",
		"Skip":	false,
		"Lacunarity":	2,
		"Persistence":	0.5,
		"Octaves":	1,
		"Scale":	50,
		"Seed":	"A"
	},
	"Delimiters":	[{
			"$Position":	{
				"$x":	2196,
				"$y":	3606
			},
			"Max":	0,
			"Min":	-1,
			"Assignments":	{
				"$Position":	{
					"$x":	2824,
					"$y":	3642
				},
				"Type":	"FieldFunction",
				"FieldFunction":	{
					"$Position":	{
						"$x":	3769,
						"$y":	4315
					},
					"Type":	"SimplexNoise2D",
					"Skip":	false,
					"Lacunarity":	2,
					"Persistence":	0.5,
					"Octaves":	1,
					"Scale":	75,
					"Seed":	"J"
				},
				"Delimiters":	[{
						"$Position":	{
							"$x":	4752,
							"$y":	-1215
						},
						"Max":	-0.5,
						"Min":	-1,
						"Assignments":	{
							"$Position":	{
								"$x":	5251,
								"$y":	-1209
							},
							"Type":	"Constant",
							"Prop":	{
								"$Position":	{
									"$x":	5857,
									"$y":	-1212
								},
								"Type":	"Prefab",
								"Skip":	false,
								"WeightedPrefabPaths":	[{
										"$Position":	{
											"$x":	6653,
											"$y":	-1290
										},
										"Path":	"Trees/Cedar_Burnt/Stage_1/",
										"Weight":	20
									}, {
										"$Position":	{
											"$x":	6650,
											"$y":	-1131
										},
										"Path":	"Trees/Cedar_Burnt/Stage_2/",
										"Weight":	80
									}],
								"LegacyPath":	false,
								"LoadEntities":	true,
								"Directionality":	{
									"$Position":	{
										"$x":	6649,
										"$y":	-939
									},
									"Type":	"Random",
									"Seed":	"A",
									"Pattern":	{
										"$Position":	{
											"$x":	7365,
											"$y":	-920
										},
										"Type":	"And",
										"Skip":	false,
										"Patterns":	[{
												"$Position":	{
													"$x":	8100,
													"$y":	-901
												},
												"Type":	"Floor",
												"Skip":	false,
												"Origin":	{
													"$Position":	{
														"$x":	8735,
														"$y":	-993
													},
													"Type":	"BlockType",
													"Skip":	false,
													"Material":	{
														"$Position":	{
															"$x":	9437,
															"$y":	-994
														},
														"Solid":	"Empty"
													}
												},
												"Floor":	{
													"$Position":	{
														"$x":	8723,
														"$y":	-783
													},
													"Type":	"BlockSet",
													"Skip":	false,
													"BlockSet":	{
														"$Position":	{
															"$x":	9366,
															"$y":	-768
														},
														"Inclusive":	true,
														"Materials":	[{
																"$Position":	{
																	"$x":	9851,
																	"$y":	-777
																},
																"Solid":	"Soil_Needles"
															}, {
																"$Position":	{
																	"$x":	9854,
																	"$y":	-620
																},
																"Solid":	"Soil_Grass"
															}, {
																"$Position":	{
																	"$x":	9849,
																	"$y":	-455
																},
																"Solid":	"Soil_Leaves"
															}]
													}
												}
											}]
									}
								},
								"Scanner":	{
									"$Position":	{
										"$x":	6661,
										"$y":	-523
									},
									"Type":	"ColumnLinear",
									"Skip":	false,
									"MaxY":	0,
									"MinY":	-10,
									"RelativeToPosition":	false,
									"BaseHeightName":	"Base",
									"TopDownOrder":	true,
									"ResultCap":	1
								},
								"BlockMask":	{
									"$Position":	{
										"$x":	6662,
										"$y":	-747
									},
									"Import":	"Taiga1_Trees"
								},
								"MoldingDirection":	"None",
								"MoldingChildren":	false
							}
						}
					}, {
						"$Position":	{
							"$x":	4823,
							"$y":	1347
						},
						"Max":	1,
						"Min":	-0.5,
						"Assignments":	{
							"$Position":	{
								"$x":	5341,
								"$y":	1338
							},
							"Type":	"Constant",
							"Prop":	{
								"$Position":	{
									"$x":	5962,
									"$y":	1333
								},
								"Type":	"Union",
								"Skip":	false,
								"Props":	[{
										"$Position":	{
											"$x":	6695,
											"$y":	844
										},
										"Type":	"Prefab",
										"Skip":	false,
										"WeightedPrefabPaths":	[{
												"$Position":	{
													"$x":	7493,
													"$y":	258
												},
												"Path":	"Trees/Cedar/Stage_0/",
												"Weight":	5
											}, {
												"$Position":	{
													"$x":	7483,
													"$y":	422
												},
												"Path":	"Trees/Cedar/Stage_1/",
												"Weight":	30
											}, {
												"$Position":	{
													"$x":	7475,
													"$y":	580
												},
												"Path":	"Trees/Cedar/Stage_2/",
												"Weight":	40
											}, {
												"$Position":	{
													"$x":	7481,
													"$y":	743
												},
												"Path":	"Trees/Cedar/Stage_3/",
												"Weight":	25
											}],
										"LegacyPath":	false,
										"LoadEntities":	true,
										"Directionality":	{
											"$Position":	{
												"$x":	7487,
												"$y":	1117
											},
											"Type":	"Random",
											"Seed":	"A",
											"Pattern":	{
												"$Position":	{
													"$x":	8131,
													"$y":	1121
												},
												"Type":	"Floor",
												"Skip":	false,
												"Origin":	{
													"$Position":	{
														"$x":	8766,
														"$y":	1029
													},
													"Type":	"BlockType",
													"Skip":	false,
													"Material":	{
														"$Position":	{
															"$x":	9468,
															"$y":	1028
														},
														"Solid":	"Empty"
													}
												},
												"Floor":	{
													"$Position":	{
														"$x":	8754,
														"$y":	1239
													},
													"Type":	"BlockSet",
													"Skip":	false,
													"BlockSet":	{
														"$Position":	{
															"$x":	9427,
															"$y":	1252
														},
														"Inclusive":	true,
														"Materials":	[{
																"$Position":	{
																	"$x":	9912,
																	"$y":	1243
																},
																"Solid":	"Soil_Needles"
															}, {
																"$Position":	{
																	"$x":	9915,
																	"$y":	1400
																},
																"Solid":	"Soil_Grass"
															}, {
																"$Position":	{
																	"$x":	9910,
																	"$y":	1565
																},
																"Solid":	"Soil_Leaves"
															}]
													}
												}
											}
										},
										"Scanner":	{
											"$Position":	{
												"$x":	7499,
												"$y":	1461
											},
											"Type":	"ColumnLinear",
											"Skip":	false,
											"MaxY":	10,
											"MinY":	-10,
											"RelativeToPosition":	false,
											"BaseHeightName":	"Base",
											"TopDownOrder":	true,
											"ResultCap":	1
										},
										"BlockMask":	{
											"$Position":	{
												"$x":	7476,
												"$y":	899
											},
											"Import":	"Taiga1_Trees"
										},
										"MoldingDirection":	"None",
										"MoldingChildren":	false
									}, {
										"$Position":	{
											"$x":	6660,
											"$y":	2248
										},
										"Type":	"Cluster",
										"Skip":	false,
										"Range":	10,
										"Seed":	"A",
										"DistanceCurve":	{
											"$Position":	{
												"$x":	7357,
												"$y":	2222
											},
											"Type":	"Manual",
											"Points":	[{
													"$Position":	{
														"$x":	8002,
														"$y":	2081
													},
													"In":	5,
													"Out":	0.02
												}, {
													"$Position":	{
														"$x":	7985,
														"$y":	2231
													},
													"In":	10,
													"Out":	0
												}]
										},
										"WeightedProps":	[{
												"$Position":	{
													"$x":	7403,
													"$y":	2425
												},
												"Weight":	1,
												"ColumnProp":	{
													"$Position":	{
														"$x":	7973,
														"$y":	2392
													},
													"Type":	"Column",
													"Skip":	false,
													"ColumnBlocks":	[{
															"$Position":	{
																"$x":	8688,
																"$y":	2404
															},
															"Y":	0,
															"Material":	{
																"$Position":	{
																	"$x":	9108,
																	"$y":	2375
																},
																"Solid":	"Wood_Sticks"
															}
														}],
													"Directionality":	{
														"$Position":	{
															"$x":	8687,
															"$y":	2552
														},
														"Type":	"Static",
														"Rotation":	0,
														"Pattern":	{
															"$Position":	{
																"$x":	9327,
																"$y":	2549
															},
															"Type":	"Floor",
															"Skip":	false,
															"Origin":	{
																"$Position":	{
																	"$x":	9962,
																	"$y":	2457
																},
																"Type":	"BlockType",
																"Skip":	false,
																"Material":	{
																	"$Position":	{
																		"$x":	10664,
																		"$y":	2456
																	},
																	"Solid":	"Empty"
																}
															},
															"Floor":	{
																"$Position":	{
																	"$x":	9950,
																	"$y":	2667
																},
																"Type":	"BlockSet",
																"Skip":	false,
																"BlockSet":	{
																	"$Position":	{
																		"$x":	10623,
																		"$y":	2680
																	},
																	"Inclusive":	true,
																	"Materials":	[{
																			"$Position":	{
																				"$x":	11108,
																				"$y":	2671
																			},
																			"Solid":	"Soil_Needles"
																		}, {
																			"$Position":	{
																				"$x":	11111,
																				"$y":	2828
																			},
																			"Solid":	"Soil_Grass"
																		}, {
																			"$Position":	{
																				"$x":	11106,
																				"$y":	2993
																			},
																			"Solid":	"Soil_Leaves"
																		}]
																}
															}
														}
													},
													"Scanner":	{
														"$Position":	{
															"$x":	8691,
															"$y":	2694
														},
														"Type":	"ColumnLinear",
														"Skip":	false,
														"MaxY":	5,
														"MinY":	-5,
														"RelativeToPosition":	true,
														"BaseHeightName":	"Base",
														"TopDownOrder":	true,
														"ResultCap":	1
													}
												}
											}],
										"Pattern":	{
											"$Position":	{
												"$x":	7998,
												"$y":	3211
											},
											"Type":	"Floor",
											"Skip":	false,
											"Origin":	{
												"$Position":	{
													"$x":	8633,
													"$y":	3119
												},
												"Type":	"BlockType",
												"Skip":	false,
												"Material":	{
													"$Position":	{
														"$x":	9335,
														"$y":	3118
													},
													"Solid":	"Empty"
												}
											},
											"Floor":	{
												"$Position":	{
													"$x":	8621,
													"$y":	3329
												},
												"Type":	"BlockSet",
												"Skip":	false,
												"BlockSet":	{
													"$Position":	{
														"$x":	9294,
														"$y":	3342
													},
													"Inclusive":	true,
													"Materials":	[{
															"$Position":	{
																"$x":	9779,
																"$y":	3333
															},
															"Solid":	"Soil_Needles"
														}, {
															"$Position":	{
																"$x":	9782,
																"$y":	3490
															},
															"Solid":	"Soil_Grass"
														}, {
															"$Position":	{
																"$x":	9777,
																"$y":	3655
															},
															"Solid":	"Soil_Leaves"
														}]
												}
											}
										},
										"Scanner":	{
											"$Position":	{
												"$x":	7382,
												"$y":	2865
											},
											"Type":	"ColumnLinear",
											"Skip":	false,
											"MaxY":	10,
											"MinY":	-10,
											"RelativeToPosition":	false,
											"BaseHeightName":	"Base",
											"TopDownOrder":	true,
											"ResultCap":	1
										}
									}, {
										"$Position":	{
											"$x":	6638,
											"$y":	4027
										},
										"Type":	"Cluster",
										"Skip":	false,
										"Range":	10,
										"Seed":	"A",
										"DistanceCurve":	{
											"$Position":	{
												"$x":	7335,
												"$y":	4001
											},
											"Type":	"Manual",
											"Points":	[{
													"$Position":	{
														"$x":	7980,
														"$y":	3860
													},
													"In":	2,
													"Out":	0.01
												}, {
													"$Position":	{
														"$x":	7963,
														"$y":	4010
													},
													"In":	3,
													"Out":	0
												}]
										},
										"WeightedProps":	[{
												"$Position":	{
													"$x":	7381,
													"$y":	4204
												},
												"Weight":	1,
												"ColumnProp":	{
													"$Position":	{
														"$x":	7951,
														"$y":	4171
													},
													"Type":	"Column",
													"Skip":	false,
													"ColumnBlocks":	[{
															"$Position":	{
																"$x":	8666,
																"$y":	4183
															},
															"Y":	0,
															"Material":	{
																"$Position":	{
																	"$x":	9086,
																	"$y":	4155
																},
																"Solid":	"Plant_Crop_Stamina2"
															}
														}],
													"Directionality":	{
														"$Position":	{
															"$x":	8665,
															"$y":	4331
														},
														"Type":	"Static",
														"Rotation":	0,
														"Pattern":	{
															"$Position":	{
																"$x":	9286,
																"$y":	4344
															},
															"Type":	"Floor",
															"Skip":	false,
															"Origin":	{
																"$Position":	{
																	"$x":	9921,
																	"$y":	4252
																},
																"Type":	"BlockType",
																"Skip":	false,
																"Material":	{
																	"$Position":	{
																		"$x":	10623,
																		"$y":	4251
																	},
																	"Solid":	"Empty"
																}
															},
															"Floor":	{
																"$Position":	{
																	"$x":	9909,
																	"$y":	4462
																},
																"Type":	"BlockSet",
																"Skip":	false,
																"BlockSet":	{
																	"$Position":	{
																		"$x":	10582,
																		"$y":	4475
																	},
																	"Inclusive":	true,
																	"Materials":	[{
																			"$Position":	{
																				"$x":	11067,
																				"$y":	4466
																			},
																			"Solid":	"Soil_Needles"
																		}, {
																			"$Position":	{
																				"$x":	11070,
																				"$y":	4623
																			},
																			"Solid":	"Soil_Grass"
																		}, {
																			"$Position":	{
																				"$x":	11074,
																				"$y":	4798
																			},
																			"Solid":	"Soil_Leaves"
																		}]
																}
															}
														}
													},
													"Scanner":	{
														"$Position":	{
															"$x":	8669,
															"$y":	4473
														},
														"Type":	"ColumnLinear",
														"Skip":	false,
														"MaxY":	5,
														"MinY":	-5,
														"RelativeToPosition":	true,
														"BaseHeightName":	"Base",
														"TopDownOrder":	true,
														"ResultCap":	1
													}
												}
											}],
										"Pattern":	{
											"$Position":	{
												"$x":	7987,
												"$y":	5021
											},
											"Type":	"Floor",
											"Skip":	false,
											"Origin":	{
												"$Position":	{
													"$x":	8622,
													"$y":	4929
												},
												"Type":	"BlockType",
												"Skip":	false,
												"Material":	{
													"$Position":	{
														"$x":	9324,
														"$y":	4928
													},
													"Solid":	"Empty"
												}
											},
											"Floor":	{
												"$Position":	{
													"$x":	8610,
													"$y":	5139
												},
												"Type":	"BlockSet",
												"Skip":	false,
												"BlockSet":	{
													"$Position":	{
														"$x":	9283,
														"$y":	5152
													},
													"Inclusive":	true,
													"Materials":	[{
															"$Position":	{
																"$x":	9768,
																"$y":	5143
															},
															"Solid":	"Soil_Needles"
														}, {
															"$Position":	{
																"$x":	9771,
																"$y":	5300
															},
															"Solid":	"Soil_Grass"
														}, {
															"$Position":	{
																"$x":	9766,
																"$y":	5465
															},
															"Solid":	"Soil_Leaves"
														}]
												}
											}
										},
										"Scanner":	{
											"$Position":	{
												"$x":	7360,
												"$y":	4644
											},
											"Type":	"ColumnLinear",
											"Skip":	false,
											"MaxY":	10,
											"MinY":	-10,
											"RelativeToPosition":	false,
											"BaseHeightName":	"Base",
											"TopDownOrder":	true,
											"ResultCap":	1
										}
									}]
							}
						}
					}]
			}
		}, {
			"$Position":	{
				"$x":	2180,
				"$y":	7412
			},
			"Max":	1,
			"Min":	0,
			"Assignments":	{
				"$Position":	{
					"$x":	2803,
					"$y":	7404
				},
				"Type":	"Weighted",
				"SkipChance":	0,
				"Seed":	"A",
				"WeightedAssignments":	[{
						"$Position":	{
							"$x":	3814,
							"$y":	6762
						},
						"Weight":	10,
						"Assignments":	{
							"$Position":	{
								"$x":	4301,
								"$y":	6762
							},
							"Type":	"Constant",
							"Prop":	{
								"$Position":	{
									"$x":	5088,
									"$y":	6754
								},
								"Type":	"Prefab",
								"Skip":	false,
								"WeightedPrefabPaths":	[{
										"$Position":	{
											"$x":	5887,
											"$y":	6649
										},
										"Path":	"Trees/Aspen/Stage_1/",
										"Weight":	15
									}],
								"LegacyPath":	false,
								"LoadEntities":	true,
								"Directionality":	{
									"$Position":	{
										"$x":	5880,
										"$y":	7027
									},
									"Type":	"Random",
									"Seed":	"A",
									"Pattern":	{
										"$Position":	{
											"$x":	6596,
											"$y":	7046
										},
										"Type":	"And",
										"Skip":	false,
										"Patterns":	[{
												"$Position":	{
													"$x":	7331,
													"$y":	7065
												},
												"Type":	"Floor",
												"Skip":	false,
												"Origin":	{
													"$Position":	{
														"$x":	7966,
														"$y":	6973
													},
													"Type":	"BlockType",
													"Skip":	false,
													"Material":	{
														"$Position":	{
															"$x":	8668,
															"$y":	6972
														},
														"Solid":	"Empty"
													}
												},
												"Floor":	{
													"$Position":	{
														"$x":	7954,
														"$y":	7183
													},
													"Type":	"BlockSet",
													"Skip":	false,
													"BlockSet":	{
														"$Position":	{
															"$x":	8609,
															"$y":	7202
														},
														"Inclusive":	true,
														"Materials":	[{
																"$Position":	{
																	"$x":	9094,
																	"$y":	7193
																},
																"Solid":	"Soil_Needles"
															}, {
																"$Position":	{
																	"$x":	9097,
																	"$y":	7350
																},
																"Solid":	"Soil_Grass"
															}, {
																"$Position":	{
																	"$x":	9092,
																	"$y":	7515
																},
																"Solid":	"Soil_Leaves"
															}]
													}
												}
											}]
									}
								},
								"Scanner":	{
									"$Position":	{
										"$x":	5892,
										"$y":	7371
									},
									"Type":	"ColumnLinear",
									"Skip":	false,
									"MaxY":	25,
									"MinY":	-10,
									"RelativeToPosition":	false,
									"BaseHeightName":	"Base",
									"TopDownOrder":	true,
									"ResultCap":	1
								},
								"BlockMask":	{
									"$Position":	{
										"$x":	5887,
										"$y":	6816
									},
									"Import":	"Taiga1_Trees"
								},
								"MoldingDirection":	"None",
								"MoldingChildren":	false
							}
						}
					}, {
						"$Position":	{
							"$x":	3802,
							"$y":	8329
						},
						"Weight":	90,
						"Assignments":	{
							"$Position":	{
								"$x":	4289,
								"$y":	8329
							},
							"Type":	"Constant",
							"Prop":	{
								"$Position":	{
									"$x":	5076,
									"$y":	8321
								},
								"Type":	"Prefab",
								"Skip":	false,
								"WeightedPrefabPaths":	[{
										"$Position":	{
											"$x":	5868,
											"$y":	8027
										},
										"Path":	"Trees/Fir/Stage_1/",
										"Weight":	20
									}, {
										"$Position":	{
											"$x":	5862,
											"$y":	8220
										},
										"Path":	"Trees/Fir/Stage_2/",
										"Weight":	70
									}],
								"LegacyPath":	false,
								"LoadEntities":	true,
								"Directionality":	{
									"$Position":	{
										"$x":	5868,
										"$y":	8594
									},
									"Type":	"Random",
									"Seed":	"A",
									"Pattern":	{
										"$Position":	{
											"$x":	6584,
											"$y":	8613
										},
										"Type":	"And",
										"Skip":	false,
										"Patterns":	[{
												"$Position":	{
													"$x":	7319,
													"$y":	8632
												},
												"Type":	"Floor",
												"Skip":	false,
												"Origin":	{
													"$Position":	{
														"$x":	7954,
														"$y":	8540
													},
													"Type":	"BlockType",
													"Skip":	false,
													"Material":	{
														"$Position":	{
															"$x":	8656,
															"$y":	8539
														},
														"Solid":	"Empty"
													}
												},
												"Floor":	{
													"$Position":	{
														"$x":	7942,
														"$y":	8750
													},
													"Type":	"BlockSet",
													"Skip":	false,
													"BlockSet":	{
														"$Position":	{
															"$x":	8597,
															"$y":	8769
														},
														"Inclusive":	true,
														"Materials":	[{
																"$Position":	{
																	"$x":	9082,
																	"$y":	8760
																},
																"Solid":	"Soil_Needles"
															}, {
																"$Position":	{
																	"$x":	9085,
																	"$y":	8917
																},
																"Solid":	"Soil_Grass"
															}, {
																"$Position":	{
																	"$x":	9080,
																	"$y":	9082
																},
																"Solid":	"Soil_Leaves"
															}]
													}
												}
											}]
									}
								},
								"Scanner":	{
									"$Position":	{
										"$x":	5880,
										"$y":	8938
									},
									"Type":	"ColumnLinear",
									"Skip":	false,
									"MaxY":	25,
									"MinY":	-10,
									"RelativeToPosition":	false,
									"BaseHeightName":	"Base",
									"TopDownOrder":	true,
									"ResultCap":	1
								},
								"BlockMask":	{
									"$Position":	{
										"$x":	5875,
										"$y":	8383
									},
									"Import":	"Taiga1_Trees"
								},
								"MoldingDirection":	"None",
								"MoldingChildren":	false
							}
						}
					}]
			}
		}],
	"$WorkspaceID":	"HytaleGenerator - Assignments",
	"$Groups":	[{
			"$Position":	{
				"$x":	3725.4375,
				"$y":	7947.0625
			},
			"$width":	6078.5625,
			"$height":	1436.25,
			"$name":	"Fir"
		}, {
			"$Position":	{
				"$x":	4701.875,
				"$y":	176.625
			},
			"$width":	7211.5625,
			"$height":	5640.8125,
			"$name":	"Cedar"
		}, {
			"$Position":	{
				"$x":	4673,
				"$y":	-1550.875
			},
			"$width":	5942.125,
			"$height":	1482.0625,
			"$name":	"Burnt"
		}, {
			"$Position":	{
				"$x":	1899.875,
				"$y":	2795.9375
			},
			"$width":	1018.875,
			"$height":	659.375,
			"$name":	"Which Tree"
		}, {
			"$Position":	{
				"$x":	3464.25,
				"$y":	4137.5625
			},
			"$width":	1018.875,
			"$height":	659.375,
			"$name":	"Dead or Alive"
		}, {
			"$Position":	{
				"$x":	3738.4375,
				"$y":	6054.0625
			},
			"$width":	6078.5625,
			"$height":	1762.0625,
			"$name":	"Aspen"
		}]
}
