{
	"$Title":	"[ROOT] Weighted Assignments",
	"$Position":	{
		"$x":	7691,
		"$y":	-678
	},
	"Type":	"FieldFunction",
	"ExportAs":	"Taiga1_Rivers_Rubbles",
	"FieldFunction":	{
		"$Position":	{
			"$x":	8414,
			"$y":	-968
		},
		"Type":	"SimplexNoise2D",
		"Skip":	false,
		"Lacunarity":	2,
		"Persistence":	0.5,
		"Octaves":	1,
		"Scale":	10,
		"Seed":	"67"
	},
	"Delimiters":	[{
			"$Position":	{
				"$x":	8446,
				"$y":	-353
			},
			"Max":	2,
			"Min":	0,
			"Assignments":	{
				"$Position":	{
					"$x":	8954,
					"$y":	-348
				},
				"Type":	"Constant",
				"Prop":	{
					"$Position":	{
						"$x":	9566,
						"$y":	-349
					},
					"Type":	"Union",
					"Skip":	false,
					"Props":	[{
							"$Position":	{
								"$x":	10348,
								"$y":	-337
							},
							"Type":	"Union",
							"Skip":	false,
							"Props":	[{
									"$Position":	{
										"$x":	11036,
										"$y":	-361
									},
									"Type":	"Cluster",
									"Skip":	false,
									"Range":	10,
									"Seed":	"A",
									"DistanceCurve":	{
										"$Position":	{
											"$x":	11831,
											"$y":	-2881
										},
										"Type":	"Manual",
										"Points":	[{
												"$Position":	{
													"$x":	12439,
													"$y":	-2881
												},
												"In":	2,
												"Out":	0.5
											}, {
												"$Position":	{
													"$x":	12438,
													"$y":	-2708
												},
												"In":	3,
												"Out":	0
											}]
									},
									"WeightedProps":	[{
											"$Position":	{
												"$x":	11829,
												"$y":	-1987
											},
											"Weight":	1,
											"ColumnProp":	{
												"$Position":	{
													"$x":	12302,
													"$y":	-1996
												},
												"Type":	"Column",
												"Skip":	false,
												"ColumnBlocks":	[{
														"$Position":	{
															"$x":	13004,
															"$y":	-2002
														},
														"Y":	0,
														"Material":	{
															"$Position":	{
																"$x":	13488,
																"$y":	-2018
															},
															"Solid":	"Rubble_Stone",
															"Fluid":	"Water_Source"
														}
													}],
												"Directionality":	{
													"$Position":	{
														"$x":	13001,
														"$y":	-1851
													},
													"Type":	"Static",
													"Rotation":	0,
													"Pattern":	{
														"$Position":	{
															"$x":	13621,
															"$y":	-1844
														},
														"Type":	"Floor",
														"Skip":	false,
														"Origin":	{
															"$Position":	{
																"$x":	14269,
																"$y":	-2012
															},
															"Type":	"BlockSet",
															"Skip":	false,
															"BlockSet":	{
																"$Position":	{
																	"$x":	14901,
																	"$y":	-2007
																},
																"Inclusive":	true,
																"Materials":	[{
																		"$Position":	{
																			"$x":	15402,
																			"$y":	-2017
																		},
																		"Fluid":	"Water_Source"
																	}]
															}
														},
														"Floor":	{
															"$Position":	{
																"$x":	14270,
																"$y":	-1633
															},
															"Type":	"BlockSet",
															"Skip":	false,
															"BlockSet":	{
																"$Position":	{
																	"$x":	14909,
																	"$y":	-1623
																},
																"Inclusive":	true,
																"Materials":	[{
																		"$Position":	{
																			"$x":	15397,
																			"$y":	-1638
																		},
																		"Solid":	"Soil_Gravel"
																	}, {
																		"$Position":	{
																			"$x":	15402,
																			"$y":	-1483
																		},
																		"Solid":	"Soil_Gravel_Sand"
																	}, {
																		"$Position":	{
																			"$x":	15410,
																			"$y":	-1311
																		},
																		"Solid":	"Soil_Pebbles"
																	}]
															}
														}
													}
												},
												"Scanner":	{
													"$Position":	{
														"$x":	13009,
														"$y":	-1652
													},
													"Type":	"ColumnLinear",
													"Skip":	false,
													"MaxY":	5,
													"MinY":	-5,
													"RelativeToPosition":	true,
													"BaseHeightName":	"Water",
													"TopDownOrder":	false,
													"ResultCap":	1
												}
											}
										}, {
											"$Position":	{
												"$x":	11846,
												"$y":	-1048
											},
											"Weight":	1,
											"ColumnProp":	{
												"$Position":	{
													"$x":	12319,
													"$y":	-1057
												},
												"Type":	"Column",
												"Skip":	false,
												"ColumnBlocks":	[{
														"$Position":	{
															"$x":	13021,
															"$y":	-1063
														},
														"Y":	0,
														"Material":	{
															"$Position":	{
																"$x":	13505,
																"$y":	-1079
															},
															"Solid":	"Rubble_Stone"
														}
													}],
												"Directionality":	{
													"$Position":	{
														"$x":	13018,
														"$y":	-912
													},
													"Type":	"Static",
													"Rotation":	0,
													"Pattern":	{
														"$Position":	{
															"$x":	13638,
															"$y":	-905
														},
														"Type":	"Floor",
														"Skip":	false,
														"Origin":	{
															"$Position":	{
																"$x":	14286,
																"$y":	-1073
															},
															"Type":	"BlockSet",
															"Skip":	false,
															"BlockSet":	{
																"$Position":	{
																	"$x":	14918,
																	"$y":	-1068
																},
																"Inclusive":	true,
																"Materials":	[{
																		"$Position":	{
																			"$x":	15419,
																			"$y":	-1078
																		},
																		"Solid":	"Empty"
																	}]
															}
														},
														"Floor":	{
															"$Position":	{
																"$x":	14287,
																"$y":	-694
															},
															"Type":	"BlockSet",
															"Skip":	false,
															"BlockSet":	{
																"$Position":	{
																	"$x":	14926,
																	"$y":	-684
																},
																"Inclusive":	true,
																"Materials":	[{
																		"$Position":	{
																			"$x":	15414,
																			"$y":	-699
																		},
																		"Solid":	"Soil_Gravel"
																	}, {
																		"$Position":	{
																			"$x":	15419,
																			"$y":	-544
																		},
																		"Solid":	"Soil_Gravel_Sand"
																	}, {
																		"$Position":	{
																			"$x":	15427,
																			"$y":	-372
																		},
																		"Solid":	"Soil_Pebbles"
																	}]
															}
														}
													}
												},
												"Scanner":	{
													"$Position":	{
														"$x":	13026,
														"$y":	-713
													},
													"Type":	"ColumnLinear",
													"Skip":	false,
													"MaxY":	5,
													"MinY":	-5,
													"RelativeToPosition":	true,
													"BaseHeightName":	"Water",
													"TopDownOrder":	false,
													"ResultCap":	1
												}
											}
										}],
									"Pattern":	{
										"$Position":	{
											"$x":	11769,
											"$y":	-197
										},
										"Type":	"Floor",
										"Skip":	false,
										"Origin":	{
											"$Position":	{
												"$x":	12417,
												"$y":	-250
											},
											"Type":	"BlockSet",
											"Skip":	false,
											"BlockSet":	{
												"$Position":	{
													"$x":	13049,
													"$y":	-245
												},
												"Inclusive":	true,
												"Materials":	[{
														"$Position":	{
															"$x":	13566,
															"$y":	-252
														},
														"Solid":	"Empty"
													}, {
														"$Position":	{
															"$x":	13564,
															"$y":	-83
														},
														"Fluid":	"Water_Source"
													}]
											}
										},
										"Floor":	{
											"$Position":	{
												"$x":	12428,
												"$y":	95
											},
											"Type":	"BlockSet",
											"Skip":	false,
											"BlockSet":	{
												"$Position":	{
													"$x":	13064,
													"$y":	104
												},
												"Inclusive":	true,
												"Materials":	[{
														"$Position":	{
															"$x":	13556,
															"$y":	107
														},
														"Solid":	"Soil_Gravel"
													}, {
														"$Position":	{
															"$x":	13561,
															"$y":	262
														},
														"Solid":	"Soil_Gravel_Sand"
													}, {
														"$Position":	{
															"$x":	13568,
															"$y":	433
														},
														"Solid":	"Soil_Pebbles"
													}]
											}
										}
									},
									"Scanner":	{
										"$Position":	{
											"$x":	11771,
											"$y":	131
										},
										"Type":	"ColumnLinear",
										"Skip":	false,
										"MaxY":	50,
										"MinY":	-10,
										"RelativeToPosition":	false,
										"BaseHeightName":	"Water",
										"TopDownOrder":	false,
										"ResultCap":	1
									}
								}]
						}, {
							"$Position":	{
								"$x":	10333,
								"$y":	1595
							},
							"Type":	"Cluster",
							"Skip":	true,
							"Range":	10,
							"Seed":	"A",
							"DistanceCurve":	{
								"$Position":	{
									"$x":	11072,
									"$y":	1254
								},
								"Type":	"Manual",
								"Points":	[{
										"$Position":	{
											"$x":	11680,
											"$y":	1254
										},
										"In":	2,
										"Out":	0.25
									}, {
										"$Position":	{
											"$x":	11679,
											"$y":	1427
										},
										"In":	3,
										"Out":	0
									}]
							},
							"WeightedProps":	[{
									"$Position":	{
										"$x":	11073,
										"$y":	1580
									},
									"Weight":	1,
									"ColumnProp":	{
										"$Position":	{
											"$x":	12851,
											"$y":	1540
										},
										"Type":	"Column",
										"Skip":	false,
										"ColumnBlocks":	[{
												"$Position":	{
													"$x":	13553,
													"$y":	1534
												},
												"Y":	0,
												"Material":	{
													"$Position":	{
														"$x":	14037,
														"$y":	1518
													},
													"Solid":	"Wood_Sticks"
												}
											}],
										"Directionality":	{
											"$Position":	{
												"$x":	13550,
												"$y":	1684
											},
											"Type":	"Static",
											"Rotation":	0,
											"Pattern":	{
												"$Position":	{
													"$x":	14170,
													"$y":	1691
												},
												"Type":	"Floor",
												"Skip":	false,
												"Origin":	{
													"$Position":	{
														"$x":	14818,
														"$y":	1524
													},
													"Type":	"BlockSet",
													"Skip":	false,
													"BlockSet":	{
														"$Position":	{
															"$x":	15450,
															"$y":	1529
														},
														"Inclusive":	true,
														"Materials":	[{
																"$Position":	{
																	"$x":	15982,
																	"$y":	1513
																},
																"Solid":	"Empty"
															}]
													}
												},
												"Floor":	{
													"$Position":	{
														"$x":	14822,
														"$y":	1702
													},
													"Type":	"BlockSet",
													"Skip":	false,
													"BlockSet":	{
														"$Position":	{
															"$x":	15461,
															"$y":	1712
														},
														"Inclusive":	true,
														"Materials":	[{
																"$Position":	{
																	"$x":	15949,
																	"$y":	1697
																},
																"Solid":	"Soil_Leaves"
															}, {
																"$Position":	{
																	"$x":	15954,
																	"$y":	1852
																},
																"Solid":	"Soil_Grass"
															}]
													}
												}
											}
										},
										"Scanner":	{
											"$Position":	{
												"$x":	13558,
												"$y":	1884
											},
											"Type":	"ColumnLinear",
											"Skip":	false,
											"MaxY":	5,
											"MinY":	-5,
											"RelativeToPosition":	true,
											"BaseHeightName":	"Water",
											"TopDownOrder":	false,
											"ResultCap":	1
										}
									}
								}],
							"Pattern":	{
								"$Position":	{
									"$x":	11056,
									"$y":	1870
								},
								"Type":	"Floor",
								"Skip":	false,
								"Origin":	{
									"$Position":	{
										"$x":	11704,
										"$y":	1817
									},
									"Type":	"BlockSet",
									"Skip":	false,
									"BlockSet":	{
										"$Position":	{
											"$x":	12336,
											"$y":	1822
										},
										"Inclusive":	true,
										"Materials":	[{
												"$Position":	{
													"$x":	12867,
													"$y":	1806
												},
												"Solid":	"Empty"
											}]
									}
								},
								"Floor":	{
									"$Position":	{
										"$x":	11708,
										"$y":	1996
									},
									"Type":	"BlockSet",
									"Skip":	false,
									"BlockSet":	{
										"$Position":	{
											"$x":	12344,
											"$y":	2005
										},
										"Inclusive":	true,
										"Materials":	[{
												"$Position":	{
													"$x":	12846,
													"$y":	2005
												},
												"Solid":	"Soil_Leaves"
											}, {
												"$Position":	{
													"$x":	12850,
													"$y":	2161
												},
												"Solid":	"Soil_Grass"
											}]
									}
								}
							},
							"Scanner":	{
								"$Position":	{
									"$x":	11038,
									"$y":	2041
								},
								"Type":	"ColumnLinear",
								"Skip":	false,
								"MaxY":	50,
								"MinY":	0,
								"RelativeToPosition":	false,
								"BaseHeightName":	"Water",
								"TopDownOrder":	false,
								"ResultCap":	1
							}
						}]
				}
			}
		}],
	"$WorkspaceID":	"HytaleGenerator - Assignments",
	"$Groups":	[{
			"$Position":	{
				"$x":	10969.875,
				"$y":	-2393.125
			},
			"$width":	520.1875,
			"$height":	3141.4375,
			"$name":	"Rubbles"
		}, {
			"$Position":	{
				"$x":	10259.0625,
				"$y":	1072.3125
			},
			"$width":	6356.4375,
			"$height":	1573.625,
			"$name":	"Sticks"
		}]
}
