{
	"$Title":	"[ROOT] FieldFunction Assignments",
	"$Position":	{
		"$x":	1628,
		"$y":	12664
	},
	"Type":	"FieldFunction",
	"ExportAs":	"Taiga1_Mountains_Caves_Boulders",
	"FieldFunction":	{
		"$Position":	{
			"$x":	2487,
			"$y":	11732
		},
		"Type":	"SimplexNoise2D",
		"Skip":	false,
		"Lacunarity":	2,
		"Persistence":	0.5,
		"Octaves":	1,
		"Scale":	40,
		"Seed":	"A"
	},
	"Delimiters":	[{
			"$Position":	{
				"$x":	2596,
				"$y":	12520
			},
			"Max":	0.2,
			"Min":	-0.1,
			"Assignments":	{
				"$Position":	{
					"$x":	3117,
					"$y":	12506
				},
				"Type":	"Weighted",
				"SkipChance":	0,
				"Seed":	"A",
				"WeightedAssignments":	[{
						"$Position":	{
							"$x":	4097,
							"$y":	12503
						},
						"Weight":	100,
						"Assignments":	{
							"$Position":	{
								"$x":	4577,
								"$y":	12487
							},
							"Type":	"Constant",
							"Prop":	{
								"$Position":	{
									"$x":	5177,
									"$y":	12500
								},
								"Type":	"Prefab",
								"Skip":	false,
								"WeightedPrefabPaths":	[{
										"$Position":	{
											"$x":	5973,
											"$y":	12258
										},
										"Path":	"Rock_Formations/Rocks/Quartzite/Small/",
										"Weight":	30
									}, {
										"$Position":	{
											"$x":	5969,
											"$y":	12439
										},
										"Path":	"Rock_Formations/Rocks/Stone/Small/",
										"Weight":	70
									}],
								"LegacyPath":	false,
								"LoadEntities":	true,
								"Directionality":	{
									"$Position":	{
										"$x":	5963,
										"$y":	12625
									},
									"Type":	"Random",
									"Seed":	"A",
									"Pattern":	{
										"$Position":	{
											"$x":	6604,
											"$y":	12620
										},
										"Type":	"And",
										"Skip":	false,
										"Patterns":	[{
												"$Position":	{
													"$x":	7263,
													"$y":	12462
												},
												"Type":	"Offset",
												"Skip":	false,
												"Pattern":	{
													"$Position":	{
														"$x":	7884,
														"$y":	12375
													},
													"Type":	"BlockSet",
													"Skip":	false,
													"BlockSet":	{
														"$Position":	{
															"$x":	8511,
															"$y":	12382
														},
														"Inclusive":	false,
														"Materials":	[{
																"$Position":	{
																	"$x":	8980,
																	"$y":	12375
																},
																"Solid":	"Empty"
															}]
													}
												},
												"Offset":	{
													"$Position":	{
														"$x":	7880,
														"$y":	12563
													},
													"X":	0,
													"Y":	20,
													"Z":	0
												}
											}, {
												"$Position":	{
													"$x":	7270,
													"$y":	12813
												},
												"Type":	"Floor",
												"Skip":	false,
												"Origin":	{
													"$Position":	{
														"$x":	7882,
														"$y":	12753
													},
													"Type":	"BlockType",
													"Skip":	false,
													"Material":	{
														"$Position":	{
															"$x":	8512,
															"$y":	12750
														},
														"Solid":	"Empty"
													}
												},
												"Floor":	{
													"$Position":	{
														"$x":	7875,
														"$y":	12941
													},
													"Type":	"BlockSet",
													"Skip":	false,
													"BlockSet":	{
														"$Position":	{
															"$x":	8502,
															"$y":	12948
														},
														"Inclusive":	true,
														"Materials":	[{
																"$Position":	{
																	"$x":	8996,
																	"$y":	12937
																},
																"Solid":	"Soil_Gravel"
															}, {
																"$Position":	{
																	"$x":	8992,
																	"$y":	13087
																},
																"Solid":	"Rock_Quartzite"
															}, {
																"$Position":	{
																	"$x":	8998,
																	"$y":	13247
																},
																"Solid":	"Rock_Stone"
															}]
													}
												}
											}]
									}
								},
								"Scanner":	{
									"$Position":	{
										"$x":	5943,
										"$y":	12882
									},
									"Type":	"ColumnLinear",
									"Skip":	false,
									"MaxY":	60,
									"MinY":	-70,
									"RelativeToPosition":	false,
									"BaseHeightName":	"Base",
									"TopDownOrder":	false,
									"ResultCap":	1
								},
								"MoldingDirection":	"None",
								"MoldingChildren":	false
							}
						}
					}]
			}
		}, {
			"$Position":	{
				"$x":	2560,
				"$y":	13984
			},
			"Max":	2,
			"Min":	0,
			"Assignments":	{
				"$Position":	{
					"$x":	3081,
					"$y":	13970
				},
				"Type":	"Weighted",
				"SkipChance":	0,
				"Seed":	"A",
				"WeightedAssignments":	[{
						"$Position":	{
							"$x":	4061,
							"$y":	13967
						},
						"Weight":	100,
						"Assignments":	{
							"$Position":	{
								"$x":	4541,
								"$y":	13951
							},
							"Type":	"Constant",
							"Prop":	{
								"$Position":	{
									"$x":	5150,
									"$y":	13945
								},
								"Type":	"Union",
								"Skip":	false,
								"Props":	[{
										"$Position":	{
											"$x":	5908,
											"$y":	14010
										},
										"Type":	"Prefab",
										"Skip":	false,
										"WeightedPrefabPaths":	[{
												"$Position":	{
													"$x":	6709,
													"$y":	13820
												},
												"Path":	"Rock_Formations/Rocks/Quartzite/Large/",
												"Weight":	30
											}, {
												"$Position":	{
													"$x":	6701,
													"$y":	13972
												},
												"Path":	"Rock_Formations/Rocks/Stone/Large/",
												"Weight":	70
											}],
										"LegacyPath":	false,
										"LoadEntities":	true,
										"Directionality":	{
											"$Position":	{
												"$x":	6694,
												"$y":	14135
											},
											"Type":	"Random",
											"Seed":	"A",
											"Pattern":	{
												"$Position":	{
													"$x":	7311,
													"$y":	14135
												},
												"Type":	"And",
												"Skip":	false,
												"Patterns":	[{
														"$Position":	{
															"$x":	7970,
															"$y":	13977
														},
														"Type":	"Offset",
														"Skip":	false,
														"Pattern":	{
															"$Position":	{
																"$x":	8588,
																"$y":	13910
															},
															"Type":	"BlockSet",
															"Skip":	false,
															"BlockSet":	{
																"$Position":	{
																	"$x":	9215,
																	"$y":	13917
																},
																"Inclusive":	false,
																"Materials":	[{
																		"$Position":	{
																			"$x":	9684,
																			"$y":	13910
																		},
																		"Solid":	"Empty"
																	}]
															}
														},
														"Offset":	{
															"$Position":	{
																"$x":	8587,
																"$y":	14078
															},
															"X":	0,
															"Y":	20,
															"Z":	0
														}
													}, {
														"$Position":	{
															"$x":	7977,
															"$y":	14328
														},
														"Type":	"Floor",
														"Skip":	false,
														"Origin":	{
															"$Position":	{
																"$x":	8589,
																"$y":	14268
															},
															"Type":	"BlockType",
															"Skip":	false,
															"Material":	{
																"$Position":	{
																	"$x":	9219,
																	"$y":	14265
																},
																"Solid":	"Empty"
															}
														},
														"Floor":	{
															"$Position":	{
																"$x":	8582,
																"$y":	14456
															},
															"Type":	"BlockSet",
															"Skip":	false,
															"BlockSet":	{
																"$Position":	{
																	"$x":	9209,
																	"$y":	14463
																},
																"Inclusive":	true,
																"Materials":	[{
																		"$Position":	{
																			"$x":	9703,
																			"$y":	14452
																		},
																		"Solid":	"Soil_Gravel"
																	}, {
																		"$Position":	{
																			"$x":	9699,
																			"$y":	14602
																		},
																		"Solid":	"Rock_Quartzite"
																	}, {
																		"$Position":	{
																			"$x":	9705,
																			"$y":	14762
																		},
																		"Solid":	"Rock_Stone"
																	}]
															}
														}
													}]
											}
										},
										"Scanner":	{
											"$Position":	{
												"$x":	6674,
												"$y":	14392
											},
											"Type":	"ColumnLinear",
											"Skip":	false,
											"MaxY":	60,
											"MinY":	-70,
											"RelativeToPosition":	false,
											"BaseHeightName":	"Base",
											"TopDownOrder":	false,
											"ResultCap":	1
										},
										"MoldingDirection":	"None",
										"MoldingChildren":	false
									}]
							}
						}
					}, {
						"$Position":	{
							"$x":	4278,
							"$y":	16783
						},
						"Weight":	0,
						"Assignments":	{
							"$Position":	{
								"$x":	4768,
								"$y":	16774
							},
							"Type":	"Constant",
							"Prop":	{
								"$Position":	{
									"$x":	5383,
									"$y":	16763
								},
								"Type":	"Cluster",
								"Skip":	false,
								"Range":	10,
								"Seed":	"A",
								"DistanceCurve":	{
									"$Position":	{
										"$x":	6122,
										"$y":	16735
									},
									"Type":	"Manual",
									"Points":	[{
											"$Position":	{
												"$x":	6730,
												"$y":	16735
											},
											"In":	3,
											"Out":	0.15
										}, {
											"$Position":	{
												"$x":	6729,
												"$y":	16908
											},
											"In":	4,
											"Out":	0
										}]
								},
								"WeightedProps":	[{
										"$Position":	{
											"$x":	6123,
											"$y":	17061
										},
										"Weight":	1,
										"ColumnProp":	{
											"$Position":	{
												"$x":	7901,
												"$y":	17021
											},
											"Type":	"Column",
											"Skip":	false,
											"ColumnBlocks":	[{
													"$Position":	{
														"$x":	8603,
														"$y":	17015
													},
													"Y":	0,
													"Material":	{
														"$Position":	{
															"$x":	9087,
															"$y":	16999
														},
														"Solid":	"Plant_Flower_Tall_Pink"
													}
												}],
											"Directionality":	{
												"$Position":	{
													"$x":	8600,
													"$y":	17166
												},
												"Type":	"Static",
												"Rotation":	0,
												"Pattern":	{
													"$Position":	{
														"$x":	9220,
														"$y":	17173
													},
													"Type":	"Floor",
													"Skip":	false,
													"Origin":	{
														"$Position":	{
															"$x":	9868,
															"$y":	17005
														},
														"Type":	"BlockSet",
														"Skip":	false,
														"BlockSet":	{
															"$Position":	{
																"$x":	10500,
																"$y":	17010
															},
															"Inclusive":	true,
															"Materials":	[{
																	"$Position":	{
																		"$x":	10995,
																		"$y":	17010
																	},
																	"Solid":	"Empty"
																}]
														}
													},
													"Floor":	{
														"$Position":	{
															"$x":	9872,
															"$y":	17184
														},
														"Type":	"BlockSet",
														"Skip":	false,
														"BlockSet":	{
															"$Position":	{
																"$x":	10511,
																"$y":	17194
															},
															"Inclusive":	true,
															"Materials":	[{
																	"$Position":	{
																		"$x":	11006,
																		"$y":	17194
																	},
																	"Solid":	"Soil_Grass"
																}, {
																	"$Position":	{
																		"$x":	11007,
																		"$y":	17343
																	},
																	"Solid":	"Soil_Needles"
																}, {
																	"$Position":	{
																		"$x":	11012,
																		"$y":	17504
																	},
																	"Solid":	"Soil_Leaves"
																}, {
																	"$Position":	{
																		"$x":	11020,
																		"$y":	17672
																	},
																	"Solid":	"Soil_Gravel"
																}]
														}
													}
												}
											},
											"Scanner":	{
												"$Position":	{
													"$x":	8608,
													"$y":	17366
												},
												"Type":	"ColumnLinear",
												"Skip":	false,
												"MaxY":	5,
												"MinY":	-5,
												"RelativeToPosition":	true,
												"BaseHeightName":	"Base",
												"TopDownOrder":	false,
												"ResultCap":	1
											}
										}
									}],
								"Pattern":	{
									"$Position":	{
										"$x":	6106,
										"$y":	17352
									},
									"Type":	"Floor",
									"Skip":	false,
									"Origin":	{
										"$Position":	{
											"$x":	6754,
											"$y":	17299
										},
										"Type":	"BlockSet",
										"Skip":	false,
										"BlockSet":	{
											"$Position":	{
												"$x":	7386,
												"$y":	17304
											},
											"Inclusive":	true,
											"Materials":	[{
													"$Position":	{
														"$x":	7917,
														"$y":	17288
													},
													"Solid":	"Empty"
												}]
										}
									},
									"Floor":	{
										"$Position":	{
											"$x":	6758,
											"$y":	17478
										},
										"Type":	"BlockSet",
										"Skip":	false,
										"BlockSet":	{
											"$Position":	{
												"$x":	7394,
												"$y":	17487
											},
											"Inclusive":	true,
											"Materials":	[{
													"$Position":	{
														"$x":	7874,
														"$y":	17468
													},
													"Solid":	"Soil_Grass"
												}, {
													"$Position":	{
														"$x":	7875,
														"$y":	17617
													},
													"Solid":	"Soil_Needles"
												}, {
													"$Position":	{
														"$x":	7880,
														"$y":	17778
													},
													"Solid":	"Soil_Leaves"
												}, {
													"$Position":	{
														"$x":	7885,
														"$y":	17940
													},
													"Solid":	"Soil_Gravel"
												}]
										}
									}
								},
								"Scanner":	{
									"$Position":	{
										"$x":	6088,
										"$y":	17523
									},
									"Type":	"ColumnLinear",
									"Skip":	false,
									"MaxY":	60,
									"MinY":	-60,
									"RelativeToPosition":	false,
									"BaseHeightName":	"Base",
									"TopDownOrder":	false,
									"ResultCap":	1
								}
							}
						}
					}]
			}
		}],
	"$WorkspaceID":	"HytaleGenerator - Assignments",
	"$Groups":	[{
			"$Position":	{
				"$x":	2380.625,
				"$y":	13720.0625
			},
			"$width":	8064.8125,
			"$height":	1265.375,
			"$name":	"Large Boulders"
		}, {
			"$Position":	{
				"$x":	2416.9375,
				"$y":	12133.3125
			},
			"$width":	7283.4375,
			"$height":	1345.4375,
			"$name":	"Small Boulders"
		}, {
			"$Position":	{
				"$x":	4183.5625,
				"$y":	16553.375
			},
			"$width":	7481.875,
			"$height":	1573.625,
			"$name":	"Bushes"
		}]
}
