{
	"$Title":	"[ROOT] Weighted Assignments",
	"$Position":	{
		"$x":	3318,
		"$y":	12759
	},
	"Type":	"Weighted",
	"ExportAs":	"Taiga1_Rivers_Bridges",
	"SkipChance":	0.5,
	"Seed":	"A",
	"WeightedAssignments":	[{
			"$Position":	{
				"$x":	4044,
				"$y":	12758
			},
			"Weight":	1,
			"Assignments":	{
				"$Position":	{
					"$x":	4531,
					"$y":	12759
				},
				"Type":	"Constant",
				"Prop":	{
					"$Position":	{
						"$x":	5131,
						"$y":	12772
					},
					"Type":	"Prefab",
					"Skip":	false,
					"WeightedPrefabPaths":	[{
							"$Position":	{
								"$x":	5913,
								"$y":	12698
							},
							"Path":	"Trees/Cedar_Logs/Large",
							"Weight":	30
						}],
					"LegacyPath":	false,
					"LoadEntities":	true,
					"Directionality":	{
						"$Position":	{
							"$x":	5877,
							"$y":	12899
						},
						"Type":	"Static",
						"Rotation":	0,
						"Pattern":	{
							"$Position":	{
								"$x":	6510,
								"$y":	12894
							},
							"Type":	"And",
							"Skip":	false,
							"Patterns":	[{
									"$Position":	{
										"$x":	7146,
										"$y":	12885
									},
									"Type":	"BlockSet",
									"Skip":	false,
									"BlockSet":	{
										"$Position":	{
											"$x":	7770,
											"$y":	12885
										},
										"Inclusive":	true,
										"Materials":	[{
												"$Position":	{
													"$x":	8250,
													"$y":	12866
												},
												"Fluid":	"Water_Source"
											}]
									}
								}, {
									"$Position":	{
										"$x":	7142,
										"$y":	13084
									},
									"Type":	"Offset",
									"Skip":	false,
									"Pattern":	{
										"$Position":	{
											"$x":	7775,
											"$y":	13076
										},
										"Type":	"BlockSet",
										"Skip":	false,
										"BlockSet":	{
											"$Position":	{
												"$x":	8407,
												"$y":	13083
											},
											"Inclusive":	false,
											"Materials":	[{
													"$Position":	{
														"$x":	8880,
														"$y":	13083
													},
													"Solid":	"Empty"
												}, {
													"$Position":	{
														"$x":	8878,
														"$y":	13231
													},
													"Fluid":	"Water_Source"
												}]
										}
									},
									"Offset":	{
										"$Position":	{
											"$x":	7765,
											"$y":	13249
										},
										"X":	10,
										"Y":	0,
										"Z":	0
									}
								}, {
									"$Position":	{
										"$x":	7159,
										"$y":	13483
									},
									"Type":	"Offset",
									"Skip":	false,
									"Pattern":	{
										"$Position":	{
											"$x":	7792,
											"$y":	13475
										},
										"Type":	"BlockSet",
										"Skip":	false,
										"BlockSet":	{
											"$Position":	{
												"$x":	8424,
												"$y":	13482
											},
											"Inclusive":	false,
											"Materials":	[{
													"$Position":	{
														"$x":	8897,
														"$y":	13482
													},
													"Solid":	"Empty"
												}, {
													"$Position":	{
														"$x":	8895,
														"$y":	13630
													},
													"Fluid":	"Water_Source"
												}]
										}
									},
									"Offset":	{
										"$Position":	{
											"$x":	7782,
											"$y":	13648
										},
										"X":	-10,
										"Y":	0,
										"Z":	0
									}
								}]
						}
					},
					"Scanner":	{
						"$Position":	{
							"$x":	5901,
							"$y":	13111
						},
						"Type":	"ColumnLinear",
						"Skip":	false,
						"MaxY":	2,
						"MinY":	-1,
						"RelativeToPosition":	false,
						"BaseHeightName":	"Water",
						"TopDownOrder":	false,
						"ResultCap":	1
					},
					"MoldingDirection":	"None",
					"MoldingChildren":	false
				}
			}
		}],
	"$WorkspaceID":	"HytaleGenerator - Assignments",
	"$Groups":	[]
}