{
	"$NodeId":	"Constant.Assignments-b4f1b095-8246-4b94-b797-8e5c5187e2f4",
	"Type":	"Constant",
	"ExportAs":	"Taiga1_Mountains_Rubbles",
	"Prop":	{
		"$NodeId":	"Cluster.Prop-b61f1303-f757-421a-94af-fcbbb0319c9a",
		"Type":	"Cluster",
		"Skip":	false,
		"Range":	10,
		"Seed":	"A",
		"DistanceCurve":	{
			"$NodeId":	"ManualCurve-d202f8ac-0719-4730-a654-e4a7bc69b24a",
			"Type":	"Manual",
			"Points":	[{
					"$NodeId":	"CurvePoint-1c7b993a-e000-4ec8-a912-89c4785bbc23",
					"In":	2,
					"Out":	0.5
				}, {
					"$NodeId":	"CurvePoint-7ec2503d-9ab2-44f2-8a16-0770165f3267",
					"In":	3,
					"Out":	0
				}]
		},
		"WeightedProps":	[{
				"$NodeId":	"Weighted.Cluster.Prop-1c396888-437e-4419-b740-b17b228fbf8e",
				"Weight":	1,
				"ColumnProp":	{
					"$NodeId":	"Column.Prop-9e5bfdea-f341-45db-af70-0cae596b7ac6",
					"Type":	"Column",
					"Skip":	false,
					"ColumnBlocks":	[{
							"$NodeId":	"Block.Column.Prop-536a3118-2cbd-4bb9-8803-96b1f91877ca",
							"Y":	0,
							"Material":	{
								"$NodeId":	"Material-3f415626-afc4-4796-ae83-f75790ed3dee",
								"Solid":	"Rubble_Stone"
							}
						}],
					"Directionality":	{
						"$NodeId":	"Static.Directionality-11394c4d-3d51-4cf3-9f0f-7c5e035c5eea",
						"Type":	"Static",
						"Rotation":	0,
						"Pattern":	{
							"$NodeId":	"Floor.Pattern-443fe3ab-8eff-40ce-b18c-561b974ba853",
							"Type":	"Floor",
							"Skip":	false,
							"Origin":	{
								"$NodeId":	"BlockSet.Pattern-0454aebd-2819-4398-aa69-e7e9dfd662d0",
								"Type":	"BlockSet",
								"Skip":	false,
								"BlockSet":	{
									"$NodeId":	"BlockSet.BlockMask-3115e26a-bffe-4026-ab62-2ea4516d71ff",
									"Inclusive":	true,
									"Materials":	[{
											"$NodeId":	"Material-f70bf5af-db47-4cf4-9dae-75ce7eddefaa",
											"Solid":	"Empty"
										}]
								}
							},
							"Floor":	{
								"$NodeId":	"BlockSet.Pattern-1e4d8f96-78a1-4160-ac55-c793a2e2d400",
								"Type":	"BlockSet",
								"Skip":	false,
								"BlockSet":	{
									"$NodeId":	"BlockSet.BlockMask-690961ed-a00a-48ed-92c6-c91d467268d9",
									"Inclusive":	true,
									"Materials":	[{
											"$NodeId":	"Material-7427233f-e4b6-4eaf-bdf5-f38326cdbd60",
											"Solid":	"Soil_Gravel"
										}, {
											"$NodeId":	"Material-936364a3-bb6a-40ad-ad39-bd56e513a1ac",
											"Solid":	"Soil_Gravel_Sand"
										}, {
											"$NodeId":	"Material-4e70c137-28aa-45b1-8cdf-c36c1c268fe8",
											"Solid":	"Soil_Pebbles"
										}]
								}
							}
						}
					},
					"Scanner":	{
						"$NodeId":	"ColumnLinear.Scanner-32ed2641-0352-442d-a66e-c7a8a4aafe43",
						"Type":	"ColumnLinear",
						"Skip":	false,
						"MaxY":	5,
						"MinY":	-5,
						"RelativeToPosition":	true,
						"BaseHeightName":	"Water",
						"TopDownOrder":	false,
						"ResultCap":	1
					}
				}
			}],
		"Pattern":	{
			"$NodeId":	"Floor.Pattern-492e227a-2236-4503-bc57-9d557b376bf6",
			"Type":	"Floor",
			"Skip":	false,
			"Origin":	{
				"$NodeId":	"BlockSet.Pattern-25bad605-e925-4802-af89-4dcb73dee5f4",
				"Type":	"BlockSet",
				"Skip":	false,
				"BlockSet":	{
					"$NodeId":	"BlockSet.BlockMask-27ce63fd-9a2f-4b20-bcc2-361028a76ce1",
					"Inclusive":	true,
					"Materials":	[{
							"$NodeId":	"Material-8033bd73-e457-4b80-a330-9a2363767c03",
							"Solid":	"Empty"
						}, {
							"$NodeId":	"Material-914cd557-e737-47c8-a1b0-9d7baa246a8d",
							"Fluid":	"Water_Source"
						}]
				}
			},
			"Floor":	{
				"$NodeId":	"BlockSet.Pattern-f0df1dbd-71b3-4c32-98aa-cbecd4f224f7",
				"Type":	"BlockSet",
				"Skip":	false,
				"BlockSet":	{
					"$NodeId":	"BlockSet.BlockMask-3b9cdd53-5263-489e-8f88-4295df34e55c",
					"Inclusive":	true,
					"Materials":	[{
							"$NodeId":	"Material-2f31ffc5-2b27-4cbf-88ab-aaadeb4b0a10",
							"Solid":	"Soil_Gravel"
						}, {
							"$NodeId":	"Material-c698270e-834c-4d1c-8539-b53e76bd102c",
							"Solid":	"Soil_Gravel_Sand"
						}, {
							"$NodeId":	"Material-030d47a9-1739-49f3-87a7-658977cc92f5",
							"Solid":	"Soil_Pebbles"
						}]
				}
			}
		},
		"Scanner":	{
			"$NodeId":	"ColumnLinear.Scanner-1785a786-f5f9-48ea-ad12-0cf0fea59585",
			"Type":	"ColumnLinear",
			"Skip":	false,
			"MaxY":	50,
			"MinY":	-10,
			"RelativeToPosition":	false,
			"BaseHeightName":	"Base",
			"TopDownOrder":	false,
			"ResultCap":	1
		}
	},
	"$NodeEditorMetadata":	{
		"$Nodes":	{
			"Constant.Assignments-b4f1b095-8246-4b94-b797-8e5c5187e2f4":	{
				"$Position":	{
					"$x":	10417,
					"$y":	-345
				},
				"$Title":	"[ROOT] Constant Assignments"
			},
			"Cluster.Prop-b61f1303-f757-421a-94af-fcbbb0319c9a":	{
				"$Position":	{
					"$x":	11036,
					"$y":	-361
				}
			},
			"ManualCurve-d202f8ac-0719-4730-a654-e4a7bc69b24a":	{
				"$Position":	{
					"$x":	11822,
					"$y":	-1514
				}
			},
			"CurvePoint-1c7b993a-e000-4ec8-a912-89c4785bbc23":	{
				"$Position":	{
					"$x":	12430,
					"$y":	-1514
				}
			},
			"CurvePoint-7ec2503d-9ab2-44f2-8a16-0770165f3267":	{
				"$Position":	{
					"$x":	12429,
					"$y":	-1341
				}
			},
			"Weighted.Cluster.Prop-1c396888-437e-4419-b740-b17b228fbf8e":	{
				"$Position":	{
					"$x":	11846,
					"$y":	-1048
				}
			},
			"Column.Prop-9e5bfdea-f341-45db-af70-0cae596b7ac6":	{
				"$Position":	{
					"$x":	12319,
					"$y":	-1057
				}
			},
			"Block.Column.Prop-536a3118-2cbd-4bb9-8803-96b1f91877ca":	{
				"$Position":	{
					"$x":	13021,
					"$y":	-1063
				}
			},
			"Material-3f415626-afc4-4796-ae83-f75790ed3dee":	{
				"$Position":	{
					"$x":	13505,
					"$y":	-1079
				}
			},
			"Static.Directionality-11394c4d-3d51-4cf3-9f0f-7c5e035c5eea":	{
				"$Position":	{
					"$x":	13018,
					"$y":	-912
				}
			},
			"Floor.Pattern-443fe3ab-8eff-40ce-b18c-561b974ba853":	{
				"$Position":	{
					"$x":	13638,
					"$y":	-905
				}
			},
			"BlockSet.Pattern-0454aebd-2819-4398-aa69-e7e9dfd662d0":	{
				"$Position":	{
					"$x":	14286,
					"$y":	-1073
				}
			},
			"BlockSet.BlockMask-3115e26a-bffe-4026-ab62-2ea4516d71ff":	{
				"$Position":	{
					"$x":	14918,
					"$y":	-1068
				}
			},
			"Material-f70bf5af-db47-4cf4-9dae-75ce7eddefaa":	{
				"$Position":	{
					"$x":	15419,
					"$y":	-1078
				}
			},
			"BlockSet.Pattern-1e4d8f96-78a1-4160-ac55-c793a2e2d400":	{
				"$Position":	{
					"$x":	14287,
					"$y":	-694
				}
			},
			"BlockSet.BlockMask-690961ed-a00a-48ed-92c6-c91d467268d9":	{
				"$Position":	{
					"$x":	14926,
					"$y":	-684
				}
			},
			"Material-7427233f-e4b6-4eaf-bdf5-f38326cdbd60":	{
				"$Position":	{
					"$x":	15414,
					"$y":	-699
				}
			},
			"Material-936364a3-bb6a-40ad-ad39-bd56e513a1ac":	{
				"$Position":	{
					"$x":	15419,
					"$y":	-544
				}
			},
			"Material-4e70c137-28aa-45b1-8cdf-c36c1c268fe8":	{
				"$Position":	{
					"$x":	15427,
					"$y":	-372
				}
			},
			"ColumnLinear.Scanner-32ed2641-0352-442d-a66e-c7a8a4aafe43":	{
				"$Position":	{
					"$x":	13026,
					"$y":	-713
				}
			},
			"Floor.Pattern-492e227a-2236-4503-bc57-9d557b376bf6":	{
				"$Position":	{
					"$x":	11769,
					"$y":	-197
				}
			},
			"BlockSet.Pattern-25bad605-e925-4802-af89-4dcb73dee5f4":	{
				"$Position":	{
					"$x":	12417,
					"$y":	-250
				}
			},
			"BlockSet.BlockMask-27ce63fd-9a2f-4b20-bcc2-361028a76ce1":	{
				"$Position":	{
					"$x":	13049,
					"$y":	-245
				}
			},
			"Material-8033bd73-e457-4b80-a330-9a2363767c03":	{
				"$Position":	{
					"$x":	13566,
					"$y":	-252
				}
			},
			"Material-914cd557-e737-47c8-a1b0-9d7baa246a8d":	{
				"$Position":	{
					"$x":	13564,
					"$y":	-83
				}
			},
			"BlockSet.Pattern-f0df1dbd-71b3-4c32-98aa-cbecd4f224f7":	{
				"$Position":	{
					"$x":	12428,
					"$y":	95
				}
			},
			"BlockSet.BlockMask-3b9cdd53-5263-489e-8f88-4295df34e55c":	{
				"$Position":	{
					"$x":	13064,
					"$y":	104
				}
			},
			"Material-2f31ffc5-2b27-4cbf-88ab-aaadeb4b0a10":	{
				"$Position":	{
					"$x":	13556,
					"$y":	107
				}
			},
			"Material-c698270e-834c-4d1c-8539-b53e76bd102c":	{
				"$Position":	{
					"$x":	13561,
					"$y":	262
				}
			},
			"Material-030d47a9-1739-49f3-87a7-658977cc92f5":	{
				"$Position":	{
					"$x":	13568,
					"$y":	433
				}
			},
			"ColumnLinear.Scanner-1785a786-f5f9-48ea-ad12-0cf0fea59585":	{
				"$Position":	{
					"$x":	11771,
					"$y":	131
				}
			}
		},
		"$FloatingNodes":	[],
		"$Links":	{
		},
		"$Groups":	[],
		"$Comments":	[],
		"$WorkspaceID":	"HytaleGenerator - Assignments"
	}
}