{
	"$Title":	"[ROOT] FieldFunction Assignments",
	"$Position":	{
		"$x":	7568,
		"$y":	-684
	},
	"Type":	"FieldFunction",
	"ExportAs":	"Taiga1_Redwood_Boulders",
	"FieldFunction":	{
		"$Position":	{
			"$x":	8414,
			"$y":	-1530
		},
		"Type":	"SimplexNoise2D",
		"Skip":	false,
		"Lacunarity":	2,
		"Persistence":	0.5,
		"Octaves":	1,
		"Scale":	30,
		"Seed":	"Y"
	},
	"Delimiters":	[{
			"$Position":	{
				"$x":	8437,
				"$y":	-168
			},
			"Max":	1,
			"Min":	-1,
			"Assignments":	{
				"$Position":	{
					"$x":	8927,
					"$y":	-163
				},
				"Type":	"Constant",
				"Prop":	{
					"$Position":	{
						"$x":	9526,
						"$y":	-155
					},
					"Type":	"Union",
					"Skip":	false,
					"Props":	[{
							"$Position":	{
								"$x":	10282,
								"$y":	-194
							},
							"Type":	"Prefab",
							"Skip":	false,
							"WeightedPrefabPaths":	[{
									"$Position":	{
										"$x":	11067,
										"$y":	-311
									},
									"Path":	"Trees/Redwood_Logs/",
									"Weight":	100
								}],
							"LegacyPath":	false,
							"LoadEntities":	true,
							"Directionality":	{
								"$Position":	{
									"$x":	11074,
									"$y":	-98
								},
								"Type":	"Random",
								"Seed":	"A",
								"Pattern":	{
									"$Position":	{
										"$x":	11790,
										"$y":	-79
									},
									"Type":	"And",
									"Skip":	false,
									"Patterns":	[{
											"$Position":	{
												"$x":	12525,
												"$y":	-60
											},
											"Type":	"Floor",
											"Skip":	false,
											"Origin":	{
												"$Position":	{
													"$x":	13160,
													"$y":	-152
												},
												"Type":	"BlockType",
												"Skip":	false,
												"Material":	{
													"$Position":	{
														"$x":	13862,
														"$y":	-153
													},
													"Solid":	"Empty"
												}
											},
											"Floor":	{
												"$Position":	{
													"$x":	13148,
													"$y":	57
												},
												"Type":	"BlockSet",
												"Skip":	false,
												"BlockSet":	{
													"$Position":	{
														"$x":	13797,
														"$y":	73
													},
													"Inclusive":	true,
													"Materials":	[{
															"$Position":	{
																"$x":	14282,
																"$y":	64
															},
															"Solid":	"Soil_Needles"
														}, {
															"$Position":	{
																"$x":	14285,
																"$y":	221
															},
															"Solid":	"Soil_Grass"
														}, {
															"$Position":	{
																"$x":	14280,
																"$y":	386
															},
															"Solid":	"Soil_Leaves"
														}, {
															"$Position":	{
																"$x":	14286,
																"$y":	537
															},
															"Solid":	"Soil_Pathway"
														}]
												}
											}
										}]
								}
							},
							"Scanner":	{
								"$Position":	{
									"$x":	11069,
									"$y":	86
								},
								"Type":	"ColumnLinear",
								"Skip":	false,
								"MaxY":	70,
								"MinY":	0,
								"RelativeToPosition":	false,
								"BaseHeightName":	"Base",
								"TopDownOrder":	true,
								"ResultCap":	1
							},
							"MoldingDirection":	"None",
							"MoldingChildren":	false
						}]
				}
			}
		}],
	"$WorkspaceID":	"HytaleGenerator - Assignments",
	"$Groups":	[{
			"$Position":	{
				"$x":	8368.6875,
				"$y":	-1060.75
			},
			"$width":	6647.375,
			"$height":	1952,
			"$name":	"Redwood Logs"
		}]
}