{
	"$Title":	"[ROOT] FieldFunction Assignments",
	"$Position":	{
		"$x":	-704,
		"$y":	11153
	},
	"Type":	"FieldFunction",
	"ExportAs":	"Taiga1_Mountains_Trees",
	"FieldFunction":	{
		"$Position":	{
			"$x":	230,
			"$y":	9361
		},
		"Type":	"SimplexNoise2D",
		"Skip":	false,
		"Lacunarity":	2,
		"Persistence":	0.5,
		"Octaves":	1,
		"Scale":	25,
		"Seed":	"A"
	},
	"Delimiters":	[{
			"$Position":	{
				"$x":	235,
				"$y":	10085
			},
			"Max":	-0.5,
			"Min":	-1,
			"Assignments":	{
				"$Position":	{
					"$x":	758,
					"$y":	10088
				},
				"Type":	"Constant",
				"Prop":	{
					"$Position":	{
						"$x":	1372,
						"$y":	10094
					},
					"Type":	"Union",
					"Skip":	false,
					"Props":	[{
							"$Position":	{
								"$x":	2220,
								"$y":	8754
							},
							"Type":	"Prefab",
							"Skip":	false,
							"WeightedPrefabPaths":	[{
									"$Position":	{
										"$x":	3007,
										"$y":	8687
									},
									"Path":	"Trees/Aspen/Stage_0/",
									"Weight":	20
								}],
							"LegacyPath":	false,
							"LoadEntities":	true,
							"Directionality":	{
								"$Position":	{
									"$x":	3012,
									"$y":	9056
								},
								"Type":	"Random",
								"Seed":	"A",
								"Pattern":	{
									"$Position":	{
										"$x":	3728,
										"$y":	9075
									},
									"Type":	"And",
									"Skip":	false,
									"Patterns":	[{
											"$Position":	{
												"$x":	4463,
												"$y":	9094
											},
											"Type":	"Floor",
											"Skip":	false,
											"Origin":	{
												"$Position":	{
													"$x":	5098,
													"$y":	9002
												},
												"Type":	"BlockType",
												"Skip":	false,
												"Material":	{
													"$Position":	{
														"$x":	5800,
														"$y":	9001
													},
													"Solid":	"Empty"
												}
											},
											"Floor":	{
												"$Position":	{
													"$x":	5086,
													"$y":	9212
												},
												"Type":	"BlockSet",
												"Skip":	false,
												"BlockSet":	{
													"$Position":	{
														"$x":	5735,
														"$y":	9228
													},
													"Inclusive":	true,
													"Materials":	[{
															"$Position":	{
																"$x":	6220,
																"$y":	9219
															},
															"Solid":	"Soil_Needles"
														}, {
															"$Position":	{
																"$x":	6223,
																"$y":	9376
															},
															"Solid":	"Soil_Grass"
														}, {
															"$Position":	{
																"$x":	6218,
																"$y":	9541
															},
															"Solid":	"Soil_Leaves"
														}]
												}
											}
										}]
								}
							},
							"Scanner":	{
								"$Position":	{
									"$x":	3024,
									"$y":	9400
								},
								"Type":	"ColumnLinear",
								"Skip":	false,
								"MaxY":	180,
								"MinY":	60,
								"RelativeToPosition":	false,
								"BaseHeightName":	"Base",
								"TopDownOrder":	true,
								"ResultCap":	1
							},
							"BlockMask":	{
								"$Position":	{
									"$x":	3008,
									"$y":	8846
								},
								"Import":	"Taiga1_Trees"
							},
							"MoldingDirection":	"None",
							"MoldingChildren":	false
						}, {
							"$Position":	{
								"$x":	2248,
								"$y":	10484
							},
							"Type":	"Prefab",
							"Skip":	false,
							"WeightedPrefabPaths":	[{
									"$Position":	{
										"$x":	3026,
										"$y":	10225
									},
									"Path":	"Trees/Aspen/Stage_0/",
									"Weight":	20
								}, {
									"$Position":	{
										"$x":	3018,
										"$y":	10388
									},
									"Path":	"Trees/Aspen/Stage_1/",
									"Weight":	20
								}],
							"LegacyPath":	false,
							"LoadEntities":	true,
							"Directionality":	{
								"$Position":	{
									"$x":	3040,
									"$y":	10757
								},
								"Type":	"Random",
								"Seed":	"A",
								"Pattern":	{
									"$Position":	{
										"$x":	3756,
										"$y":	10776
									},
									"Type":	"And",
									"Skip":	false,
									"Patterns":	[{
											"$Position":	{
												"$x":	4491,
												"$y":	10795
											},
											"Type":	"Floor",
											"Skip":	false,
											"Origin":	{
												"$Position":	{
													"$x":	5126,
													"$y":	10703
												},
												"Type":	"BlockType",
												"Skip":	false,
												"Material":	{
													"$Position":	{
														"$x":	5828,
														"$y":	10702
													},
													"Solid":	"Empty"
												}
											},
											"Floor":	{
												"$Position":	{
													"$x":	5114,
													"$y":	10913
												},
												"Type":	"BlockSet",
												"Skip":	false,
												"BlockSet":	{
													"$Position":	{
														"$x":	5763,
														"$y":	10929
													},
													"Inclusive":	true,
													"Materials":	[{
															"$Position":	{
																"$x":	6248,
																"$y":	10920
															},
															"Solid":	"Soil_Needles"
														}, {
															"$Position":	{
																"$x":	6251,
																"$y":	11077
															},
															"Solid":	"Soil_Grass"
														}, {
															"$Position":	{
																"$x":	6246,
																"$y":	11242
															},
															"Solid":	"Soil_Leaves"
														}]
												}
											}
										}]
								}
							},
							"Scanner":	{
								"$Position":	{
									"$x":	3052,
									"$y":	11101
								},
								"Type":	"ColumnLinear",
								"Skip":	false,
								"MaxY":	60,
								"MinY":	0,
								"RelativeToPosition":	false,
								"BaseHeightName":	"Base",
								"TopDownOrder":	true,
								"ResultCap":	1
							},
							"BlockMask":	{
								"$Position":	{
									"$x":	3036,
									"$y":	10547
								},
								"Import":	"Taiga1_Trees"
							},
							"MoldingDirection":	"None",
							"MoldingChildren":	false
						}]
				}
			}
		}, {
			"$Position":	{
				"$x":	214,
				"$y":	13286
			},
			"Max":	1,
			"Min":	-0.5,
			"Assignments":	{
				"$Position":	{
					"$x":	702,
					"$y":	13323
				},
				"Type":	"FieldFunction",
				"FieldFunction":	{
					"$Position":	{
						"$x":	1379,
						"$y":	12875
					},
					"Type":	"SimplexNoise2D",
					"Skip":	false,
					"Lacunarity":	2,
					"Persistence":	0.5,
					"Octaves":	1,
					"Scale":	40,
					"Seed":	"A"
				},
				"Delimiters":	[{
						"$Position":	{
							"$x":	1408,
							"$y":	13315
						},
						"Max":	1,
						"Min":	-0.4,
						"Assignments":	{
							"$Position":	{
								"$x":	2097,
								"$y":	13264
							},
							"Type":	"Constant",
							"Prop":	{
								"$Position":	{
									"$x":	2731,
									"$y":	13263
								},
								"Type":	"Union",
								"Skip":	false,
								"Props":	[{
										"$Position":	{
											"$x":	3550,
											"$y":	12523
										},
										"Type":	"Prefab",
										"Skip":	false,
										"WeightedPrefabPaths":	[{
												"$Position":	{
													"$x":	4335,
													"$y":	12399
												},
												"Path":	"Trees/Fir/Stage_1/",
												"Weight":	20
											}],
										"LegacyPath":	false,
										"LoadEntities":	true,
										"Directionality":	{
											"$Position":	{
												"$x":	4342,
												"$y":	12796
											},
											"Type":	"Random",
											"Seed":	"A",
											"Pattern":	{
												"$Position":	{
													"$x":	5058,
													"$y":	12815
												},
												"Type":	"And",
												"Skip":	false,
												"Patterns":	[{
														"$Position":	{
															"$x":	5793,
															"$y":	12834
														},
														"Type":	"Floor",
														"Skip":	false,
														"Origin":	{
															"$Position":	{
																"$x":	6428,
																"$y":	12742
															},
															"Type":	"BlockType",
															"Skip":	false,
															"Material":	{
																"$Position":	{
																	"$x":	7130,
																	"$y":	12741
																},
																"Solid":	"Empty"
															}
														},
														"Floor":	{
															"$Position":	{
																"$x":	6416,
																"$y":	12952
															},
															"Type":	"BlockSet",
															"Skip":	false,
															"BlockSet":	{
																"$Position":	{
																	"$x":	7065,
																	"$y":	12968
																},
																"Inclusive":	true,
																"Materials":	[{
																		"$Position":	{
																			"$x":	7550,
																			"$y":	12959
																		},
																		"Solid":	"Soil_Needles"
																	}, {
																		"$Position":	{
																			"$x":	7553,
																			"$y":	13116
																		},
																		"Solid":	"Soil_Grass"
																	}, {
																		"$Position":	{
																			"$x":	7548,
																			"$y":	13281
																		},
																		"Solid":	"Soil_Leaves"
																	}]
															}
														}
													}]
											}
										},
										"Scanner":	{
											"$Position":	{
												"$x":	4354,
												"$y":	13140
											},
											"Type":	"ColumnLinear",
											"Skip":	false,
											"MaxY":	180,
											"MinY":	60,
											"RelativeToPosition":	false,
											"BaseHeightName":	"Base",
											"TopDownOrder":	true,
											"ResultCap":	1
										},
										"BlockMask":	{
											"$Position":	{
												"$x":	4338,
												"$y":	12586
											},
											"Import":	"Taiga1_Trees"
										},
										"MoldingDirection":	"None",
										"MoldingChildren":	false
									}, {
										"$Position":	{
											"$x":	3518,
											"$y":	14055
										},
										"Type":	"Cluster",
										"Skip":	false,
										"Range":	10,
										"Seed":	"A",
										"DistanceCurve":	{
											"$Position":	{
												"$x":	4215,
												"$y":	14029
											},
											"Type":	"Manual",
											"Points":	[{
													"$Position":	{
														"$x":	4860,
														"$y":	13888
													},
													"In":	2,
													"Out":	0.02
												}, {
													"$Position":	{
														"$x":	4843,
														"$y":	14038
													},
													"In":	4,
													"Out":	0
												}]
										},
										"WeightedProps":	[{
												"$Position":	{
													"$x":	4261,
													"$y":	14232
												},
												"Weight":	1,
												"ColumnProp":	{
													"$Position":	{
														"$x":	4831,
														"$y":	14199
													},
													"Type":	"Column",
													"Skip":	false,
													"ColumnBlocks":	[{
															"$Position":	{
																"$x":	5546,
																"$y":	14211
															},
															"Y":	0,
															"Material":	{
																"$Position":	{
																	"$x":	5966,
																	"$y":	14182
																},
																"Solid":	"Wood_Sticks"
															}
														}],
													"Directionality":	{
														"$Position":	{
															"$x":	5545,
															"$y":	14359
														},
														"Type":	"Static",
														"Rotation":	0,
														"Pattern":	{
															"$Position":	{
																"$x":	6185,
																"$y":	14356
															},
															"Type":	"Floor",
															"Skip":	false,
															"Origin":	{
																"$Position":	{
																	"$x":	6820,
																	"$y":	14264
																},
																"Type":	"BlockType",
																"Skip":	false,
																"Material":	{
																	"$Position":	{
																		"$x":	7522,
																		"$y":	14263
																	},
																	"Solid":	"Empty"
																}
															},
															"Floor":	{
																"$Position":	{
																	"$x":	6808,
																	"$y":	14474
																},
																"Type":	"BlockSet",
																"Skip":	false,
																"BlockSet":	{
																	"$Position":	{
																		"$x":	7481,
																		"$y":	14487
																	},
																	"Inclusive":	true,
																	"Materials":	[{
																			"$Position":	{
																				"$x":	7966,
																				"$y":	14478
																			},
																			"Solid":	"Soil_Needles"
																		}, {
																			"$Position":	{
																				"$x":	7969,
																				"$y":	14635
																			},
																			"Solid":	"Soil_Grass"
																		}, {
																			"$Position":	{
																				"$x":	7964,
																				"$y":	14800
																			},
																			"Solid":	"Soil_Leaves"
																		}]
																}
															}
														}
													},
													"Scanner":	{
														"$Position":	{
															"$x":	5549,
															"$y":	14501
														},
														"Type":	"ColumnLinear",
														"Skip":	false,
														"MaxY":	5,
														"MinY":	-5,
														"RelativeToPosition":	true,
														"BaseHeightName":	"Base",
														"TopDownOrder":	true,
														"ResultCap":	1
													}
												}
											}],
										"Pattern":	{
											"$Position":	{
												"$x":	4856,
												"$y":	15018
											},
											"Type":	"Floor",
											"Skip":	false,
											"Origin":	{
												"$Position":	{
													"$x":	5491,
													"$y":	14926
												},
												"Type":	"BlockType",
												"Skip":	false,
												"Material":	{
													"$Position":	{
														"$x":	6193,
														"$y":	14925
													},
													"Solid":	"Empty"
												}
											},
											"Floor":	{
												"$Position":	{
													"$x":	5479,
													"$y":	15136
												},
												"Type":	"BlockSet",
												"Skip":	false,
												"BlockSet":	{
													"$Position":	{
														"$x":	6152,
														"$y":	15149
													},
													"Inclusive":	true,
													"Materials":	[{
															"$Position":	{
																"$x":	6637,
																"$y":	15140
															},
															"Solid":	"Soil_Needles"
														}, {
															"$Position":	{
																"$x":	6640,
																"$y":	15297
															},
															"Solid":	"Soil_Grass"
														}, {
															"$Position":	{
																"$x":	6635,
																"$y":	15462
															},
															"Solid":	"Soil_Leaves"
														}]
												}
											}
										},
										"Scanner":	{
											"$Position":	{
												"$x":	4240,
												"$y":	14672
											},
											"Type":	"ColumnLinear",
											"Skip":	false,
											"MaxY":	160,
											"MinY":	0,
											"RelativeToPosition":	false,
											"BaseHeightName":	"Base",
											"TopDownOrder":	true,
											"ResultCap":	1
										}
									}, {
										"$Position":	{
											"$x":	3547,
											"$y":	16096
										},
										"Type":	"Cluster",
										"Skip":	false,
										"Range":	10,
										"Seed":	"A",
										"DistanceCurve":	{
											"$Position":	{
												"$x":	4244,
												"$y":	16070
											},
											"Type":	"Manual",
											"Points":	[{
													"$Position":	{
														"$x":	4889,
														"$y":	15929
													},
													"In":	2,
													"Out":	0.02
												}, {
													"$Position":	{
														"$x":	4872,
														"$y":	16079
													},
													"In":	3,
													"Out":	0
												}]
										},
										"WeightedProps":	[{
												"$Position":	{
													"$x":	4290,
													"$y":	16273
												},
												"Weight":	1,
												"ColumnProp":	{
													"$Position":	{
														"$x":	4860,
														"$y":	16240
													},
													"Type":	"Column",
													"Skip":	false,
													"ColumnBlocks":	[{
															"$Position":	{
																"$x":	5575,
																"$y":	16252
															},
															"Y":	0,
															"Material":	{
																"$Position":	{
																	"$x":	5995,
																	"$y":	16224
																},
																"Solid":	"Plant_Crop_Stamina2"
															}
														}],
													"Directionality":	{
														"$Position":	{
															"$x":	5574,
															"$y":	16400
														},
														"Type":	"Static",
														"Rotation":	0,
														"Pattern":	{
															"$Position":	{
																"$x":	6195,
																"$y":	16413
															},
															"Type":	"Floor",
															"Skip":	false,
															"Origin":	{
																"$Position":	{
																	"$x":	6830,
																	"$y":	16321
																},
																"Type":	"BlockType",
																"Skip":	false,
																"Material":	{
																	"$Position":	{
																		"$x":	7532,
																		"$y":	16320
																	},
																	"Solid":	"Empty"
																}
															},
															"Floor":	{
																"$Position":	{
																	"$x":	6818,
																	"$y":	16531
																},
																"Type":	"BlockSet",
																"Skip":	false,
																"BlockSet":	{
																	"$Position":	{
																		"$x":	7491,
																		"$y":	16544
																	},
																	"Inclusive":	true,
																	"Materials":	[{
																			"$Position":	{
																				"$x":	7976,
																				"$y":	16535
																			},
																			"Solid":	"Soil_Needles"
																		}, {
																			"$Position":	{
																				"$x":	7979,
																				"$y":	16692
																			},
																			"Solid":	"Soil_Grass"
																		}, {
																			"$Position":	{
																				"$x":	7983,
																				"$y":	16867
																			},
																			"Solid":	"Soil_Leaves"
																		}]
																}
															}
														}
													},
													"Scanner":	{
														"$Position":	{
															"$x":	5578,
															"$y":	16542
														},
														"Type":	"ColumnLinear",
														"Skip":	false,
														"MaxY":	5,
														"MinY":	-5,
														"RelativeToPosition":	true,
														"BaseHeightName":	"Base",
														"TopDownOrder":	true,
														"ResultCap":	1
													}
												}
											}],
										"Pattern":	{
											"$Position":	{
												"$x":	4896,
												"$y":	17090
											},
											"Type":	"Floor",
											"Skip":	false,
											"Origin":	{
												"$Position":	{
													"$x":	5531,
													"$y":	16998
												},
												"Type":	"BlockType",
												"Skip":	false,
												"Material":	{
													"$Position":	{
														"$x":	6233,
														"$y":	16997
													},
													"Solid":	"Empty"
												}
											},
											"Floor":	{
												"$Position":	{
													"$x":	5519,
													"$y":	17208
												},
												"Type":	"BlockSet",
												"Skip":	false,
												"BlockSet":	{
													"$Position":	{
														"$x":	6192,
														"$y":	17221
													},
													"Inclusive":	true,
													"Materials":	[{
															"$Position":	{
																"$x":	6677,
																"$y":	17212
															},
															"Solid":	"Soil_Needles"
														}, {
															"$Position":	{
																"$x":	6680,
																"$y":	17369
															},
															"Solid":	"Soil_Grass"
														}, {
															"$Position":	{
																"$x":	6675,
																"$y":	17534
															},
															"Solid":	"Soil_Leaves"
														}]
												}
											}
										},
										"Scanner":	{
											"$Position":	{
												"$x":	4269,
												"$y":	16713
											},
											"Type":	"ColumnLinear",
											"Skip":	false,
											"MaxY":	160,
											"MinY":	0,
											"RelativeToPosition":	false,
											"BaseHeightName":	"Base",
											"TopDownOrder":	true,
											"ResultCap":	1
										}
									}, {
										"$Position":	{
											"$x":	3724,
											"$y":	18369
										},
										"Type":	"Prefab",
										"Skip":	false,
										"WeightedPrefabPaths":	[{
												"$Position":	{
													"$x":	4516,
													"$y":	18075
												},
												"Path":	"Trees/Fir/Stage_1/",
												"Weight":	20
											}, {
												"$Position":	{
													"$x":	4510,
													"$y":	18268
												},
												"Path":	"Trees/Fir/Stage_2/",
												"Weight":	70
											}],
										"LegacyPath":	false,
										"LoadEntities":	true,
										"Directionality":	{
											"$Position":	{
												"$x":	4516,
												"$y":	18642
											},
											"Type":	"Random",
											"Seed":	"A",
											"Pattern":	{
												"$Position":	{
													"$x":	5232,
													"$y":	18661
												},
												"Type":	"And",
												"Skip":	false,
												"Patterns":	[{
														"$Position":	{
															"$x":	5967,
															"$y":	18680
														},
														"Type":	"Floor",
														"Skip":	false,
														"Origin":	{
															"$Position":	{
																"$x":	6602,
																"$y":	18588
															},
															"Type":	"BlockType",
															"Skip":	false,
															"Material":	{
																"$Position":	{
																	"$x":	7304,
																	"$y":	18587
																},
																"Solid":	"Empty"
															}
														},
														"Floor":	{
															"$Position":	{
																"$x":	6590,
																"$y":	18798
															},
															"Type":	"BlockSet",
															"Skip":	false,
															"BlockSet":	{
																"$Position":	{
																	"$x":	7239,
																	"$y":	18814
																},
																"Inclusive":	true,
																"Materials":	[{
																		"$Position":	{
																			"$x":	7724,
																			"$y":	18805
																		},
																		"Solid":	"Soil_Needles"
																	}, {
																		"$Position":	{
																			"$x":	7727,
																			"$y":	18962
																		},
																		"Solid":	"Soil_Grass"
																	}, {
																		"$Position":	{
																			"$x":	7722,
																			"$y":	19127
																		},
																		"Solid":	"Soil_Leaves"
																	}]
															}
														}
													}]
											}
										},
										"Scanner":	{
											"$Position":	{
												"$x":	4528,
												"$y":	18986
											},
											"Type":	"ColumnLinear",
											"Skip":	false,
											"MaxY":	60,
											"MinY":	0,
											"RelativeToPosition":	false,
											"BaseHeightName":	"Base",
											"TopDownOrder":	true,
											"ResultCap":	1
										},
										"BlockMask":	{
											"$Position":	{
												"$x":	4512,
												"$y":	18432
											},
											"Import":	"Taiga1_Trees"
										},
										"MoldingDirection":	"None",
										"MoldingChildren":	false
									}]
							}
						}
					}, {
						"$Position":	{
							"$x":	1628,
							"$y":	20343
						},
						"Max":	-0.4,
						"Min":	-1,
						"Assignments":	{
							"$Position":	{
								"$x":	2108,
								"$y":	20351
							},
							"Type":	"Constant",
							"Prop":	{
								"$Position":	{
									"$x":	2720,
									"$y":	20370
								},
								"Type":	"Union",
								"Skip":	false,
								"Props":	[{
										"$Position":	{
											"$x":	3759,
											"$y":	20316
										},
										"Type":	"Prefab",
										"Skip":	false,
										"WeightedPrefabPaths":	[{
												"$Position":	{
													"$x":	4549,
													"$y":	20027
												},
												"Path":	"Trees/Cedar/Stage_00/",
												"Weight":	70
											}, {
												"$Position":	{
													"$x":	4544,
													"$y":	20192
												},
												"Path":	"Trees/Cedar/Stage_0/",
												"Weight":	30
											}],
										"LegacyPath":	false,
										"LoadEntities":	true,
										"Directionality":	{
											"$Position":	{
												"$x":	4551,
												"$y":	20589
											},
											"Type":	"Random",
											"Seed":	"A",
											"Pattern":	{
												"$Position":	{
													"$x":	5267,
													"$y":	20608
												},
												"Type":	"And",
												"Skip":	false,
												"Patterns":	[{
														"$Position":	{
															"$x":	6002,
															"$y":	20627
														},
														"Type":	"Floor",
														"Skip":	false,
														"Origin":	{
															"$Position":	{
																"$x":	6637,
																"$y":	20535
															},
															"Type":	"BlockType",
															"Skip":	false,
															"Material":	{
																"$Position":	{
																	"$x":	7339,
																	"$y":	20534
																},
																"Solid":	"Empty"
															}
														},
														"Floor":	{
															"$Position":	{
																"$x":	6625,
																"$y":	20745
															},
															"Type":	"BlockSet",
															"Skip":	false,
															"BlockSet":	{
																"$Position":	{
																	"$x":	7274,
																	"$y":	20761
																},
																"Inclusive":	true,
																"Materials":	[{
																		"$Position":	{
																			"$x":	7759,
																			"$y":	20752
																		},
																		"Solid":	"Soil_Needles"
																	}, {
																		"$Position":	{
																			"$x":	7762,
																			"$y":	20909
																		},
																		"Solid":	"Soil_Grass"
																	}, {
																		"$Position":	{
																			"$x":	7757,
																			"$y":	21074
																		},
																		"Solid":	"Soil_Leaves"
																	}]
															}
														}
													}]
											}
										},
										"Scanner":	{
											"$Position":	{
												"$x":	4563,
												"$y":	20933
											},
											"Type":	"ColumnLinear",
											"Skip":	false,
											"MaxY":	180,
											"MinY":	60,
											"RelativeToPosition":	false,
											"BaseHeightName":	"Base",
											"TopDownOrder":	true,
											"ResultCap":	1
										},
										"BlockMask":	{
											"$Position":	{
												"$x":	4547,
												"$y":	20379
											},
											"Import":	"Taiga1_Trees"
										},
										"MoldingDirection":	"None",
										"MoldingChildren":	false
									}, {
										"$Position":	{
											"$x":	3869,
											"$y":	22033
										},
										"Type":	"Prefab",
										"Skip":	false,
										"WeightedPrefabPaths":	[{
												"$Position":	{
													"$x":	4676,
													"$y":	21733
												},
												"Path":	"Trees/Cedar/Stage_0/",
												"Weight":	70
											}, {
												"$Position":	{
													"$x":	4671,
													"$y":	21898
												},
												"Path":	"Trees/Cedar/Stage_1/",
												"Weight":	30
											}],
										"LegacyPath":	false,
										"LoadEntities":	true,
										"Directionality":	{
											"$Position":	{
												"$x":	4661,
												"$y":	22306
											},
											"Type":	"Random",
											"Seed":	"A",
											"Pattern":	{
												"$Position":	{
													"$x":	5377,
													"$y":	22325
												},
												"Type":	"And",
												"Skip":	false,
												"Patterns":	[{
														"$Position":	{
															"$x":	6112,
															"$y":	22344
														},
														"Type":	"Floor",
														"Skip":	false,
														"Origin":	{
															"$Position":	{
																"$x":	6747,
																"$y":	22252
															},
															"Type":	"BlockType",
															"Skip":	false,
															"Material":	{
																"$Position":	{
																	"$x":	7449,
																	"$y":	22251
																},
																"Solid":	"Empty"
															}
														},
														"Floor":	{
															"$Position":	{
																"$x":	6735,
																"$y":	22462
															},
															"Type":	"BlockSet",
															"Skip":	false,
															"BlockSet":	{
																"$Position":	{
																	"$x":	7384,
																	"$y":	22478
																},
																"Inclusive":	true,
																"Materials":	[{
																		"$Position":	{
																			"$x":	7869,
																			"$y":	22469
																		},
																		"Solid":	"Soil_Needles"
																	}, {
																		"$Position":	{
																			"$x":	7872,
																			"$y":	22626
																		},
																		"Solid":	"Soil_Grass"
																	}, {
																		"$Position":	{
																			"$x":	7867,
																			"$y":	22791
																		},
																		"Solid":	"Soil_Leaves"
																	}]
															}
														}
													}]
											}
										},
										"Scanner":	{
											"$Position":	{
												"$x":	4673,
												"$y":	22650
											},
											"Type":	"ColumnLinear",
											"Skip":	false,
											"MaxY":	60,
											"MinY":	0,
											"RelativeToPosition":	false,
											"BaseHeightName":	"Base",
											"TopDownOrder":	true,
											"ResultCap":	1
										},
										"BlockMask":	{
											"$Position":	{
												"$x":	4657,
												"$y":	22096
											},
											"Import":	"Taiga1_Trees"
										},
										"MoldingDirection":	"None",
										"MoldingChildren":	false
									}]
							}
						}
					}]
			}
		}],
	"$WorkspaceID":	"HytaleGenerator - Assignments",
	"$Groups":	[{
			"$Position":	{
				"$x":	3587.75,
				"$y":	17926.4375
			},
			"$width":	4865.1875,
			"$height":	1506.5,
			"$name":	"Fir"
		}, {
			"$Position":	{
				"$x":	2132.3125,
				"$y":	8339.375
			},
			"$width":	4817,
			"$height":	1506.5,
			"$name":	"Thin Ash"
		}, {
			"$Position":	{
				"$x":	2160.375,
				"$y":	10041.1875
			},
			"$width":	4817,
			"$height":	1506.5,
			"$name":	"Ash"
		}, {
			"$Position":	{
				"$x":	3413.625,
				"$y":	12079.4375
			},
			"$width":	4865.1875,
			"$height":	1506.5,
			"$name":	"Thin Fir"
		}, {
			"$Position":	{
				"$x":	3418.3125,
				"$y":	13718
			},
			"$width":	5319.5625,
			"$height":	1984.6875,
			"$name":	"Sticks"
		}, {
			"$Position":	{
				"$x":	3437.5,
				"$y":	15855
			},
			"$width":	5295.4375,
			"$height":	1947.75,
			"$name":	"Mushrooms"
		}, {
			"$Position":	{
				"$x":	3733.0625,
				"$y":	21591.0625
			},
			"$width":	4865.1875,
			"$height":	1506.5,
			"$name":	"Cedar"
		}, {
			"$Position":	{
				"$x":	3623.5625,
				"$y":	19872.5
			},
			"$width":	4865.1875,
			"$height":	1506.5,
			"$name":	"Cedar Thin"
		}]
}
