{
	"$Title":	"[ROOT] Weighted Assignments",
	"$Position":	{
		"$x":	7762,
		"$y":	-721
	},
	"Type":	"FieldFunction",
	"ExportAs":	"Taiga1_Mountains_Grasses",
	"FieldFunction":	{
		"$Position":	{
			"$x":	8450,
			"$y":	-745
		},
		"Type":	"SimplexNoise2D",
		"Skip":	false,
		"Lacunarity":	2,
		"Persistence":	0.5,
		"Octaves":	1,
		"Scale":	30,
		"Seed":	"21356"
	},
	"Delimiters":	[{
			"$Position":	{
				"$x":	8438,
				"$y":	127
			},
			"Max":	0.3,
			"Min":	-1,
			"Assignments":	{
				"$Position":	{
					"$x":	8921,
					"$y":	181
				},
				"Type":	"Weighted",
				"SkipChance":	0.9,
				"Seed":	"A",
				"WeightedAssignments":	[{
						"$Position":	{
							"$x":	9672,
							"$y":	184
						},
						"Weight":	1,
						"Assignments":	{
							"$Position":	{
								"$x":	10219,
								"$y":	170
							},
							"Type":	"Constant",
							"Prop":	{
								"$Position":	{
									"$x":	10870,
									"$y":	152
								},
								"Type":	"Column",
								"Skip":	false,
								"ColumnBlocks":	[{
										"$Position":	{
											"$x":	11572,
											"$y":	151
										},
										"Y":	0,
										"Material":	{
											"$Position":	{
												"$x":	12025,
												"$y":	109
											},
											"Solid":	"Plant_Grass_Lush_Short"
										}
									}],
								"Directionality":	{
									"$Position":	{
										"$x":	11559,
										"$y":	310
									},
									"Type":	"Static",
									"Rotation":	0,
									"Pattern":	{
										"$Position":	{
											"$x":	12194,
											"$y":	342
										},
										"Type":	"Floor",
										"Skip":	false,
										"Origin":	{
											"$Position":	{
												"$x":	12842,
												"$y":	174
											},
											"Type":	"BlockSet",
											"Skip":	false,
											"BlockSet":	{
												"$Position":	{
													"$x":	13474,
													"$y":	179
												},
												"Inclusive":	true,
												"Materials":	[{
														"$Position":	{
															"$x":	13948,
															"$y":	185
														},
														"Solid":	"Empty"
													}]
											}
										},
										"Floor":	{
											"$Position":	{
												"$x":	12787,
												"$y":	527
											},
											"Type":	"BlockSet",
											"Skip":	false,
											"BlockSet":	{
												"$Position":	{
													"$x":	13446,
													"$y":	537
												},
												"Inclusive":	true,
												"Materials":	[{
														"$Position":	{
															"$x":	13965,
															"$y":	498
														},
														"Solid":	"Soil_Grass"
													}, {
														"$Position":	{
															"$x":	13960,
															"$y":	661
														},
														"Solid":	"Soil_Leaves"
													}]
											}
										}
									}
								},
								"Scanner":	{
									"$Position":	{
										"$x":	11577,
										"$y":	502
									},
									"Type":	"ColumnLinear",
									"Skip":	false,
									"MaxY":	160,
									"MinY":	0,
									"RelativeToPosition":	false,
									"BaseHeightName":	"Base",
									"TopDownOrder":	false,
									"ResultCap":	1
								}
							}
						}
					}]
			}
		}, {
			"$Position":	{
				"$x":	8465,
				"$y":	1157
			},
			"Max":	0.75,
			"Min":	0.3,
			"Assignments":	{
				"$Position":	{
					"$x":	8960,
					"$y":	1155
				},
				"Type":	"Weighted",
				"SkipChance":	0.5,
				"Seed":	"A",
				"WeightedAssignments":	[{
						"$Position":	{
							"$x":	9712,
							"$y":	1159
						},
						"Weight":	1,
						"Assignments":	{
							"$Position":	{
								"$x":	10195,
								"$y":	1160
							},
							"Type":	"Constant",
							"Prop":	{
								"$Position":	{
									"$x":	10846,
									"$y":	1142
								},
								"Type":	"Column",
								"Skip":	false,
								"ColumnBlocks":	[{
										"$Position":	{
											"$x":	11548,
											"$y":	1136
										},
										"Y":	0,
										"Material":	{
											"$Position":	{
												"$x":	11981,
												"$y":	1118
											},
											"Solid":	"Plant_Grass_Sharp"
										}
									}],
								"Directionality":	{
									"$Position":	{
										"$x":	11552,
										"$y":	1316
									},
									"Type":	"Static",
									"Rotation":	0,
									"Pattern":	{
										"$Position":	{
											"$x":	12171,
											"$y":	1321
										},
										"Type":	"Floor",
										"Skip":	false,
										"Origin":	{
											"$Position":	{
												"$x":	12819,
												"$y":	1153
											},
											"Type":	"BlockSet",
											"Skip":	false,
											"BlockSet":	{
												"$Position":	{
													"$x":	13451,
													"$y":	1158
												},
												"Inclusive":	true,
												"Materials":	[{
														"$Position":	{
															"$x":	13925,
															"$y":	1164
														},
														"Solid":	"Empty"
													}]
											}
										},
										"Floor":	{
											"$Position":	{
												"$x":	12764,
												"$y":	1506
											},
											"Type":	"BlockSet",
											"Skip":	false,
											"BlockSet":	{
												"$Position":	{
													"$x":	13423,
													"$y":	1516
												},
												"Inclusive":	true,
												"Materials":	[{
														"$Position":	{
															"$x":	13942,
															"$y":	1477
														},
														"Solid":	"Soil_Grass"
													}, {
														"$Position":	{
															"$x":	13937,
															"$y":	1640
														},
														"Solid":	"Soil_Leaves"
													}]
											}
										}
									}
								},
								"Scanner":	{
									"$Position":	{
										"$x":	11553,
										"$y":	1487
									},
									"Type":	"ColumnLinear",
									"Skip":	false,
									"MaxY":	160,
									"MinY":	0,
									"RelativeToPosition":	false,
									"BaseHeightName":	"Base",
									"TopDownOrder":	false,
									"ResultCap":	1
								}
							}
						}
					}]
			}
		}, {
			"$Position":	{
				"$x":	8515,
				"$y":	2195
			},
			"Max":	1,
			"Min":	0.75,
			"Assignments":	{
				"$Position":	{
					"$x":	9007,
					"$y":	2197
				},
				"Type":	"Weighted",
				"SkipChance":	0.1,
				"Seed":	"A",
				"WeightedAssignments":	[{
						"$Position":	{
							"$x":	9726,
							"$y":	2189
						},
						"Weight":	60,
						"Assignments":	{
							"$Position":	{
								"$x":	10237,
								"$y":	2172
							},
							"Type":	"Constant",
							"Prop":	{
								"$Position":	{
									"$x":	10888,
									"$y":	2154
								},
								"Type":	"Column",
								"Skip":	false,
								"ColumnBlocks":	[{
										"$Position":	{
											"$x":	11590,
											"$y":	2148
										},
										"Y":	0,
										"Material":	{
											"$Position":	{
												"$x":	12062,
												"$y":	2129
											},
											"Solid":	"Plant_Grass_Sharp_Tall"
										}
									}],
								"Directionality":	{
									"$Position":	{
										"$x":	11577,
										"$y":	2307
									},
									"Type":	"Static",
									"Rotation":	0,
									"Pattern":	{
										"$Position":	{
											"$x":	12196,
											"$y":	2313
										},
										"Type":	"Floor",
										"Skip":	false,
										"Origin":	{
											"$Position":	{
												"$x":	12844,
												"$y":	2145
											},
											"Type":	"BlockSet",
											"Skip":	false,
											"BlockSet":	{
												"$Position":	{
													"$x":	13476,
													"$y":	2150
												},
												"Inclusive":	true,
												"Materials":	[{
														"$Position":	{
															"$x":	13950,
															"$y":	2156
														},
														"Solid":	"Empty"
													}]
											}
										},
										"Floor":	{
											"$Position":	{
												"$x":	12789,
												"$y":	2498
											},
											"Type":	"BlockSet",
											"Skip":	false,
											"BlockSet":	{
												"$Position":	{
													"$x":	13448,
													"$y":	2508
												},
												"Inclusive":	true,
												"Materials":	[{
														"$Position":	{
															"$x":	13967,
															"$y":	2469
														},
														"Solid":	"Soil_Grass"
													}, {
														"$Position":	{
															"$x":	13962,
															"$y":	2632
														},
														"Solid":	"Soil_Leaves"
													}]
											}
										}
									}
								},
								"Scanner":	{
									"$Position":	{
										"$x":	11595,
										"$y":	2499
									},
									"Type":	"ColumnLinear",
									"Skip":	false,
									"MaxY":	160,
									"MinY":	0,
									"RelativeToPosition":	false,
									"BaseHeightName":	"Base",
									"TopDownOrder":	false,
									"ResultCap":	1
								}
							}
						}
					}, {
						"$Position":	{
							"$x":	9776,
							"$y":	2994
						},
						"Weight":	40,
						"Assignments":	{
							"$Position":	{
								"$x":	10287,
								"$y":	2977
							},
							"Type":	"Constant",
							"Prop":	{
								"$Position":	{
									"$x":	10938,
									"$y":	2959
								},
								"Type":	"Column",
								"Skip":	false,
								"ColumnBlocks":	[{
										"$Position":	{
											"$x":	11640,
											"$y":	2953
										},
										"Y":	0,
										"Material":	{
											"$Position":	{
												"$x":	12161,
												"$y":	2914
											},
											"Solid":	"Plant_Grass_Sharp_Wild"
										}
									}],
								"Directionality":	{
									"$Position":	{
										"$x":	11627,
										"$y":	3112
									},
									"Type":	"Static",
									"Rotation":	0,
									"Pattern":	{
										"$Position":	{
											"$x":	12245,
											"$y":	3111
										},
										"Type":	"Floor",
										"Skip":	false,
										"Origin":	{
											"$Position":	{
												"$x":	12893,
												"$y":	2943
											},
											"Type":	"BlockSet",
											"Skip":	false,
											"BlockSet":	{
												"$Position":	{
													"$x":	13525,
													"$y":	2948
												},
												"Inclusive":	true,
												"Materials":	[{
														"$Position":	{
															"$x":	13999,
															"$y":	2954
														},
														"Solid":	"Empty"
													}]
											}
										},
										"Floor":	{
											"$Position":	{
												"$x":	12838,
												"$y":	3296
											},
											"Type":	"BlockSet",
											"Skip":	false,
											"BlockSet":	{
												"$Position":	{
													"$x":	13497,
													"$y":	3306
												},
												"Inclusive":	true,
												"Materials":	[{
														"$Position":	{
															"$x":	14016,
															"$y":	3267
														},
														"Solid":	"Soil_Grass"
													}, {
														"$Position":	{
															"$x":	14011,
															"$y":	3430
														},
														"Solid":	"Soil_Leaves"
													}]
											}
										}
									}
								},
								"Scanner":	{
									"$Position":	{
										"$x":	11645,
										"$y":	3304
									},
									"Type":	"ColumnLinear",
									"Skip":	false,
									"MaxY":	25,
									"MinY":	0,
									"RelativeToPosition":	false,
									"BaseHeightName":	"Base",
									"TopDownOrder":	false,
									"ResultCap":	1
								}
							}
						}
					}]
			}
		}],
	"$WorkspaceID":	"HytaleGenerator - Assignments",
	"$Groups":	[]
}
