{
	"$NodeId":	"Constant.Assignments-1065c69f-43e3-478c-8313-f616fcc8486f",
	"Type":	"Constant",
	"ExportAs":	"Taiga1_Shore_Barnacles",
	"Prop":	{
		"$NodeId":	"Union.Prop-98f61a28-3d56-4a70-af41-eeda73259001",
		"Type":	"Union",
		"Skip":	false,
		"Props":	[{
				"$NodeId":	"Column.Prop-5ebcf961-0155-4064-a349-187fe6e13c54",
				"Type":	"Column",
				"Skip":	false,
				"ColumnBlocks":	[{
						"$NodeId":	"Block.Column.Prop-4ae81883-c61f-42e8-801a-0fb695e8bf1f",
						"Y":	0,
						"Material":	{
							"$NodeId":	"Material-893fe30c-f5ee-4a6e-912d-783ca782c422",
							"Solid":	"Plant_Barnacles"
						}
					}],
				"Directionality":	{
					"$NodeId":	"Random.Directionality-9bf98986-09d3-4860-a3dd-309e54c65ca7",
					"Type":	"Random",
					"Seed":	"A",
					"Pattern":	{
						"$NodeId":	"And.Pattern-3f3c0757-f99f-42d6-a739-4d15684cdaec",
						"Type":	"And",
						"Skip":	false,
						"Patterns":	[{
								"$NodeId":	"Or.Pattern-81df1d21-d6fe-40a1-b88f-2d1d50ec1373",
								"Type":	"Or",
								"Skip":	false,
								"Patterns":	[{
										"$NodeId":	"Offset.Pattern-7695621f-b08f-4329-ab2f-d300d99200ac",
										"Type":	"Offset",
										"Skip":	false,
										"Pattern":	{
											"$NodeId":	"BlockSet.Pattern-8641ccc2-1fd5-459c-944f-3ac05a051741",
											"Type":	"BlockSet",
											"Skip":	false,
											"BlockSet":	{
												"$NodeId":	"BlockSet.BlockMask-adf11b29-6334-4874-8742-e1d3d39f7872",
												"Inclusive":	true,
												"Materials":	[{
														"$NodeId":	"Material-8cde6018-163f-46ab-898d-18f23b8a2d74",
														"Solid":	"Rock_Quartzite"
													}]
											}
										},
										"Offset":	{
											"$NodeId":	"Point3D-4767cc1e-2c06-4cb2-b3f8-804999e22bd1",
											"X":	0,
											"Y":	0,
											"Z":	-1
										}
									}, {
										"$NodeId":	"Offset.Pattern-085567cb-d2ea-4567-ab40-c057d9aa9315",
										"Type":	"Offset",
										"Skip":	false,
										"Pattern":	{
											"$NodeId":	"BlockSet.Pattern-62f3bbb5-ef40-4b63-aca5-70a2796698b5",
											"Type":	"BlockSet",
											"Skip":	false,
											"BlockSet":	{
												"$NodeId":	"BlockSet.BlockMask-8ea23b90-91c3-4465-a0be-6cdabb43ba78",
												"Inclusive":	true,
												"Materials":	[{
														"$NodeId":	"Material-cdd88d76-cf7f-48b5-b1ed-31868d3610db",
														"Solid":	"Rock_Quartzite"
													}]
											}
										},
										"Offset":	{
											"$NodeId":	"Point3D-f3ad0e0d-30b5-4a13-9516-b11ae0b787fe",
											"X":	0,
											"Y":	0,
											"Z":	1
										}
									}, {
										"$NodeId":	"Offset.Pattern-acd738fb-7d91-4f8f-a1cd-d19859048bee",
										"Type":	"Offset",
										"Skip":	false,
										"Pattern":	{
											"$NodeId":	"BlockSet.Pattern-d0615047-b789-49bf-89e4-6a39151e898b",
											"Type":	"BlockSet",
											"Skip":	false,
											"BlockSet":	{
												"$NodeId":	"BlockSet.BlockMask-f8235e62-2692-4738-ab56-985bd0de9b2b",
												"Inclusive":	true,
												"Materials":	[{
														"$NodeId":	"Material-2471d222-79cb-4c39-acd2-4b738eaea211",
														"Solid":	"Rock_Quartzite"
													}]
											}
										},
										"Offset":	{
											"$NodeId":	"Point3D-b6d61f81-5c4d-43d8-b1ed-7e7bdc7a9d3a",
											"X":	-1,
											"Y":	0,
											"Z":	0
										}
									}, {
										"$NodeId":	"Offset.Pattern-fff12624-7053-4fea-b8e0-db0456db2ddd",
										"Type":	"Offset",
										"Skip":	false,
										"Pattern":	{
											"$NodeId":	"BlockSet.Pattern-253a490c-b269-4ac6-a361-c60f6b537c55",
											"Type":	"BlockSet",
											"Skip":	false,
											"BlockSet":	{
												"$NodeId":	"BlockSet.BlockMask-68528700-a6ac-44c9-928e-e4228b8a8d49",
												"Inclusive":	true,
												"Materials":	[{
														"$NodeId":	"Material-48c95ac2-861f-4926-a3b8-72980e03d0c0",
														"Solid":	"Rock_Quartzite"
													}]
											}
										},
										"Offset":	{
											"$NodeId":	"Point3D-c004b0e7-5816-4e78-adcb-a6c8c1199042",
											"X":	1,
											"Y":	0,
											"Z":	0
										}
									}]
							}, {
								"$NodeId":	"BlockSet.Pattern-f57dbd30-248c-4aaa-bdeb-1ff6183b319f",
								"Type":	"BlockSet",
								"Skip":	false,
								"BlockSet":	{
									"$NodeId":	"BlockSet.BlockMask-0828c0df-39f9-4696-91c0-df0dfcd30f9d",
									"Inclusive":	true,
									"Materials":	[{
											"$NodeId":	"Material-fd5a122c-7fad-47da-a731-f3af20464adf",
											"Solid":	"Empty"
										}]
								}
							}, {
								"$NodeId":	"Offset.Pattern-6fcd6501-9d7a-47cc-8c53-ce902646c6ba",
								"Type":	"Offset",
								"Skip":	false,
								"Pattern":	{
									"$NodeId":	"BlockSet.Pattern-0f6dedb7-fc58-46f6-8a06-ae8c6bcfb7c9",
									"Type":	"BlockSet",
									"Skip":	false,
									"BlockSet":	{
										"$NodeId":	"BlockSet.BlockMask-44c14bcd-3128-4b4c-88b1-a2346560a618",
										"Inclusive":	false,
										"Materials":	[{
												"$NodeId":	"Material-a5a46116-c7b4-4ad8-86fd-06229f300d23",
												"Solid":	"Empty"
											}, {
												"$NodeId":	"Material-0fdfbf38-9118-4ad2-abe2-eb99924075d5",
												"Fluid":	"Water_Source"
											}]
									}
								},
								"Offset":	{
									"$NodeId":	"Point3D-f4fcc593-f433-4cff-a0db-6009cb95de93",
									"X":	0,
									"Y":	-1,
									"Z":	0
								}
							}]
					}
				},
				"Scanner":	{
					"$NodeId":	"ColumnLinear.Scanner-a132cf86-41c7-463a-9510-ce8d1294a176",
					"Type":	"ColumnLinear",
					"Skip":	false,
					"MaxY":	1,
					"MinY":	0,
					"RelativeToPosition":	false,
					"BaseHeightName":	"Water",
					"TopDownOrder":	true,
					"ResultCap":	1
				}
			}]
	},
	"$NodeEditorMetadata":	{
		"$Nodes":	{
			"Constant.Assignments-1065c69f-43e3-478c-8313-f616fcc8486f":	{
				"$Position":	{
					"$x":	8344,
					"$y":	-1367
				},
				"$Title":	"[ROOT] Constant Assignments"
			},
			"Union.Prop-98f61a28-3d56-4a70-af41-eeda73259001":	{
				"$Position":	{
					"$x":	8941,
					"$y":	-1361
				}
			},
			"Column.Prop-5ebcf961-0155-4064-a349-187fe6e13c54":	{
				"$Position":	{
					"$x":	9932,
					"$y":	-1362
				}
			},
			"Block.Column.Prop-4ae81883-c61f-42e8-801a-0fb695e8bf1f":	{
				"$Position":	{
					"$x":	10587,
					"$y":	-1360
				}
			},
			"Material-893fe30c-f5ee-4a6e-912d-783ca782c422":	{
				"$Position":	{
					"$x":	11007,
					"$y":	-1358
				}
			},
			"Random.Directionality-9bf98986-09d3-4860-a3dd-309e54c65ca7":	{
				"$Position":	{
					"$x":	10586,
					"$y":	-1199
				}
			},
			"And.Pattern-3f3c0757-f99f-42d6-a739-4d15684cdaec":	{
				"$Position":	{
					"$x":	11201,
					"$y":	-1198
				}
			},
			"Or.Pattern-81df1d21-d6fe-40a1-b88f-2d1d50ec1373":	{
				"$Position":	{
					"$x":	11836,
					"$y":	-1201
				}
			},
			"Offset.Pattern-7695621f-b08f-4329-ab2f-d300d99200ac":	{
				"$Position":	{
					"$x":	12465,
					"$y":	-2391
				}
			},
			"BlockSet.Pattern-8641ccc2-1fd5-459c-944f-3ac05a051741":	{
				"$Position":	{
					"$x":	13074,
					"$y":	-2458
				}
			},
			"BlockSet.BlockMask-adf11b29-6334-4874-8742-e1d3d39f7872":	{
				"$Position":	{
					"$x":	13693,
					"$y":	-2454
				}
			},
			"Material-8cde6018-163f-46ab-898d-18f23b8a2d74":	{
				"$Position":	{
					"$x":	14163,
					"$y":	-2454
				}
			},
			"Point3D-4767cc1e-2c06-4cb2-b3f8-804999e22bd1":	{
				"$Position":	{
					"$x":	13076,
					"$y":	-2313
				}
			},
			"Offset.Pattern-085567cb-d2ea-4567-ab40-c057d9aa9315":	{
				"$Position":	{
					"$x":	12462,
					"$y":	-2053
				}
			},
			"BlockSet.Pattern-62f3bbb5-ef40-4b63-aca5-70a2796698b5":	{
				"$Position":	{
					"$x":	13077,
					"$y":	-2117
				}
			},
			"BlockSet.BlockMask-8ea23b90-91c3-4465-a0be-6cdabb43ba78":	{
				"$Position":	{
					"$x":	13695,
					"$y":	-2113
				}
			},
			"Material-cdd88d76-cf7f-48b5-b1ed-31868d3610db":	{
				"$Position":	{
					"$x":	14167,
					"$y":	-2115
				}
			},
			"Point3D-f3ad0e0d-30b5-4a13-9516-b11ae0b787fe":	{
				"$Position":	{
					"$x":	13076,
					"$y":	-1961
				}
			},
			"Offset.Pattern-acd738fb-7d91-4f8f-a1cd-d19859048bee":	{
				"$Position":	{
					"$x":	12465,
					"$y":	-1646
				}
			},
			"BlockSet.Pattern-d0615047-b789-49bf-89e4-6a39151e898b":	{
				"$Position":	{
					"$x":	13077,
					"$y":	-1728
				}
			},
			"BlockSet.BlockMask-f8235e62-2692-4738-ab56-985bd0de9b2b":	{
				"$Position":	{
					"$x":	13699,
					"$y":	-1725
				}
			},
			"Material-2471d222-79cb-4c39-acd2-4b738eaea211":	{
				"$Position":	{
					"$x":	14171,
					"$y":	-1724
				}
			},
			"Point3D-b6d61f81-5c4d-43d8-b1ed-7e7bdc7a9d3a":	{
				"$Position":	{
					"$x":	13072,
					"$y":	-1575
				}
			},
			"Offset.Pattern-fff12624-7053-4fea-b8e0-db0456db2ddd":	{
				"$Position":	{
					"$x":	12461,
					"$y":	-1307
				}
			},
			"BlockSet.Pattern-253a490c-b269-4ac6-a361-c60f6b537c55":	{
				"$Position":	{
					"$x":	13079,
					"$y":	-1366
				}
			},
			"BlockSet.BlockMask-68528700-a6ac-44c9-928e-e4228b8a8d49":	{
				"$Position":	{
					"$x":	13704,
					"$y":	-1368
				}
			},
			"Material-48c95ac2-861f-4926-a3b8-72980e03d0c0":	{
				"$Position":	{
					"$x":	14174,
					"$y":	-1368
				}
			},
			"Point3D-c004b0e7-5816-4e78-adcb-a6c8c1199042":	{
				"$Position":	{
					"$x":	13076,
					"$y":	-1210
				}
			},
			"BlockSet.Pattern-f57dbd30-248c-4aaa-bdeb-1ff6183b319f":	{
				"$Position":	{
					"$x":	11814,
					"$y":	-987
				}
			},
			"BlockSet.BlockMask-0828c0df-39f9-4696-91c0-df0dfcd30f9d":	{
				"$Position":	{
					"$x":	12436,
					"$y":	-978
				}
			},
			"Material-fd5a122c-7fad-47da-a731-f3af20464adf":	{
				"$Position":	{
					"$x":	12905,
					"$y":	-978
				}
			},
			"ColumnLinear.Scanner-a132cf86-41c7-463a-9510-ce8d1294a176":	{
				"$Position":	{
					"$x":	10589,
					"$y":	-1045
				}
			},
			"Offset.Pattern-6fcd6501-9d7a-47cc-8c53-ce902646c6ba":	{
				"$Position":	{
					"$x":	11818,
					"$y":	-788
				}
			},
			"Point3D-f4fcc593-f433-4cff-a0db-6009cb95de93":	{
				"$Position":	{
					"$x":	12432,
					"$y":	-627
				}
			},
			"BlockSet.Pattern-0f6dedb7-fc58-46f6-8a06-ae8c6bcfb7c9":	{
				"$Position":	{
					"$x":	12433,
					"$y":	-787
				}
			},
			"BlockSet.BlockMask-44c14bcd-3128-4b4c-88b1-a2346560a618":	{
				"$Position":	{
					"$x":	13051,
					"$y":	-787
				}
			},
			"Material-a5a46116-c7b4-4ad8-86fd-06229f300d23":	{
				"$Position":	{
					"$x":	13519,
					"$y":	-787
				}
			},
			"Material-0fdfbf38-9118-4ad2-abe2-eb99924075d5":	{
				"$Position":	{
					"$x":	13519,
					"$y":	-630
				}
			}
		},
		"$FloatingNodes":	[],
		"$Links":	{
		},
		"$Groups":	[{
				"$Position":	{
					"$x":	9904.625,
					"$y":	-2554.375
				},
				"$width":	4970.625,
				"$height":	2180.6875,
				"$name":	"North"
			}],
		"$Comments":	[],
		"$WorkspaceID":	"HytaleGenerator - Assignments"
	}
}