{
	"$NodeId":	"Constant.Assignments-c8622051-05af-4c90-85d2-046e6e0a2a78",
	"Type":	"Constant",
	"ExportAs":	"Taiga1_Mountains_Dragon_Frost",
	"Prop":	{
		"$NodeId":	"Prefab.Prop-ba447934-fca4-4d0a-b4fe-e95648d77c75",
		"Type":	"Prefab",
		"Skip":	false,
		"WeightedPrefabPaths":	[{
				"$NodeId":	"WeightedPath.Prefab.Prop-d9758c43-67f0-4192-a5af-8089861e6791",
				"Path":	"Npc/Dragons/Frost/",
				"Weight":	100
			}],
		"LegacyPath":	false,
		"LoadEntities":	true,
		"Directionality":	{
			"$NodeId":	"Random.Directionality-a97c1707-6c5c-48de-a673-ce3838a920fa",
			"Type":	"Random",
			"Seed":	"A",
			"Pattern":	{
				"$NodeId":	"Floor.Pattern-41f9f622-f5a5-473f-847e-14895035fa4b",
				"Type":	"Floor",
				"Skip":	false,
				"Origin":	{
					"$NodeId":	"BlockType.Pattern-4de6cf91-cadd-4fac-9e22-9f9ae7809fba",
					"Type":	"BlockType",
					"Skip":	false,
					"Material":	{
						"$NodeId":	"Material-63a258ad-9e9c-4c94-80ed-0744a71c26a3",
						"Solid":	"Empty"
					}
				},
				"Floor":	{
					"$NodeId":	"BlockSet.Pattern-d7fc7ff9-0327-453c-ab95-c79d98bf4de5",
					"Type":	"BlockSet",
					"Skip":	false,
					"BlockSet":	{
						"$NodeId":	"BlockSet.BlockMask-dddb396c-1f74-4ba4-89cf-c6c138bf5828",
						"Inclusive":	true,
						"Materials":	[{
								"$NodeId":	"Material-6627185d-8fd6-411e-a1ae-a14a9fc2f31a",
								"Solid":	"Soil_Snow"
							}]
					}
				}
			}
		},
		"Scanner":	{
			"$NodeId":	"ColumnLinear.Scanner-fe2b39d5-0147-498b-accc-dfbfd7e67fb6",
			"Type":	"ColumnLinear",
			"Skip":	false,
			"MaxY":	250,
			"MinY":	75,
			"RelativeToPosition":	false,
			"BaseHeightName":	"Base",
			"TopDownOrder":	true,
			"ResultCap":	1
		},
		"MoldingDirection":	"None",
		"MoldingChildren":	false
	},
	"$NodeEditorMetadata":	{
		"$Nodes":	{
			"Constant.Assignments-c8622051-05af-4c90-85d2-046e6e0a2a78":	{
				"$Position":	{
					"$x":	4595,
					"$y":	11354
				},
				"$Title":	"[ROOT] Constant Assignments"
			},
			"Prefab.Prop-ba447934-fca4-4d0a-b4fe-e95648d77c75":	{
				"$Position":	{
					"$x":	5195,
					"$y":	11367
				}
			},
			"WeightedPath.Prefab.Prop-d9758c43-67f0-4192-a5af-8089861e6791":	{
				"$Position":	{
					"$x":	5970,
					"$y":	11260
				}
			},
			"Random.Directionality-a97c1707-6c5c-48de-a673-ce3838a920fa":	{
				"$Position":	{
					"$x":	5981,
					"$y":	11492
				}
			},
			"Floor.Pattern-41f9f622-f5a5-473f-847e-14895035fa4b":	{
				"$Position":	{
					"$x":	6586,
					"$y":	11485
				}
			},
			"BlockType.Pattern-4de6cf91-cadd-4fac-9e22-9f9ae7809fba":	{
				"$Position":	{
					"$x":	7198,
					"$y":	11425
				}
			},
			"Material-63a258ad-9e9c-4c94-80ed-0744a71c26a3":	{
				"$Position":	{
					"$x":	7828,
					"$y":	11422
				}
			},
			"BlockSet.Pattern-d7fc7ff9-0327-453c-ab95-c79d98bf4de5":	{
				"$Position":	{
					"$x":	7191,
					"$y":	11613
				}
			},
			"BlockSet.BlockMask-dddb396c-1f74-4ba4-89cf-c6c138bf5828":	{
				"$Position":	{
					"$x":	7815,
					"$y":	11613
				}
			},
			"Material-6627185d-8fd6-411e-a1ae-a14a9fc2f31a":	{
				"$Position":	{
					"$x":	8296,
					"$y":	11614
				}
			},
			"ColumnLinear.Scanner-fe2b39d5-0147-498b-accc-dfbfd7e67fb6":	{
				"$Position":	{
					"$x":	5995,
					"$y":	11755
				}
			}
		},
		"$FloatingNodes":	[],
		"$Links":	{
		},
		"$Groups":	[],
		"$Comments":	[],
		"$WorkspaceID":	"HytaleGenerator - Assignments"
	}
}