{
	"$NodeId":	"Biome-d01e5985-53a4-4d2e-8c60-3b2b3aef931f",
	"Name":	"Basic",
	"Terrain":	{
		"$NodeId":	"Terrain-e6ad2118-2c50-4e4a-8fcd-659f107b340f",
		"Type":	"DAOTerrain",
		"Density":	{
			"$NodeId":	"MaxDensityNode-c8d96002-ccd4-442c-96ac-c3fdf017f240",
			"Type":	"Max",
			"Skip":	false,
			"Inputs":	[{
					"$NodeId":	"MultiplierDensityNode-3e1985ab-3516-4687-8652-a0af6b9114ef",
					"Type":	"Multiplier",
					"Skip":	false,
					"Inputs":	[{
							"$NodeId":	"SmoothMinDensityNode-1710cdd9-bb1d-46ef-a22b-70f2f67cfab6",
							"Type":	"SmoothMin",
							"Skip":	false,
							"Range":	0.2,
							"Inputs":	[{
									"$NodeId":	"SumDensityNode-5d1a033b-b787-4c40-803c-3ba7499db49b",
									"Type":	"Sum",
									"Skip":	false,
									"Inputs":	[{
											"$NodeId":	"SimplexNoise2DDensityNode-b1c44ff4-a9be-4aa7-a231-bdd7c8c8307d",
											"Type":	"SimplexNoise2D",
											"Skip":	false,
											"Lacunarity":	2,
											"Persistence":	0.5,
											"Octaves":	1,
											"Scale":	75,
											"Seed":	"Tops"
										}, {
											"$NodeId":	"CurveMapper.Density-f95e42b5-cfd9-49d9-9cf9-0c3d200d7a71",
											"Type":	"CurveMapper",
											"Skip":	false,
											"Curve":	{
												"$NodeId":	"ManualCurve-e82ac924-0f01-4378-a69c-f38f1871371a",
												"Type":	"Manual",
												"Points":	[{
														"$NodeId":	"CurvePoint-94ae0f49-8075-42a0-b5b6-e9bd7c5812d2",
														"In":	50,
														"Out":	1
													}, {
														"$NodeId":	"CurvePoint-00cd0268-4f4d-439c-8aa7-026277836af7",
														"In":	100,
														"Out":	-1
													}]
											},
											"Inputs":	[{
													"$NodeId":	"BaseHeight.Density-fc37d361-b4ca-49df-8cc9-9a943a2c1af4",
													"Type":	"BaseHeight",
													"Skip":	false,
													"BaseHeightName":	"Base",
													"Distance":	true
												}]
										}]
								}, {
									"$NodeId":	"Mix.Density-1fe0c935-29c7-4f86-b03c-e6ec09cb860d",
									"Type":	"Mix",
									"Skip":	false,
									"Inputs":	[{
											"$NodeId":	"ConstantDensityNode-445c32a8-2141-4ee1-acf8-9de61d34689e",
											"Type":	"Constant",
											"Skip":	false,
											"Value":	-1
										}, {
											"$NodeId":	"SumDensityNode-233a902e-f57e-4730-99b4-9ce34c45cb31",
											"Type":	"Sum",
											"Skip":	false,
											"Inputs":	[{
													"$NodeId":	"NormalizerDensityNode-15b9621f-ee3a-4fc1-865b-6d4a2de5a994",
													"Type":	"Normalizer",
													"Skip":	false,
													"FromMin":	-1,
													"FromMax":	1,
													"ToMin":	-1,
													"ToMax":	0.05,
													"Inputs":	[{
															"$NodeId":	"Exported.Density-7dfb451b-75ac-400c-9ad8-34603e502a6a",
															"Type":	"Exported",
															"ExportAs":	"Desert1_Stacks_Rocks",
															"SingleInstance":	true,
															"Skip":	false,
															"Inputs":	[{
																	"$NodeId":	"YOverride.Density-c35f43da-5c08-43a9-a884-c550e85d7eae",
																	"Type":	"YOverride",
																	"Skip":	false,
																	"Value":	0,
																	"Inputs":	[{
																			"$NodeId":	"Cache.Density-dfa57c8b-202f-4790-aa2a-c5618445a2f0",
																			"Type":	"Cache",
																			"Skip":	false,
																			"Capacity":	3,
																			"Inputs":	[{
																					"$NodeId":	"PositionsCellNoiseDensityNode-038163aa-21d5-4160-8bff-5bc4f49b4ea6",
																					"Type":	"PositionsCellNoise",
																					"Skip":	false,
																					"MaxDistance":	12,
																					"Positions":	{
																						"$NodeId":	"FieldFunctionPositions-8fcb3385-ddb4-42b0-8258-eb8f24f192de",
																						"Type":	"FieldFunction",
																						"ExportAs":	"Desert1_Stacks_Positions",
																						"Skip":	false,
																						"FieldFunction":	{
																							"$NodeId":	"YOverride.Density-5d71dfdf-3082-4058-908c-ad3bea9fb277",
																							"Type":	"YOverride",
																							"Skip":	false,
																							"Value":	0,
																							"Inputs":	[{
																									"$NodeId":	"Cache.Density-05fbe28e-e982-4563-a687-a732bc1952c6",
																									"Type":	"Cache",
																									"Skip":	false,
																									"Capacity":	3,
																									"Inputs":	[{
																											"$NodeId":	"CurveMapper.Density-effb8a4d-505c-452d-92cf-8604d1aca15f",
																											"Type":	"CurveMapper",
																											"Skip":	false,
																											"Curve":	{
																												"$NodeId":	"ManualCurve-86788753-72d3-4870-8b00-676b3f7d57ec",
																												"Type":	"Manual",
																												"Points":	[{
																														"$NodeId":	"CurvePoint-c29a35ab-1226-42d2-a77f-3a9b0b6e3c0a",
																														"In":	46,
																														"Out":	-2
																													}, {
																														"$NodeId":	"CurvePoint-4d1d028a-9b37-4233-9d76-1f25959300a1",
																														"In":	48,
																														"Out":	1
																													}]
																											},
																											"Inputs":	[{
																													"$NodeId":	"DistanceToBiomeEdge.Density-6effcbe7-036b-4605-8f49-9e0d0b91f698",
																													"Type":	"DistanceToBiomeEdge",
																													"Skip":	false
																												}]
																										}]
																								}]
																						},
																						"Delimiters":	[{
																								"$NodeId":	"Delimiter-b9b47d02-6547-44f2-b3a9-24c2dc10e60a",
																								"Min":	0,
																								"Max":	2
																							}],
																						"Positions":	{
																							"$NodeId":	"OccurrencePositions-4d2bf8ab-9621-45d0-9cc5-862cc5845678",
																							"Type":	"Occurrence",
																							"Skip":	false,
																							"Seed":	"A",
																							"FieldFunction":	{
																								"$NodeId":	"NormalizerDensityNode-ca68b0ae-80bd-4a64-b159-dc3479818e10",
																								"Type":	"Normalizer",
																								"Skip":	false,
																								"FromMin":	0,
																								"FromMax":	0.8,
																								"ToMin":	-1,
																								"ToMax":	1,
																								"Inputs":	[{
																										"$NodeId":	"SimplexNoise2DDensityNode-5978773a-2502-4a9a-8f4c-5e93a183eab4",
																										"Type":	"SimplexNoise2D",
																										"ExportAs":	"Desert1_Stacks_Mask",
																										"Skip":	false,
																										"Lacunarity":	2,
																										"Persistence":	0.3,
																										"Octaves":	2,
																										"Scale":	150,
																										"Seed":	"Desert1_Stacks_Mask"
																									}]
																							},
																							"Positions":	{
																								"$NodeId":	"Mesh2DPositions-14f4c9c4-4bd1-4377-89c8-feec7c8a06f6",
																								"Type":	"Mesh2D",
																								"Skip":	false,
																								"PointsY":	0,
																								"PointGenerator":	{
																									"$NodeId":	"MeshPointGenerator-44374f58-0490-4c03-87ab-b7ee937949eb",
																									"Type":	"Mesh",
																									"Jitter":	0.5,
																									"ScaleX":	20,
																									"ScaleY":	20,
																									"ScaleZ":	20,
																									"Seed":	"B"
																								}
																							}
																						}
																					},
																					"ReturnType":	{
																						"$NodeId":	"CurvePCNReturnType-6e6145e4-78ff-4605-a38c-375f6c2df78f",
																						"Type":	"Curve",
																						"Curve":	{
																							"$NodeId":	"ManualCurve-ceab4dad-0c4b-47f9-aab6-44b7b3ba620f",
																							"Type":	"Manual",
																							"Points":	[{
																									"$NodeId":	"CurvePoint-2c94f177-5123-4114-82f1-db7368adee2c",
																									"In":	1,
																									"Out":	2
																								}, {
																									"$NodeId":	"CurvePoint-83561baf-f57f-41d3-8c79-b9ef6028bfd3",
																									"In":	3,
																									"Out":	1
																								}, {
																									"$NodeId":	"CurvePoint-67ae3689-59a4-43e9-9f83-3cba38981c71",
																									"In":	12,
																									"Out":	-1
																								}, {
																									"$NodeId":	"CurvePoint-fecd4585-adeb-4239-a325-1fe3fe19c373",
																									"In":	13,
																									"Out":	-2
																								}]
																						}
																					},
																					"DistanceFunction":	{
																						"$NodeId":	"PCNDistanceFunction-015ae9a4-67e0-4404-ba64-9d2017b9af0a",
																						"Type":	"Euclidean"
																					}
																				}]
																		}]
																}]
														}]
												}, {
													"$NodeId":	"PowDensityNode-7fb71053-3091-4820-a40a-67f8ec64cabd",
													"Type":	"Pow",
													"Skip":	false,
													"Exponent":	0.3,
													"Inputs":	[{
															"$NodeId":	"NormalizerDensityNode-0c6a6782-1fd6-497e-be69-f9d3e14f1230",
															"Type":	"Normalizer",
															"Skip":	false,
															"FromMin":	0,
															"FromMax":	1,
															"ToMin":	0,
															"ToMax":	0.3,
															"Inputs":	[{
																	"$NodeId":	"Exported.Density-b68b76ac-57d1-4368-8a5f-77515d552d4b",
																	"Type":	"Exported",
																	"ExportAs":	"Desert1_Stacks_Texture",
																	"SingleInstance":	true,
																	"Skip":	false,
																	"Inputs":	[{
																			"$NodeId":	"Cache.Density-df90ab73-e5a1-47db-9254-a0cd3c71f1d1",
																			"Type":	"Cache",
																			"Skip":	false,
																			"Capacity":	3,
																			"Inputs":	[{
																					"$NodeId":	"Mix.Density-7183d95b-4a75-4d25-9f06-081b967e7701",
																					"Type":	"Mix",
																					"Skip":	false,
																					"Inputs":	[{
																							"$NodeId":	"ConstantDensityNode-85755d62-32c2-4bf9-a97a-0c404284ab68",
																							"Type":	"Constant",
																							"Skip":	false,
																							"Value":	-1
																						}, {
																							"$NodeId":	"AbsDensityNode-25afd968-bb6b-4c45-96ab-46d22d625432",
																							"Type":	"Abs",
																							"Skip":	false,
																							"Inputs":	[{
																									"$NodeId":	"SimplexNoise3DDensityNode-8d9b6d7a-eecd-49aa-ab7a-710d6f32a588",
																									"Type":	"SimplexNoise3D",
																									"Skip":	false,
																									"Lacunarity":	2,
																									"Persistence":	0.3,
																									"Octaves":	2,
																									"ScaleXZ":	64,
																									"ScaleY":	14,
																									"Seed":	"A"
																								}]
																						}, {
																							"$NodeId":	"MinDensityNode-f73f970a-3896-488d-ba40-9ae0f340bef6",
																							"Type":	"Min",
																							"Skip":	false,
																							"Inputs":	[{
																									"$NodeId":	"NormalizerDensityNode-06288412-1979-4210-b203-4a4a4d42de67",
																									"Type":	"Normalizer",
																									"Skip":	false,
																									"FromMin":	-2,
																									"FromMax":	-1.9,
																									"ToMin":	0,
																									"ToMax":	1,
																									"Inputs":	[{
																											"$NodeId":	"ImportedDensityNode-99ba45ad-63ea-42a1-b745-94a6ddde7363",
																											"Type":	"Imported",
																											"Skip":	false,
																											"Name":	"Desert1_Stacks_Rocks"
																										}]
																								}, {
																									"$NodeId":	"CurveMapper.Density-70d4700d-5900-4552-b40b-322d0b3323fc",
																									"Type":	"CurveMapper",
																									"Skip":	false,
																									"Curve":	{
																										"$NodeId":	"ManualCurve-c803bbc7-2b89-40f2-91a7-0d81db3d3e48",
																										"Type":	"Manual",
																										"Points":	[{
																												"$NodeId":	"CurvePoint-5949e68e-f0ff-46a0-933a-462dbc8b621c",
																												"In":	-5,
																												"Out":	0
																											}, {
																												"$NodeId":	"CurvePoint-5dbb0a21-1870-4a13-8e68-2999e5ea05b0",
																												"In":	0,
																												"Out":	1
																											}, {
																												"$NodeId":	"CurvePoint-f87cd26d-e65d-489e-addd-176e77e86b4d",
																												"In":	100,
																												"Out":	1
																											}, {
																												"$NodeId":	"CurvePoint-6674e50b-7ff9-478b-9179-069c17bbe20e",
																												"In":	105,
																												"Out":	0
																											}]
																									},
																									"Inputs":	[{
																											"$NodeId":	"BaseHeight.Density-8212f14a-04ea-43ee-b8df-11104aab484d",
																											"Type":	"BaseHeight",
																											"Skip":	false,
																											"BaseHeightName":	"Base",
																											"Distance":	true
																										}]
																								}]
																						}]
																				}]
																		}]
																}]
														}]
												}, {
													"$NodeId":	"PowDensityNode-be9d1ab4-60f2-44ef-beb1-0896fbfa6340",
													"Type":	"Pow",
													"Skip":	false,
													"Exponent":	2,
													"Inputs":	[{
															"$NodeId":	"NormalizerDensityNode-a73969ad-47dc-4b88-9663-1d37f4d29dff",
															"Type":	"Normalizer",
															"Skip":	false,
															"FromMin":	-1,
															"FromMax":	1,
															"ToMin":	0,
															"ToMax":	0.65,
															"Inputs":	[{
																	"$NodeId":	"SimplexNoise3DDensityNode-e6e7fc44-96bf-461b-92c6-93ab4f2e542e",
																	"Type":	"SimplexNoise3D",
																	"Skip":	false,
																	"Lacunarity":	2,
																	"Persistence":	0.5,
																	"Octaves":	1,
																	"ScaleXZ":	75,
																	"ScaleY":	75,
																	"Seed":	"A"
																}]
														}]
												}, {
													"$NodeId":	"CurveMapper.Density-0817a9f2-b032-4727-bd06-f5058eb7e023",
													"Type":	"CurveMapper",
													"Skip":	false,
													"Curve":	{
														"$NodeId":	"ManualCurve-898f5d24-095a-4a59-a052-cd4e128573e5",
														"Type":	"Manual",
														"Points":	[{
																"$NodeId":	"CurvePoint-8879ce4c-bba0-46cc-b857-5c4be0a3b56e",
																"In":	0,
																"Out":	0.3
															}, {
																"$NodeId":	"CurvePoint-548b1d2c-16d1-4778-991d-741e152a74b1",
																"In":	100,
																"Out":	-0.9
															}]
													},
													"Inputs":	[{
															"$NodeId":	"BaseHeight.Density-4290aaa8-8957-465f-a8ac-c1691a5d143e",
															"Type":	"BaseHeight",
															"Skip":	false,
															"BaseHeightName":	"Base",
															"Distance":	true
														}]
												}]
										}, {
											"$NodeId":	"MinDensityNode-0216f80c-bdb1-49fd-9941-4863b21ca826",
											"Type":	"Min",
											"Skip":	false,
											"Inputs":	[{
													"$NodeId":	"NormalizerDensityNode-4b1d32ac-60b9-42b3-9c4d-a33e307e4b87",
													"Type":	"Normalizer",
													"Skip":	false,
													"FromMin":	-2,
													"FromMax":	-1.9,
													"ToMin":	0,
													"ToMax":	1,
													"Inputs":	[{
															"$NodeId":	"ImportedDensityNode-2360979d-0335-4e6f-946f-e4442274a661",
															"Type":	"Imported",
															"Skip":	false,
															"Name":	"Desert1_Stacks_Rocks"
														}]
												}, {
													"$NodeId":	"CurveMapper.Density-01f24676-939e-47ea-8876-2370ec2a6171",
													"Type":	"CurveMapper",
													"Skip":	false,
													"Curve":	{
														"$NodeId":	"ManualCurve-de72e0b8-c7de-49f2-8b6c-ca4fbdd80015",
														"Type":	"Manual",
														"Points":	[{
																"$NodeId":	"CurvePoint-8a791d2c-09d5-4fbe-acb1-6bfe14d65412",
																"In":	-5,
																"Out":	0
															}, {
																"$NodeId":	"CurvePoint-7f68bf1a-c75c-4392-affc-39d1b08500d3",
																"In":	0,
																"Out":	1
															}, {
																"$NodeId":	"CurvePoint-aa06201e-6ab8-4e67-86b7-7b7928c96e39",
																"In":	100,
																"Out":	1
															}, {
																"$NodeId":	"CurvePoint-b52ec929-0cd2-4de4-8d49-0c20a7ba905e",
																"In":	105,
																"Out":	0
															}]
													},
													"Inputs":	[{
															"$NodeId":	"BaseHeight.Density-0936263c-e8a1-404a-9457-c04d7d6083b5",
															"Type":	"BaseHeight",
															"Skip":	false,
															"BaseHeightName":	"Base",
															"Distance":	true
														}]
												}]
										}]
								}]
						}, {
							"$NodeId":	"ConstantDensityNode-4d135ddb-6e5c-4103-8027-f43f67d7c99c",
							"Type":	"Constant",
							"Skip":	false,
							"Value":	0.25
						}]
				}, {
					"$NodeId":	"MinDensityNode-34a61008-9584-4d71-a7fe-b31a171607e5",
					"Type":	"Min",
					"Skip":	false,
					"Inputs":	[{
							"$NodeId":	"Exported.Density-0090329f-ab77-46ae-b001-e895c64f055d",
							"Type":	"Exported",
							"ExportAs":	"Desert1_Stacks_Dunes",
							"SingleInstance":	true,
							"Skip":	false,
							"Inputs":	[{
									"$NodeId":	"Cache.Density-85fb0486-daff-4dc9-b315-5e5bdfe70144",
									"Type":	"Cache",
									"Skip":	false,
									"Capacity":	3,
									"Inputs":	[{
											"$NodeId":	"SumDensityNode-3eb371a1-436e-48cb-b915-3e6696f96233",
											"Type":	"Sum",
											"Skip":	false,
											"Inputs":	[{
													"$NodeId":	"NormalizerDensityNode-6a39ff9b-d35f-4e3a-9d57-e426c30131dc",
													"Type":	"Normalizer",
													"Skip":	false,
													"FromMin":	-1,
													"FromMax":	1,
													"ToMin":	-0.7,
													"ToMax":	0.7,
													"Inputs":	[{
															"$NodeId":	"SimplexNoise2DDensityNode-4b9bcbc3-6d61-4a85-82e5-c9a6483fa285",
															"Type":	"SimplexNoise2D",
															"Skip":	false,
															"Lacunarity":	2,
															"Persistence":	0.5,
															"Octaves":	1,
															"Scale":	150,
															"Seed":	"Desert1_Stacks_Dips"
														}]
												}, {
													"$NodeId":	"NormalizerDensityNode-f2d28bb1-4a70-4932-9042-0fd848336bc2",
													"Type":	"Normalizer",
													"Skip":	false,
													"FromMin":	-1,
													"FromMax":	0,
													"ToMin":	-0.3,
													"ToMax":	0.3,
													"Inputs":	[{
															"$NodeId":	"InverterDensityNode-62824a5e-2a70-4856-a1a0-e03cbd8195db",
															"Type":	"Inverter",
															"Skip":	false,
															"Inputs":	[{
																	"$NodeId":	"PowDensityNode-65d126e7-e639-4bba-974b-77180a212149",
																	"Type":	"Pow",
																	"Skip":	false,
																	"Exponent":	0.75,
																	"Inputs":	[{
																			"$NodeId":	"AbsDensityNode-585deba1-f7dc-4dce-afc2-e1f14e5ffad6",
																			"Type":	"Abs",
																			"Skip":	false,
																			"Inputs":	[{
																					"$NodeId":	"SimplexNoise2DDensityNode-724922ba-fb90-42ec-bb8f-092974b289a0",
																					"Type":	"SimplexNoise2D",
																					"Skip":	false,
																					"Lacunarity":	10,
																					"Persistence":	0.02,
																					"Octaves":	2,
																					"Scale":	200,
																					"Seed":	"Desert1_Stacks"
																				}]
																		}]
																}]
														}]
												}, {
													"$NodeId":	"CurveMapper.Density-ed459400-4d47-4e63-a745-de895cdefb4e",
													"Type":	"CurveMapper",
													"Skip":	false,
													"Curve":	{
														"$NodeId":	"ManualCurve-7adaf697-1a24-499f-82fb-ac6fae1ceba3",
														"Type":	"Manual",
														"Points":	[{
																"$NodeId":	"CurvePoint-61d7df94-16fa-4ee8-9cd2-5ef20c00bdea",
																"In":	0,
																"Out":	1
															}, {
																"$NodeId":	"CurvePoint-41f93505-261c-492d-92b7-13f7808352d0",
																"In":	40,
																"Out":	-1
															}]
													},
													"Inputs":	[{
															"$NodeId":	"BaseHeight.Density-0762749d-e32e-4fcc-afca-242ca7715926",
															"Type":	"BaseHeight",
															"Skip":	false,
															"BaseHeightName":	"Base",
															"Distance":	true
														}]
												}]
										}]
								}]
						}, {
							"$NodeId":	"ImportedDensityNode-2ca28870-1694-4256-94be-85dc60728f8d",
							"Type":	"Imported",
							"Skip":	false,
							"Name":	"Plains1_Caves_Terrain"
						}]
				}]
		}
	},
	"MaterialProvider":	{
		"$NodeId":	"SolidityMaterialProvider-f9bc3eac-12a0-464a-a5ee-36bf9369faf5",
		"Type":	"Solidity",
		"Solid":	{
			"$NodeId":	"QueueMaterialProvider-5281712c-ea15-41d2-8d63-1ceea5e436db",
			"Type":	"Queue",
			"Queue":	[{
					"$NodeId":	"SimpleHorizontalMaterialProvider-23e5f9e4-eca9-463e-b8a7-f29fe219639a",
					"Type":	"SimpleHorizontal",
					"TopY":	40,
					"TopBaseHeight":	"Base",
					"BottomY":	0,
					"BottomBaseHeight":	"Base",
					"Material":	{
						"$NodeId":	"SpaceAndDepthMaterialProvider-8dc8ef25-46b8-4ec2-a4f3-f2839c92e92e",
						"Type":	"SpaceAndDepth",
						"LayerContext":	"DEPTH_INTO_FLOOR",
						"MaxExpectedDepth":	3,
						"Condition":	{
							"$NodeId":	"GreaterThanConditionSADMP-faeda97b-ca16-4e45-bb58-3535088f9beb",
							"Type":	"GreaterThanCondition",
							"ContextToCheck":	"SPACE_ABOVE_FLOOR",
							"Threshold":	20
						},
						"Layers":	[{
								"$NodeId":	"ConstantThicknessLayerSADMP-3c9e4bfb-e2fe-4c96-97c3-f0060fd10a4d",
								"Type":	"ConstantThickness",
								"Thickness":	3,
								"Material":	{
									"$NodeId":	"FieldFunctionMaterialProvider-a6e23ad5-8ca5-4fd0-81b4-2c36f94e9c14",
									"Type":	"FieldFunction",
									"FieldFunction":	{
										"$NodeId":	"ImportedDensityNode-ef7c5382-e76b-4c0c-b327-95611b87534c",
										"Type":	"Imported",
										"Skip":	false,
										"Name":	"Desert1_Stacks_Dunes"
									},
									"Delimiters":	[{
											"$NodeId":	"DelimiterFieldFunctionMP-900478b6-5212-4314-b10c-a29bf6e3075d",
											"From":	-0.1,
											"To":	2,
											"Material":	{
												"$NodeId":	"QueueMaterialProvider-9f4e6e53-6645-4d2a-b9a7-6bd298865fda",
												"Type":	"Queue",
												"Queue":	[{
														"$NodeId":	"FieldFunctionMaterialProvider-80178373-5e46-4f83-a4a7-6d36c64ec3e7",
														"Type":	"FieldFunction",
														"FieldFunction":	{
															"$NodeId":	"SumDensityNode-e04519f3-40ec-4401-a75d-9765c24c82d9",
															"Type":	"Sum",
															"Skip":	false,
															"Inputs":	[{
																	"$NodeId":	"NormalizerDensityNode-3ad490ee-2676-427b-a7ca-ddf9c6d5501f",
																	"Type":	"Normalizer",
																	"Skip":	false,
																	"FromMin":	-1,
																	"FromMax":	1,
																	"ToMin":	-0.1,
																	"ToMax":	0.1,
																	"Inputs":	[{
																			"$NodeId":	"SimplexNoise2DDensityNode-a78f9cf6-f00f-4ac8-a686-7baf12777019",
																			"Type":	"SimplexNoise2D",
																			"Skip":	false,
																			"Lacunarity":	2,
																			"Persistence":	0.5,
																			"Octaves":	2,
																			"Scale":	24,
																			"Seed":	"Desert1_Stacks_Random"
																		}]
																}, {
																	"$NodeId":	"NormalizerDensityNode-c6ec0390-3cbb-4c21-a015-86a59ed464cc",
																	"Type":	"Normalizer",
																	"Skip":	false,
																	"FromMin":	-1,
																	"FromMax":	1,
																	"ToMin":	-0.9,
																	"ToMax":	0.9,
																	"Inputs":	[{
																			"$NodeId":	"ImportedDensityNode-da709b67-704b-40ea-848f-be0880268ff6",
																			"Type":	"Imported",
																			"Skip":	false,
																			"Name":	"Desert1_Stacks_Mask"
																		}]
																}]
														},
														"Delimiters":	[{
																"$NodeId":	"DelimiterFieldFunctionMP-0e4cbde3-72b9-4437-b654-9c50b0aae747",
																"From":	0.4,
																"To":	1,
																"Material":	{
																	"$NodeId":	"ConstantMaterialProvider-ca7968f8-2126-40fa-8fe3-ce0e965df385",
																	"Type":	"Constant",
																	"Material":	{
																		"$NodeId":	"Material-3ddf4498-d99f-4dfb-bd04-a909703dff0a",
																		"Solid":	"Soil_Gravel_Sand_White"
																	}
																}
															}]
													}, {
														"$NodeId":	"ConstantMaterialProvider-84ee6b4e-33aa-451b-b374-7e0cb7492f29",
														"Type":	"Constant",
														"Material":	{
															"$NodeId":	"Material-38d38e30-6e89-4f9d-9684-dd022470c80a",
															"Solid":	"Soil_Sand_White"
														}
													}]
											}
										}]
								}
							}]
					}
				}, {
					"$NodeId":	"SimpleHorizontalMaterialProvider-fa3a8328-4fce-40dc-aad9-6443064a7ab6",
					"Type":	"SimpleHorizontal",
					"TopY":	100,
					"TopBaseHeight":	"Base",
					"BottomY":	0,
					"BottomBaseHeight":	"Base",
					"Material":	{
						"$NodeId":	"FieldFunctionMaterialProvider-ee683b9c-0b46-4426-be9c-fc73e066d385",
						"Type":	"FieldFunction",
						"FieldFunction":	{
							"$NodeId":	"ImportedDensityNode-7627343c-c720-4641-a781-89c8f92c95c2",
							"Type":	"Imported",
							"Skip":	false,
							"Name":	"Desert1_Stacks_Texture"
						},
						"Delimiters":	[{
								"$NodeId":	"DelimiterFieldFunctionMP-999077eb-0d8d-427f-ba0e-142746b85ebf",
								"From":	0,
								"To":	0.15,
								"Material":	{
									"$NodeId":	"ConstantMaterialProvider-2307b356-673a-46b4-a743-4d574c9bfc5d",
									"Type":	"Constant",
									"Material":	{
										"$NodeId":	"Material-e6de3ea7-8fdb-493b-9024-09874051bd64",
										"Solid":	"Soil_Clay_Yellow"
									}
								}
							}]
					}
				}, {
					"$NodeId":	"ConstantMaterialProvider-4a3d54b1-6cb2-4dff-894d-fe66f18b369b",
					"Type":	"Constant",
					"Material":	{
						"$NodeId":	"Material-9c5bb0b2-bc89-42af-b928-69ad605662a2",
						"Solid":	"Rock_Sandstone"
					}
				}]
		},
		"Empty":	{
			"$NodeId":	"QueueMaterialProvider-7df2ebdd-234d-433a-91de-d63d8a4e96b6",
			"Type":	"Queue",
			"Queue":	[{
					"$NodeId":	"ConstantMaterialProvider-78b93802-9c8c-42bd-a308-001c7e571063",
					"$Comment":	"REQUIRED",
					"Type":	"Constant",
					"Material":	{
						"$NodeId":	"Material-43d8316e-5c97-4107-a33f-a50aa1db5032",
						"Solid":	"Empty"
					}
				}]
		}
	},
	"Props":	[{
			"$NodeId":	"Runtime-d879ff36-db2f-4986-b97f-1d9f8e4d5716",
			"Skip":	false,
			"Runtime":	0,
			"Positions":	{
				"$NodeId":	"Mesh2DPositions-068b449e-5e7d-465d-ada5-c89bb26cfa3a",
				"Type":	"Mesh2D",
				"Skip":	false,
				"PointsY":	0,
				"PointGenerator":	{
					"$NodeId":	"MeshPointGenerator-70b44d3e-e6da-4a21-8f1e-10a0f87420a1",
					"Type":	"Mesh",
					"Jitter":	0.5,
					"ScaleX":	22,
					"ScaleY":	22,
					"ScaleZ":	22,
					"Seed":	"Thorium"
				}
			},
			"Assignments":	{
				"$NodeId":	"Imported.Assignments-0b58b225-385f-40dc-acd5-fccbcf330f69",
				"Type":	"Imported",
				"Name":	"Desert1_Thorium"
			}
		}, {
			"$NodeId":	"Runtime-339fba8b-73e7-401f-8451-c0032aace6c5",
			"Skip":	false,
			"Runtime":	1,
			"Positions":	{
				"$NodeId":	"Mesh2DPositions-85014a20-0365-41ec-a2d4-db184d278151",
				"Type":	"Mesh2D",
				"Skip":	false,
				"PointsY":	0,
				"PointGenerator":	{
					"$NodeId":	"MeshPointGenerator-536252a8-75c7-49b3-9240-7e901da372f0",
					"Type":	"Mesh",
					"Jitter":	0.5,
					"ScaleX":	16,
					"ScaleY":	16,
					"ScaleZ":	16,
					"Seed":	"B"
				}
			},
			"Assignments":	{
				"$NodeId":	"Imported.Assignments-f5bb4207-623c-44a5-9984-2a6e74a11814",
				"Type":	"Imported",
				"Name":	"Desert1_Stacks_Boulders"
			}
		}, {
			"$NodeId":	"Runtime-4a5115a2-184d-4226-a3ae-632750234e9d",
			"Skip":	false,
			"Runtime":	0,
			"Positions":	{
				"$NodeId":	"Mesh2DPositions-be8aed83-3b6e-4851-ae12-dffa794074b3",
				"Type":	"Mesh2D",
				"Skip":	false,
				"PointsY":	0,
				"PointGenerator":	{
					"$NodeId":	"MeshPointGenerator-aa8c73d7-5340-4cc6-a4db-9b11b62a075f",
					"Type":	"Mesh",
					"Jitter":	0.5,
					"ScaleX":	22,
					"ScaleY":	22,
					"ScaleZ":	22,
					"Seed":	"Iron"
				}
			},
			"Assignments":	{
				"$NodeId":	"Imported.Assignments-60a4b4cc-d980-4f9d-9ae0-fda4d842a398",
				"Type":	"Imported",
				"Name":	"Desert1_Iron"
			}
		}, {
			"$NodeId":	"Runtime-e104da82-7195-4a2f-aa46-0c7a8c26b4d7",
			"Skip":	false,
			"Runtime":	1,
			"Positions":	{
				"$NodeId":	"Mesh2DPositions-71bfa5e4-a987-43e5-b068-7ac649fe58db",
				"Type":	"Mesh2D",
				"Skip":	false,
				"PointsY":	0,
				"PointGenerator":	{
					"$NodeId":	"MeshPointGenerator-7cd3e827-fa7e-49b0-8eae-2901a34a743c",
					"Type":	"Mesh",
					"Jitter":	0.5,
					"ScaleX":	35,
					"ScaleY":	35,
					"ScaleZ":	35,
					"Seed":	"B"
				}
			},
			"Assignments":	{
				"$NodeId":	"Imported.Assignments-57c8e07b-211d-49ee-85fc-9c9485b1efe0",
				"Type":	"Imported",
				"Name":	"Desert1_Stacks_Trees"
			}
		}, {
			"$NodeId":	"Runtime-d7b886c3-a293-495e-abfb-e9dab17d4003",
			"Skip":	false,
			"Runtime":	0,
			"Positions":	{
				"$NodeId":	"ImportedPositions-6d276bfb-4a02-4aa0-ba17-07b2d1a99dbd",
				"Type":	"Imported",
				"Name":	"Desert1_Stacks_Positions",
				"Skip":	false
			},
			"Assignments":	{
				"$NodeId":	"Imported.Assignments-e8f1fc81-6812-4ee4-b52b-cae50eb63a02",
				"Type":	"Imported",
				"Name":	"Desert1_Stacks_Rubble"
			}
		}],
	"EnvironmentProvider":	{
		"$NodeId":	"Constant.EnvironmentProvider-18953a85-7225-4764-a7c0-9681631fe682",
		"Type":	"Constant",
		"Environment":	"Zone1_Plains"
	},
	"TintProvider":	{
		"$NodeId":	"Constant.TintProvider-ead39359-9184-41c4-8662-0f31886ba58f",
		"Type":	"Constant",
		"Color":	"#5b9e28"
	},
	"$NodeEditorMetadata":	{
		"$Nodes":	{
			"Biome-d01e5985-53a4-4d2e-8c60-3b2b3aef931f":	{
				"$Position":	{
					"$x":	-5006,
					"$y":	-4244
				},
				"$Title":	"[ROOT] Biome"
			},
			"Terrain-e6ad2118-2c50-4e4a-8fcd-659f107b340f":	{
				"$Position":	{
					"$x":	-4144,
					"$y":	-4900
				}
			},
			"MaxDensityNode-c8d96002-ccd4-442c-96ac-c3fdf017f240":	{
				"$Position":	{
					"$x":	-3881,
					"$y":	-4920
				}
			},
			"MultiplierDensityNode-3e1985ab-3516-4687-8652-a0af6b9114ef":	{
				"$Position":	{
					"$x":	-2970,
					"$y":	-7913
				}
			},
			"SmoothMinDensityNode-1710cdd9-bb1d-46ef-a22b-70f2f67cfab6":	{
				"$Position":	{
					"$x":	-2349,
					"$y":	-7929
				}
			},
			"SumDensityNode-5d1a033b-b787-4c40-803c-3ba7499db49b":	{
				"$Position":	{
					"$x":	-1562,
					"$y":	-12845
				}
			},
			"SimplexNoise2DDensityNode-b1c44ff4-a9be-4aa7-a231-bdd7c8c8307d":	{
				"$Position":	{
					"$x":	-909,
					"$y":	-13034
				}
			},
			"CurveMapper.Density-f95e42b5-cfd9-49d9-9cf9-0c3d200d7a71":	{
				"$Position":	{
					"$x":	-921,
					"$y":	-12695
				}
			},
			"ManualCurve-e82ac924-0f01-4378-a69c-f38f1871371a":	{
				"$Position":	{
					"$x":	-300,
					"$y":	-12459
				}
			},
			"CurvePoint-94ae0f49-8075-42a0-b5b6-e9bd7c5812d2":	{
				"$Position":	{
					"$x":	349,
					"$y":	-12600
				}
			},
			"CurvePoint-00cd0268-4f4d-439c-8aa7-026277836af7":	{
				"$Position":	{
					"$x":	354,
					"$y":	-12448
				}
			},
			"BaseHeight.Density-fc37d361-b4ca-49df-8cc9-9a943a2c1af4":	{
				"$Position":	{
					"$x":	-285,
					"$y":	-12704
				}
			},
			"Mix.Density-1fe0c935-29c7-4f86-b03c-e6ec09cb860d":	{
				"$Position":	{
					"$x":	-954,
					"$y":	-7555
				}
			},
			"ConstantDensityNode-445c32a8-2141-4ee1-acf8-9de61d34689e":	{
				"$Position":	{
					"$x":	-208,
					"$y":	-7892
				}
			},
			"SumDensityNode-233a902e-f57e-4730-99b4-9ce34c45cb31":	{
				"$Position":	{
					"$x":	984,
					"$y":	-7565
				}
			},
			"NormalizerDensityNode-15b9621f-ee3a-4fc1-865b-6d4a2de5a994":	{
				"$Position":	{
					"$x":	1767,
					"$y":	-11584
				}
			},
			"Exported.Density-7dfb451b-75ac-400c-9ad8-34603e502a6a":	{
				"$Position":	{
					"$x":	2391,
					"$y":	-11576
				}
			},
			"YOverride.Density-c35f43da-5c08-43a9-a884-c550e85d7eae":	{
				"$Position":	{
					"$x":	3057,
					"$y":	-11582
				}
			},
			"Cache.Density-dfa57c8b-202f-4790-aa2a-c5618445a2f0":	{
				"$Position":	{
					"$x":	3693,
					"$y":	-11585
				}
			},
			"PositionsCellNoiseDensityNode-038163aa-21d5-4160-8bff-5bc4f49b4ea6":	{
				"$Position":	{
					"$x":	4289,
					"$y":	-11589
				}
			},
			"FieldFunctionPositions-8fcb3385-ddb4-42b0-8258-eb8f24f192de":	{
				"$Position":	{
					"$x":	5014,
					"$y":	-11970
				}
			},
			"YOverride.Density-5d71dfdf-3082-4058-908c-ad3bea9fb277":	{
				"$Position":	{
					"$x":	5669,
					"$y":	-11747
				}
			},
			"Cache.Density-05fbe28e-e982-4563-a687-a732bc1952c6":	{
				"$Position":	{
					"$x":	6281,
					"$y":	-11747
				}
			},
			"CurveMapper.Density-effb8a4d-505c-452d-92cf-8604d1aca15f":	{
				"$Position":	{
					"$x":	6899,
					"$y":	-11745
				}
			},
			"ManualCurve-86788753-72d3-4870-8b00-676b3f7d57ec":	{
				"$Position":	{
					"$x":	7524,
					"$y":	-11586
				}
			},
			"CurvePoint-c29a35ab-1226-42d2-a77f-3a9b0b6e3c0a":	{
				"$Position":	{
					"$x":	8136,
					"$y":	-11585
				}
			},
			"CurvePoint-4d1d028a-9b37-4233-9d76-1f25959300a1":	{
				"$Position":	{
					"$x":	8132,
					"$y":	-11433
				}
			},
			"DistanceToBiomeEdge.Density-6effcbe7-036b-4605-8f49-9e0d0b91f698":	{
				"$Position":	{
					"$x":	7529,
					"$y":	-11750
				}
			},
			"Delimiter-b9b47d02-6547-44f2-b3a9-24c2dc10e60a":	{
				"$Position":	{
					"$x":	5666,
					"$y":	-11526
				}
			},
			"OccurrencePositions-4d2bf8ab-9621-45d0-9cc5-862cc5845678":	{
				"$Position":	{
					"$x":	5669,
					"$y":	-12379
				}
			},
			"NormalizerDensityNode-ca68b0ae-80bd-4a64-b159-dc3479818e10":	{
				"$Position":	{
					"$x":	6325,
					"$y":	-12105
				}
			},
			"SimplexNoise2DDensityNode-5978773a-2502-4a9a-8f4c-5e93a183eab4":	{
				"$Position":	{
					"$x":	6938,
					"$y":	-12105
				}
			},
			"Mesh2DPositions-14f4c9c4-4bd1-4377-89c8-feec7c8a06f6":	{
				"$Position":	{
					"$x":	6326,
					"$y":	-12380
				}
			},
			"MeshPointGenerator-44374f58-0490-4c03-87ab-b7ee937949eb":	{
				"$Position":	{
					"$x":	6977,
					"$y":	-12380
				}
			},
			"CurvePCNReturnType-6e6145e4-78ff-4605-a38c-375f6c2df78f":	{
				"$Position":	{
					"$x":	4986,
					"$y":	-11260
				}
			},
			"ManualCurve-ceab4dad-0c4b-47f9-aab6-44b7b3ba620f":	{
				"$Position":	{
					"$x":	5226,
					"$y":	-11249
				}
			},
			"CurvePoint-2c94f177-5123-4114-82f1-db7368adee2c":	{
				"$Position":	{
					"$x":	5836,
					"$y":	-11262
				}
			},
			"CurvePoint-83561baf-f57f-41d3-8c79-b9ef6028bfd3":	{
				"$Position":	{
					"$x":	5836,
					"$y":	-11106
				}
			},
			"CurvePoint-67ae3689-59a4-43e9-9f83-3cba38981c71":	{
				"$Position":	{
					"$x":	5836,
					"$y":	-10942
				}
			},
			"CurvePoint-fecd4585-adeb-4239-a325-1fe3fe19c373":	{
				"$Position":	{
					"$x":	5834,
					"$y":	-10777
				}
			},
			"PCNDistanceFunction-015ae9a4-67e0-4404-ba64-9d2017b9af0a":	{
				"$Position":	{
					"$x":	4983,
					"$y":	-11387
				}
			},
			"PowDensityNode-7fb71053-3091-4820-a40a-67f8ec64cabd":	{
				"$Position":	{
					"$x":	1834,
					"$y":	-9700
				}
			},
			"NormalizerDensityNode-0c6a6782-1fd6-497e-be69-f9d3e14f1230":	{
				"$Position":	{
					"$x":	2460,
					"$y":	-9701
				}
			},
			"Exported.Density-b68b76ac-57d1-4368-8a5f-77515d552d4b":	{
				"$Position":	{
					"$x":	3074,
					"$y":	-9702
				}
			},
			"Cache.Density-df90ab73-e5a1-47db-9254-a0cd3c71f1d1":	{
				"$Position":	{
					"$x":	3734,
					"$y":	-9704
				}
			},
			"Mix.Density-7183d95b-4a75-4d25-9f06-081b967e7701":	{
				"$Position":	{
					"$x":	4339,
					"$y":	-9706
				}
			},
			"ConstantDensityNode-85755d62-32c2-4bf9-a97a-0c404284ab68":	{
				"$Position":	{
					"$x":	4974,
					"$y":	-9960
				}
			},
			"AbsDensityNode-25afd968-bb6b-4c45-96ab-46d22d625432":	{
				"$Position":	{
					"$x":	4982,
					"$y":	-9673
				}
			},
			"SimplexNoise3DDensityNode-8d9b6d7a-eecd-49aa-ab7a-710d6f32a588":	{
				"$Position":	{
					"$x":	5584,
					"$y":	-9679
				}
			},
			"MinDensityNode-f73f970a-3896-488d-ba40-9ae0f340bef6":	{
				"$Position":	{
					"$x":	4959,
					"$y":	-9134
				}
			},
			"NormalizerDensityNode-06288412-1979-4210-b203-4a4a4d42de67":	{
				"$Position":	{
					"$x":	5580,
					"$y":	-9134
				}
			},
			"ImportedDensityNode-99ba45ad-63ea-42a1-b745-94a6ddde7363":	{
				"$Position":	{
					"$x":	6198,
					"$y":	-9136
				}
			},
			"CurveMapper.Density-70d4700d-5900-4552-b40b-322d0b3323fc":	{
				"$Position":	{
					"$x":	5569,
					"$y":	-8788
				}
			},
			"ManualCurve-c803bbc7-2b89-40f2-91a7-0d81db3d3e48":	{
				"$Position":	{
					"$x":	6184,
					"$y":	-8553
				}
			},
			"CurvePoint-5949e68e-f0ff-46a0-933a-462dbc8b621c":	{
				"$Position":	{
					"$x":	6809,
					"$y":	-8764
				}
			},
			"CurvePoint-5dbb0a21-1870-4a13-8e68-2999e5ea05b0":	{
				"$Position":	{
					"$x":	6810,
					"$y":	-8600
				}
			},
			"CurvePoint-f87cd26d-e65d-489e-addd-176e77e86b4d":	{
				"$Position":	{
					"$x":	6810,
					"$y":	-8431
				}
			},
			"CurvePoint-6674e50b-7ff9-478b-9179-069c17bbe20e":	{
				"$Position":	{
					"$x":	6810,
					"$y":	-8258
				}
			},
			"BaseHeight.Density-8212f14a-04ea-43ee-b8df-11104aab484d":	{
				"$Position":	{
					"$x":	6182,
					"$y":	-8790
				}
			},
			"PowDensityNode-be9d1ab4-60f2-44ef-beb1-0896fbfa6340":	{
				"$Position":	{
					"$x":	1630,
					"$y":	-7513
				}
			},
			"NormalizerDensityNode-a73969ad-47dc-4b88-9663-1d37f4d29dff":	{
				"$Position":	{
					"$x":	2236,
					"$y":	-7511
				}
			},
			"SimplexNoise3DDensityNode-e6e7fc44-96bf-461b-92c6-93ab4f2e542e":	{
				"$Position":	{
					"$x":	2844,
					"$y":	-7520
				}
			},
			"CurveMapper.Density-0817a9f2-b032-4727-bd06-f5058eb7e023":	{
				"$Position":	{
					"$x":	1634,
					"$y":	-7131
				}
			},
			"ManualCurve-898f5d24-095a-4a59-a052-cd4e128573e5":	{
				"$Position":	{
					"$x":	2255,
					"$y":	-6895
				}
			},
			"CurvePoint-8879ce4c-bba0-46cc-b857-5c4be0a3b56e":	{
				"$Position":	{
					"$x":	2907,
					"$y":	-7037
				}
			},
			"CurvePoint-548b1d2c-16d1-4778-991d-741e152a74b1":	{
				"$Position":	{
					"$x":	2914,
					"$y":	-6879
				}
			},
			"BaseHeight.Density-4290aaa8-8957-465f-a8ac-c1691a5d143e":	{
				"$Position":	{
					"$x":	2272,
					"$y":	-7141
				}
			},
			"MinDensityNode-0216f80c-bdb1-49fd-9941-4863b21ca826":	{
				"$Position":	{
					"$x":	-221,
					"$y":	-7265
				}
			},
			"NormalizerDensityNode-4b1d32ac-60b9-42b3-9c4d-a33e307e4b87":	{
				"$Position":	{
					"$x":	403,
					"$y":	-7264
				}
			},
			"ImportedDensityNode-2360979d-0335-4e6f-946f-e4442274a661":	{
				"$Position":	{
					"$x":	1021,
					"$y":	-7268
				}
			},
			"CurveMapper.Density-01f24676-939e-47ea-8876-2370ec2a6171":	{
				"$Position":	{
					"$x":	388,
					"$y":	-6919
				}
			},
			"ManualCurve-de72e0b8-c7de-49f2-8b6c-ca4fbdd80015":	{
				"$Position":	{
					"$x":	1037,
					"$y":	-6681
				}
			},
			"CurvePoint-8a791d2c-09d5-4fbe-acb1-6bfe14d65412":	{
				"$Position":	{
					"$x":	1662,
					"$y":	-6892
				}
			},
			"CurvePoint-7f68bf1a-c75c-4392-affc-39d1b08500d3":	{
				"$Position":	{
					"$x":	1663,
					"$y":	-6728
				}
			},
			"CurvePoint-aa06201e-6ab8-4e67-86b7-7b7928c96e39":	{
				"$Position":	{
					"$x":	1663,
					"$y":	-6559
				}
			},
			"CurvePoint-b52ec929-0cd2-4de4-8d49-0c20a7ba905e":	{
				"$Position":	{
					"$x":	1672,
					"$y":	-6393
				}
			},
			"BaseHeight.Density-0936263c-e8a1-404a-9457-c04d7d6083b5":	{
				"$Position":	{
					"$x":	1035,
					"$y":	-6918
				}
			},
			"ConstantDensityNode-4d135ddb-6e5c-4103-8027-f43f67d7c99c":	{
				"$Position":	{
					"$x":	-2370,
					"$y":	-7708
				}
			},
			"MinDensityNode-34a61008-9584-4d71-a7fe-b31a171607e5":	{
				"$Position":	{
					"$x":	-2867,
					"$y":	-4892
				}
			},
			"Exported.Density-0090329f-ab77-46ae-b001-e895c64f055d":	{
				"$Position":	{
					"$x":	-1640,
					"$y":	-4896
				}
			},
			"Cache.Density-85fb0486-daff-4dc9-b315-5e5bdfe70144":	{
				"$Position":	{
					"$x":	-973,
					"$y":	-4897
				}
			},
			"SumDensityNode-3eb371a1-436e-48cb-b915-3e6696f96233":	{
				"$Position":	{
					"$x":	-357,
					"$y":	-4899
				}
			},
			"NormalizerDensityNode-6a39ff9b-d35f-4e3a-9d57-e426c30131dc":	{
				"$Position":	{
					"$x":	298,
					"$y":	-5449
				}
			},
			"SimplexNoise2DDensityNode-4b9bcbc3-6d61-4a85-82e5-c9a6483fa285":	{
				"$Position":	{
					"$x":	910,
					"$y":	-5448
				}
			},
			"NormalizerDensityNode-f2d28bb1-4a70-4932-9042-0fd848336bc2":	{
				"$Position":	{
					"$x":	281,
					"$y":	-5125
				}
			},
			"InverterDensityNode-62824a5e-2a70-4856-a1a0-e03cbd8195db":	{
				"$Position":	{
					"$x":	897,
					"$y":	-5127
				}
			},
			"PowDensityNode-65d126e7-e639-4bba-974b-77180a212149":	{
				"$Position":	{
					"$x":	1602,
					"$y":	-5128
				}
			},
			"AbsDensityNode-585deba1-f7dc-4dce-afc2-e1f14e5ffad6":	{
				"$Position":	{
					"$x":	2236,
					"$y":	-5128
				}
			},
			"SimplexNoise2DDensityNode-724922ba-fb90-42ec-bb8f-092974b289a0":	{
				"$Position":	{
					"$x":	2833,
					"$y":	-5129
				}
			},
			"CurveMapper.Density-ed459400-4d47-4e63-a745-de895cdefb4e":	{
				"$Position":	{
					"$x":	281,
					"$y":	-4748
				}
			},
			"ManualCurve-7adaf697-1a24-499f-82fb-ac6fae1ceba3":	{
				"$Position":	{
					"$x":	902,
					"$y":	-4512
				}
			},
			"CurvePoint-61d7df94-16fa-4ee8-9cd2-5ef20c00bdea":	{
				"$Position":	{
					"$x":	1554,
					"$y":	-4654
				}
			},
			"CurvePoint-41f93505-261c-492d-92b7-13f7808352d0":	{
				"$Position":	{
					"$x":	1561,
					"$y":	-4502
				}
			},
			"BaseHeight.Density-0762749d-e32e-4fcc-afca-242ca7715926":	{
				"$Position":	{
					"$x":	919,
					"$y":	-4758
				}
			},
			"ImportedDensityNode-2ca28870-1694-4256-94be-85dc60728f8d":	{
				"$Position":	{
					"$x":	-2220,
					"$y":	-4667
				}
			},
			"SolidityMaterialProvider-f9bc3eac-12a0-464a-a5ee-36bf9369faf5":	{
				"$Position":	{
					"$x":	-4150,
					"$y":	-2525
				}
			},
			"QueueMaterialProvider-5281712c-ea15-41d2-8d63-1ceea5e436db":	{
				"$Position":	{
					"$x":	-3489,
					"$y":	-2616
				}
			},
			"SimpleHorizontalMaterialProvider-23e5f9e4-eca9-463e-b8a7-f29fe219639a":	{
				"$Position":	{
					"$x":	-2819,
					"$y":	-2933
				}
			},
			"SpaceAndDepthMaterialProvider-8dc8ef25-46b8-4ec2-a4f3-f2839c92e92e":	{
				"$Position":	{
					"$x":	-2181,
					"$y":	-2926
				}
			},
			"GreaterThanConditionSADMP-faeda97b-ca16-4e45-bb58-3535088f9beb":	{
				"$Position":	{
					"$x":	-1551,
					"$y":	-3007
				}
			},
			"ConstantThicknessLayerSADMP-3c9e4bfb-e2fe-4c96-97c3-f0060fd10a4d":	{
				"$Position":	{
					"$x":	-1553,
					"$y":	-2838
				}
			},
			"FieldFunctionMaterialProvider-a6e23ad5-8ca5-4fd0-81b4-2c36f94e9c14":	{
				"$Position":	{
					"$x":	-1128,
					"$y":	-2838
				}
			},
			"ImportedDensityNode-ef7c5382-e76b-4c0c-b327-95611b87534c":	{
				"$Position":	{
					"$x":	-463,
					"$y":	-2862
				}
			},
			"DelimiterFieldFunctionMP-900478b6-5212-4314-b10c-a29bf6e3075d":	{
				"$Position":	{
					"$x":	-461,
					"$y":	-2689
				}
			},
			"QueueMaterialProvider-9f4e6e53-6645-4d2a-b9a7-6bd298865fda":	{
				"$Position":	{
					"$x":	-37,
					"$y":	-2687
				}
			},
			"FieldFunctionMaterialProvider-80178373-5e46-4f83-a4a7-6d36c64ec3e7":	{
				"$Position":	{
					"$x":	644,
					"$y":	-3367
				}
			},
			"SumDensityNode-e04519f3-40ec-4401-a75d-9765c24c82d9":	{
				"$Position":	{
					"$x":	1347,
					"$y":	-3754
				}
			},
			"NormalizerDensityNode-3ad490ee-2676-427b-a7ca-ddf9c6d5501f":	{
				"$Position":	{
					"$x":	1984,
					"$y":	-4061
				}
			},
			"SimplexNoise2DDensityNode-a78f9cf6-f00f-4ac8-a686-7baf12777019":	{
				"$Position":	{
					"$x":	2588,
					"$y":	-4055
				}
			},
			"NormalizerDensityNode-c6ec0390-3cbb-4c21-a015-86a59ed464cc":	{
				"$Position":	{
					"$x":	1976,
					"$y":	-3692
				}
			},
			"ImportedDensityNode-da709b67-704b-40ea-848f-be0880268ff6":	{
				"$Position":	{
					"$x":	2575,
					"$y":	-3689
				}
			},
			"DelimiterFieldFunctionMP-0e4cbde3-72b9-4437-b654-9c50b0aae747":	{
				"$Position":	{
					"$x":	1318,
					"$y":	-3352
				}
			},
			"ConstantMaterialProvider-ca7968f8-2126-40fa-8fe3-ce0e965df385":	{
				"$Position":	{
					"$x":	1739,
					"$y":	-3352
				}
			},
			"Material-3ddf4498-d99f-4dfb-bd04-a909703dff0a":	{
				"$Position":	{
					"$x":	2358,
					"$y":	-3346
				}
			},
			"ConstantMaterialProvider-84ee6b4e-33aa-451b-b374-7e0cb7492f29":	{
				"$Position":	{
					"$x":	609,
					"$y":	-2574
				}
			},
			"Material-38d38e30-6e89-4f9d-9684-dd022470c80a":	{
				"$Position":	{
					"$x":	1228,
					"$y":	-2568
				}
			},
			"SimpleHorizontalMaterialProvider-fa3a8328-4fce-40dc-aad9-6443064a7ab6":	{
				"$Position":	{
					"$x":	-2835,
					"$y":	-2054
				}
			},
			"FieldFunctionMaterialProvider-ee683b9c-0b46-4426-be9c-fc73e066d385":	{
				"$Position":	{
					"$x":	-2212,
					"$y":	-2057
				}
			},
			"ImportedDensityNode-7627343c-c720-4641-a781-89c8f92c95c2":	{
				"$Position":	{
					"$x":	-1542,
					"$y":	-2107
				}
			},
			"DelimiterFieldFunctionMP-999077eb-0d8d-427f-ba0e-142746b85ebf":	{
				"$Position":	{
					"$x":	-1533,
					"$y":	-1918
				}
			},
			"ConstantMaterialProvider-2307b356-673a-46b4-a743-4d574c9bfc5d":	{
				"$Position":	{
					"$x":	-1097,
					"$y":	-1913
				}
			},
			"Material-e6de3ea7-8fdb-493b-9024-09874051bd64":	{
				"$Position":	{
					"$x":	-483,
					"$y":	-1907
				}
			},
			"ConstantMaterialProvider-4a3d54b1-6cb2-4dff-894d-fe66f18b369b":	{
				"$Position":	{
					"$x":	-2838,
					"$y":	-1465
				}
			},
			"Material-9c5bb0b2-bc89-42af-b928-69ad605662a2":	{
				"$Position":	{
					"$x":	-2196,
					"$y":	-1463
				}
			},
			"QueueMaterialProvider-7df2ebdd-234d-433a-91de-d63d8a4e96b6":	{
				"$Position":	{
					"$x":	-3457,
					"$y":	-897
				}
			},
			"ConstantMaterialProvider-78b93802-9c8c-42bd-a308-001c7e571063":	{
				"$Position":	{
					"$x":	-2797,
					"$y":	-883
				}
			},
			"Material-43d8316e-5c97-4107-a33f-a50aa1db5032":	{
				"$Position":	{
					"$x":	-2136,
					"$y":	-878
				}
			},
			"Runtime-d879ff36-db2f-4986-b97f-1d9f8e4d5716":	{
				"$Position":	{
					"$x":	-2168,
					"$y":	410
				}
			},
			"Mesh2DPositions-068b449e-5e7d-465d-ada5-c89bb26cfa3a":	{
				"$Position":	{
					"$x":	-1607,
					"$y":	410
				}
			},
			"MeshPointGenerator-70b44d3e-e6da-4a21-8f1e-10a0f87420a1":	{
				"$Position":	{
					"$x":	-931,
					"$y":	404
				}
			},
			"Imported.Assignments-0b58b225-385f-40dc-acd5-fccbcf330f69":	{
				"$Position":	{
					"$x":	-1600,
					"$y":	641
				}
			},
			"Runtime-339fba8b-73e7-401f-8451-c0032aace6c5":	{
				"$Position":	{
					"$x":	-4001,
					"$y":	462
				}
			},
			"Mesh2DPositions-85014a20-0365-41ec-a2d4-db184d278151":	{
				"$Position":	{
					"$x":	-3422,
					"$y":	428
				}
			},
			"MeshPointGenerator-536252a8-75c7-49b3-9240-7e901da372f0":	{
				"$Position":	{
					"$x":	-2746,
					"$y":	422
				}
			},
			"Imported.Assignments-f5bb4207-623c-44a5-9984-2a6e74a11814":	{
				"$Position":	{
					"$x":	-3444,
					"$y":	640
				}
			},
			"Runtime-4a5115a2-184d-4226-a3ae-632750234e9d":	{
				"$Position":	{
					"$x":	-2152,
					"$y":	1120
				}
			},
			"Mesh2DPositions-be8aed83-3b6e-4851-ae12-dffa794074b3":	{
				"$Position":	{
					"$x":	-1591,
					"$y":	1120
				}
			},
			"MeshPointGenerator-aa8c73d7-5340-4cc6-a4db-9b11b62a075f":	{
				"$Position":	{
					"$x":	-915,
					"$y":	1114
				}
			},
			"Imported.Assignments-60a4b4cc-d980-4f9d-9ae0-fda4d842a398":	{
				"$Position":	{
					"$x":	-1584,
					"$y":	1351
				}
			},
			"Runtime-e104da82-7195-4a2f-aa46-0c7a8c26b4d7":	{
				"$Position":	{
					"$x":	-3990,
					"$y":	1157
				}
			},
			"Mesh2DPositions-71bfa5e4-a987-43e5-b068-7ac649fe58db":	{
				"$Position":	{
					"$x":	-3411,
					"$y":	1123
				}
			},
			"MeshPointGenerator-7cd3e827-fa7e-49b0-8eae-2901a34a743c":	{
				"$Position":	{
					"$x":	-2735,
					"$y":	1117
				}
			},
			"Imported.Assignments-57c8e07b-211d-49ee-85fc-9c9485b1efe0":	{
				"$Position":	{
					"$x":	-3433,
					"$y":	1335
				}
			},
			"Runtime-d7b886c3-a293-495e-abfb-e9dab17d4003":	{
				"$Position":	{
					"$x":	-3985,
					"$y":	1872
				}
			},
			"ImportedPositions-6d276bfb-4a02-4aa0-ba17-07b2d1a99dbd":	{
				"$Position":	{
					"$x":	-3424,
					"$y":	1807
				}
			},
			"Imported.Assignments-e8f1fc81-6812-4ee4-b52b-cae50eb63a02":	{
				"$Position":	{
					"$x":	-3428,
					"$y":	2050
				}
			},
			"Constant.EnvironmentProvider-18953a85-7225-4764-a7c0-9681631fe682":	{
				"$Position":	{
					"$x":	-5329,
					"$y":	-2899
				}
			},
			"Constant.TintProvider-ead39359-9184-41c4-8662-0f31886ba58f":	{
				"$Position":	{
					"$x":	-5322,
					"$y":	-2687
				}
			}
		},
		"$FloatingNodes":	[],
		"$Links":	{
		},
		"$Groups":	[{
				"$Position":	{
					"$x":	-1678.25,
					"$y":	-5588.875
				},
				"$width":	5130.625,
				"$height":	1329.375,
				"$name":	"Base"
			}, {
				"$Position":	{
					"$x":	-1005.375,
					"$y":	-7980.9375
				},
				"$width":	4528,
				"$height":	1848.9375,
				"$name":	"Rocks"
			}, {
				"$Position":	{
					"$x":	-1689.5,
					"$y":	-13147.0625
				},
				"$width":	2587.9375,
				"$height":	1009,
				"$name":	"Tops"
			}, {
				"$Position":	{
					"$x":	1693.375,
					"$y":	-10202.1875
				},
				"$width":	5699.6875,
				"$height":	2207.9375,
				"$name":	"Texture"
			}, {
				"$Position":	{
					"$x":	1709.0625,
					"$y":	-12522.375
				},
				"$width":	6920.4375,
				"$height":	2001.8125,
				"$name":	"Pillars"
			}, {
				"$Position":	{
					"$x":	-2881.8125,
					"$y":	-3115.3125
				},
				"$width":	4785.3125,
				"$height":	729.25,
				"$name":	"Soils"
			}, {
				"$Position":	{
					"$x":	-2872.4375,
					"$y":	-2205.5
				},
				"$width":	3122.8125,
				"$height":	553.25,
				"$name":	"Boulder Clay"
			}, {
				"$Position":	{
					"$x":	615.1875,
					"$y":	-4154.75
				},
				"$width":	2608.375,
				"$height":	1011.1875,
				"$name":	"Gravel"
			}, {
				"$Position":	{
					"$x":	-2214.5,
					"$y":	293.0625
				},
				"$width":	1706.875,
				"$height":	503.4375,
				"$name":	"Thorium"
			}, {
				"$Position":	{
					"$x":	-4021.4375,
					"$y":	1705.3125
				},
				"$width":	1219.5625,
				"$height":	509,
				"$name":	"Rubble"
			}, {
				"$Position":	{
					"$x":	-4037.5,
					"$y":	294.9375
				},
				"$width":	1699.6875,
				"$height":	509,
				"$name":	"Boulders"
			}, {
				"$Position":	{
					"$x":	-4026.6875,
					"$y":	990.125
				},
				"$width":	1699.6875,
				"$height":	509,
				"$name":	"Trees"
			}, {
				"$Position":	{
					"$x":	-2197.9375,
					"$y":	1003.125
				},
				"$width":	1706.875,
				"$height":	466.375,
				"$name":	"Iron"
			}],
		"$Comments":	[],
		"$WorkspaceID":	"HytaleGenerator - Biome"
	}
}